Season,WeekNum,Week,Game_ID,Away,Home,Kickoff_UTC,NeutralSite,Provider,Spread_Home,Spread_Detail,Over_Under,Away_ML,Home_ML,Away_Win_Prob,Home_Win_Prob,Open_Spread_Home,Open_Away_ML,Open_Home_ML,ESPN_Home_Win_Prob,ESPN_Matchup_Quality,Fetched_At_UTC
2026,1,Week 1,401872656,New England Patriots,Seattle Seahawks,2026-09-10T00:20Z,False,DraftKings,-3.0,SEA -3,44.5,142,-170,0.3962430290578221,0.6037569709421778,-3.5,160.0,-192.0,61.112,75.769,2026-09-08T13:55:38Z
2026,1,Week 1,401872657,San Francisco 49ers,Los Angeles Rams,2026-09-11T00:35Z,True,DraftKings,-3.5,LAR -3.5,48.5,160,-192,0.3690596562184025,0.6309403437815976,-2.5,130.0,-155.0,60.509,86.943,2026-09-08T13:55:38Z
2026,1,Week 1,401872925,Tampa Bay Buccaneers,Cincinnati Bengals,2026-09-13T17:00Z,False,DraftKings,-3.5,CIN -3.5,50.5,170,-205,0.35527082119976705,0.644729178800233,-3.5,164.0,-198.0,61.647,59.111,2026-09-08T13:55:38Z
2026,1,Week 1,401872923,New Orleans Saints,Detroit Lions,2026-09-13T17:00Z,False,DraftKings,-7.0,DET -7,49.5,245,-305,0.27792074112197634,0.7220792588780237,-7.0,260.0,-325.0,71.88799999999999,49.015,2026-09-08T13:55:38Z
2026,1,Week 1,401872924,New York Jets,Tennessee Titans,2026-09-13T17:00Z,False,DraftKings,-1.5,TEN -1.5,39.5,105,-125,0.4675324675324675,0.5324675324675325,-3.0,142.0,-170.0,57.56400000000001,10.26,2026-09-08T13:55:38Z
2026,1,Week 1,401872659,Baltimore Ravens,Indianapolis Colts,2026-09-13T17:00Z,False,DraftKings,3.5,BAL -3.5,47.5,-175,145,0.6092362344582594,0.39076376554174075,3.5,-185.0,154.0,40.637,64.975,2026-09-08T13:55:38Z
2026,1,Week 1,401872658,Atlanta Falcons,Pittsburgh Steelers,2026-09-13T17:00Z,False,DraftKings,-3.0,PIT -3,42.5,145,-175,0.39076376554174075,0.6092362344582594,-3.0,145.0,-175.0,58.903000000000006,37.065,2026-09-08T13:55:38Z
2026,1,Week 1,401872661,Chicago Bears,Carolina Panthers,2026-09-13T17:00Z,False,DraftKings,3.0,CHI -3,47.5,-155,130,0.5829926410466066,0.4170073589533933,2.5,-135.0,114.0,40.039,41.672,2026-09-08T13:55:38Z
2026,1,Week 1,401872922,Cleveland Browns,Jacksonville Jaguars,2026-09-13T17:00Z,False,DraftKings,-8.5,JAX -8.5,40.5,340,-440,0.21809369951534735,0.7819063004846527,-7.0,230.0,-285.0,77.31,35.718,2026-09-08T13:55:38Z
2026,1,Week 1,401872660,Buffalo Bills,Houston Texans,2026-09-13T17:00Z,False,DraftKings,1.5,BUF -1.5,44.5,-115,-105,0.5108342361863488,0.4891657638136511,1.5,-112.0,-108.0,46.148,80.199,2026-09-08T13:55:38Z
2026,1,Week 1,401872928,Miami Dolphins,Las Vegas Raiders,2026-09-13T20:25Z,False,DraftKings,-3.5,LV -3.5,41.5,154,-185,0.3775334481388264,0.6224665518611737,-3.0,150.0,-180.0,59.84,5.854,2026-09-08T13:55:38Z
2026,1,Week 1,401872927,Green Bay Packers,Minnesota Vikings,2026-09-13T20:25Z,False,DraftKings,-1.5,MIN -1.5,46.5,105,-125,0.4675324675324675,0.5324675324675325,1.5,-125.0,105.0,43.094,61.478,2026-09-08T13:55:38Z
2026,1,Week 1,401872929,Washington Commanders,Philadelphia Eagles,2026-09-13T20:25Z,False,DraftKings,-5.5,PHI -5.5,44.5,180,-218,0.34252477380439467,0.6574752261956054,-5.5,195.0,-238.0,66.46600000000001,53.126,2026-09-08T13:55:38Z
2026,1,Week 1,401872926,Arizona Cardinals,Los Angeles Chargers,2026-09-13T20:25Z,False,DraftKings,-10.0,LAC -10,47.5,380,-500,0.19999999999999998,0.7999999999999999,-11.5,470.0,-625.0,80.78999999999999,42.754,2026-09-08T13:55:38Z
2026,1,Week 1,401872930,Dallas Cowboys,New York Giants,2026-09-14T00:20Z,False,DraftKings,3.0,DAL -3,48.5,-162,136,0.593369754159424,0.4066302458405761,2.5,-130.0,110.0,42.43,51.292,2026-09-08T13:55:38Z
2026,1,Week 1,401872931,Denver Broncos,Kansas City Chiefs,2026-09-15T00:15Z,False,DraftKings,-3.0,KC -3,43.5,124,-148,0.42794036443953615,0.5720596355604638,-2.5,130.0,-155.0,58.501000000000005,71.663,2026-09-08T13:55:38Z
2026,2,Week 2,401872932,Detroit Lions,Buffalo Bills,2026-09-18T00:15Z,False,DraftKings,-3.0,BUF -3,52.5,136,-162,0.4066302458405761,0.593369754159424,-3.0,136.0,-162.0,59.605,83.2,2026-09-08T13:55:38Z
2026,2,Week 2,401872933,Carolina Panthers,Atlanta Falcons,2026-09-20T17:00Z,False,DraftKings,-1.5,ATL -1.5,44.5,105,-125,0.4675324675324675,0.5324675324675325,-1.5,100.0,-120.0,58.379000000000005,23.702,2026-09-08T13:55:38Z
2026,2,Week 2,401872937,Minnesota Vikings,Chicago Bears,2026-09-20T17:00Z,False,DraftKings,-3.5,CHI -3.5,45.5,160,-192,0.3690596562184025,0.6309403437815976,-3.5,154.0,-185.0,58.857000000000006,52.464,2026-09-08T13:55:38Z
2026,2,Week 2,401872939,Philadelphia Eagles,Tennessee Titans,2026-09-20T17:00Z,False,DraftKings,4.5,PHI -4.5,42.5,-218,180,0.6574752261956054,0.34252477380439467,4.5,-218.0,180.0,32.439,42.419,2026-09-08T13:55:38Z
2026,2,Week 2,401872946,Pittsburgh Steelers,New England Patriots,2026-09-20T17:00Z,False,DraftKings,-4.5,NE -4.5,43.5,180,-218,0.34252477380439467,0.6574752261956054,-4.5,185.0,-225.0,62.982000000000006,56.332,2026-09-08T13:55:38Z
2026,2,Week 2,401872936,Green Bay Packers,New York Jets,2026-09-20T17:00Z,False,DraftKings,5.5,GB -5.5,42.5,-245,200,0.6805555555555556,0.3194444444444444,6.5,-285.0,230.0,28.603,42.873,2026-09-08T13:55:38Z
2026,2,Week 2,401872935,Cleveland Browns,Tampa Bay Buccaneers,2026-09-20T17:00Z,False,DraftKings,-6.5,TB -6.5,42.5,225,-278,0.2949668357393679,0.705033164260632,-5.5,200.0,-245.0,71.505,28.751,2026-09-08T13:55:38Z
2026,2,Week 2,401872938,New Orleans Saints,Baltimore Ravens,2026-09-20T17:00Z,False,DraftKings,-7.5,BAL -7.5,46.5,280,-355,0.2522172949002217,0.7477827050997783,-7.5,300.0,-380.0,75.96300000000001,51.446,2026-09-08T13:55:38Z
2026,2,Week 2,401872934,Cincinnati Bengals,Houston Texans,2026-09-20T17:00Z,False,DraftKings,-2.5,HOU -2.5,46.5,114,-135,0.448558885283451,0.551441114716549,-2.5,114.0,-135.0,54.48499999999999,70.118,2026-09-08T13:55:38Z
2026,2,Week 2,401872940,Jacksonville Jaguars,Denver Broncos,2026-09-20T20:05Z,False,DraftKings,-3.0,DEN -3,43.5,130,-155,0.4170073589533933,0.5829926410466066,-2.5,120.0,-142.0,55.469,64.861,2026-09-08T13:55:38Z
2026,2,Week 2,401872941,Las Vegas Raiders,Los Angeles Chargers,2026-09-20T20:05Z,False,DraftKings,-8.5,LAC -8.5,42.5,285,-360,0.2491874322860238,0.7508125677139762,-8.5,330.0,-425.0,80.268,44.033,2026-09-08T13:55:38Z
2026,2,Week 2,401872944,Washington Commanders,Dallas Cowboys,2026-09-20T20:25Z,False,DraftKings,-4.5,DAL -4.5,51.5,170,-205,0.35527082119976705,0.644729178800233,-4.5,170.0,-205.0,66.826,54.05,2026-09-08T13:55:38Z
2026,2,Week 2,401872943,Seattle Seahawks,Arizona Cardinals,2026-09-20T20:25Z,False,DraftKings,10.0,SEA -10,44.5,-550,410,0.8118668596237336,0.18813314037626627,10.0,-500.0,380.0,24.807000000000002,45.44,2026-09-08T13:55:38Z
2026,2,Week 2,401872942,Miami Dolphins,San Francisco 49ers,2026-09-20T20:25Z,False,DraftKings,-10.5,SF -10.5,46.5,490,-675,0.16290068313189698,0.8370993168681029,-10.5,425.0,-575.0,82.402,41.595,2026-09-08T13:55:38Z
2026,2,Week 2,401872945,Indianapolis Colts,Kansas City Chiefs,2026-09-21T00:20Z,False,DraftKings,-6.5,KC -6.5,47.5,260,-325,0.26645768025078376,0.7335423197492164,-5.5,205.0,-250.0,64.748,62.764,2026-09-08T13:55:38Z
2026,2,Week 2,401872947,New York Giants,Los Angeles Rams,2026-09-22T00:15Z,False,DraftKings,-8.5,LAR -8.5,48.5,300,-380,0.24000000000000005,0.7600000000000001,-8.5,295.0,-375.0,78.78699999999999,66.881,2026-09-08T13:55:38Z
2026,3,Week 3,401872948,Atlanta Falcons,Green Bay Packers,2026-09-25T00:15Z,False,DraftKings,-7.5,GB -7.5,46.5,295,-375,0.2428115015974441,0.7571884984025559,-7.5,285.0,-360.0,69.67999999999999,54.68,2026-09-08T13:55:38Z
2026,3,Week 3,401872953,Los Angeles Chargers,Buffalo Bills,2026-09-27T17:00Z,False,DraftKings,-3.0,BUF -3,48.5,136,-162,0.4066302458405761,0.593369754159424,-2.5,120.0,-142.0,60.402,84.878,2026-09-08T13:55:38Z
2026,3,Week 3,401872949,Carolina Panthers,Cleveland Browns,2026-09-27T17:00Z,False,DraftKings,1.5,CAR -1.5,39.5,-122,102,0.5260865852617197,0.4739134147382802,1.5,-120.0,100.0,46.117000000000004,12.524,2026-09-08T13:55:38Z
2026,3,Week 3,401872954,New York Jets,Detroit Lions,2026-09-27T17:00Z,False,DraftKings,-9.5,DET -9.5,45.5,320,-410,0.22849462365591394,0.771505376344086,-9.5,340.0,-440.0,79.08800000000001,43.66,2026-09-08T13:55:38Z
2026,3,Week 3,401872951,Houston Texans,Indianapolis Colts,2026-09-27T17:00Z,False,DraftKings,1.5,HOU -1.5,45.5,-122,102,0.5260865852617197,0.4739134147382802,1.5,-130.0,110.0,47.535,54.786,2026-09-08T13:55:38Z
2026,3,Week 3,401872952,Kansas City Chiefs,Miami Dolphins,2026-09-27T17:00Z,False,DraftKings,7.5,KC -7.5,44.5,-440,340,0.7819063004846527,0.21809369951534735,7.0,-340.0,270.0,24.974,38.914,2026-09-08T13:55:38Z
2026,3,Week 3,401872956,Tennessee Titans,New York Giants,2026-09-27T17:00Z,False,DraftKings,-3.0,NYG -3,44.5,140,-166,0.4003612281757977,0.5996387718242023,-3.0,145.0,-175.0,62.272000000000006,22.783,2026-09-08T13:55:38Z
2026,3,Week 3,401872950,Cincinnati Bengals,Pittsburgh Steelers,2026-09-27T17:00Z,False,DraftKings,1.5,CIN -1.5,46.5,-125,105,0.5324675324675325,0.4675324675324675,1.5,-115.0,-105.0,45.139,55.319,2026-09-08T13:55:38Z
2026,3,Week 3,401872955,Seattle Seahawks,Washington Commanders,2026-09-27T17:00Z,False,DraftKings,3.5,SEA -3.5,46.5,-192,160,0.6309403437815976,0.3690596562184025,3.5,-198.0,164.0,37.552,60.029,2026-09-08T13:55:38Z
2026,3,Week 3,401872957,New England Patriots,Jacksonville Jaguars,2026-09-27T17:00Z,False,DraftKings,-1.5,JAX -1.5,45.5,-102,-118,0.4826358742837298,0.5173641257162701,-1.5,-102.0,-118.0,54.945,65.737,2026-09-08T13:55:38Z
2026,3,Week 3,401872958,Arizona Cardinals,San Francisco 49ers,2026-09-27T20:05Z,False,DraftKings,-11.5,SF -11.5,46.5,470,-650,0.16835016835016833,0.8316498316498315,-11.5,470.0,-650.0,80.501,42.457,2026-09-08T13:55:38Z
2026,3,Week 3,401872959,Minnesota Vikings,Tampa Bay Buccaneers,2026-09-27T20:05Z,False,DraftKings,,,44.5,105,-125,0.4675324675324675,0.5324675324675325,,105.0,-125.0,55.794,48.807,2026-09-08T13:55:38Z
2026,3,Week 3,401872960,Baltimore Ravens,Dallas Cowboys,2026-09-27T20:25Z,True,DraftKings,2.5,BAL -2.5,51.5,-135,114,0.551441114716549,0.448558885283451,2.5,-135.0,114.0,43.869,77.948,2026-09-08T13:55:38Z
2026,3,Week 3,401872961,Las Vegas Raiders,New Orleans Saints,2026-09-27T20:25Z,False,DraftKings,-3.5,NO -3.5,42.5,154,-185,0.3775334481388264,0.6224665518611737,-3.0,140.0,-166.0,61.70099999999999,15.005,2026-09-08T13:55:38Z
2026,3,Week 3,401872962,Los Angeles Rams,Denver Broncos,2026-09-28T00:20Z,False,DraftKings,3.0,LAR -3,45.5,-155,130,0.5829926410466066,0.4170073589533933,2.5,-142.0,120.0,38.527,81.228,2026-09-08T13:55:38Z
2026,3,Week 3,401872963,Philadelphia Eagles,Chicago Bears,2026-09-29T00:15Z,False,DraftKings,-1.5,CHI -1.5,46.5,-102,-118,0.4826358742837298,0.5173641257162701,-1.5,-102.0,-118.0,49.664,65.551,2026-09-08T13:55:38Z
2026,4,Week 4,401872964,Pittsburgh Steelers,Cleveland Browns,2026-10-02T00:15Z,False,DraftKings,2.5,PIT -2.5,40.5,,,,,,,,,,2026-09-08T13:55:38Z
2026,4,Week 4,401872965,Indianapolis Colts,Washington Commanders,2026-10-04T13:30Z,True,DraftKings,-1.5,WSH -1.5,50.5,,,,,,,,,,2026-09-08T13:55:38Z
2026,4,Week 4,401872971,New England Patriots,Buffalo Bills,2026-10-04T17:00Z,False,DraftKings,-3.0,BUF -3,49.5,,,,,,,,,,2026-09-08T13:55:38Z
2026,4,Week 4,401872972,New York Jets,Chicago Bears,2026-10-04T17:00Z,False,DraftKings,-8.5,CHI -8.5,45.5,,,,,,,,,,2026-09-08T13:55:38Z
2026,4,Week 4,401872969,Jacksonville Jaguars,Cincinnati Bengals,2026-10-04T17:00Z,False,DraftKings,-2.5,CIN -2.5,51.5,,,,,,,,,,2026-09-08T13:55:38Z
2026,4,Week 4,401872966,Arizona Cardinals,New York Giants,2026-10-04T17:00Z,False,DraftKings,-7.0,NYG -7,45.5,,,,,,,,,,2026-09-08T13:55:38Z
2026,4,Week 4,401872970,Los Angeles Rams,Philadelphia Eagles,2026-10-04T17:00Z,False,DraftKings,1.5,LAR -1.5,47.5,,,,,,,,,,2026-09-08T13:55:38Z
2026,4,Week 4,401872968,Green Bay Packers,Tampa Bay Buccaneers,2026-10-04T17:00Z,False,DraftKings,1.5,GB -1.5,47.5,,,,,,,,,,2026-09-08T13:55:38Z
2026,4,Week 4,401872973,Tennessee Titans,Baltimore Ravens,2026-10-04T17:00Z,False,DraftKings,-8.5,BAL -8.5,47.5,,,,,,,,,,2026-09-08T13:55:38Z
2026,4,Week 4,401872967,Dallas Cowboys,Houston Texans,2026-10-04T17:00Z,False,DraftKings,-2.5,HOU -2.5,47.5,,,,,,,,,,2026-09-08T13:55:38Z
2026,4,Week 4,401872974,Miami Dolphins,Minnesota Vikings,2026-10-04T20:05Z,False,DraftKings,-7.5,MIN -7.5,43.5,,,,,,,,,,2026-09-08T13:55:38Z
2026,4,Week 4,401872976,Kansas City Chiefs,Las Vegas Raiders,2026-10-04T20:25Z,False,DraftKings,5.5,KC -5.5,43.5,,,,,,,,,,2026-09-08T13:55:38Z
2026,4,Week 4,401872975,Denver Broncos,San Francisco 49ers,2026-10-04T20:25Z,False,DraftKings,-2.5,SF -2.5,46.5,,,,,,,,,,2026-09-08T13:55:38Z
2026,4,Week 4,401872977,Los Angeles Chargers,Seattle Seahawks,2026-10-04T20:25Z,False,DraftKings,-3.0,SEA -3,45.5,,,,,,,,,,2026-09-08T13:55:38Z
2026,4,Week 4,401872978,Detroit Lions,Carolina Panthers,2026-10-05T00:20Z,False,DraftKings,3.0,DET -3,47.5,,,,,,,,,,2026-09-08T13:55:38Z
2026,4,Week 4,401872979,Atlanta Falcons,New Orleans Saints,2026-10-06T00:15Z,False,DraftKings,-2.5,NO -2.5,45.5,,,,,,,,,,2026-09-08T13:55:38Z
2026,5,Week 5,401872980,Tampa Bay Buccaneers,Dallas Cowboys,2026-10-09T00:15Z,False,DraftKings,-3.5,DAL -3.5,52.5,,,,,,,,,,2026-09-08T13:55:38Z
2026,5,Week 5,401872981,Philadelphia Eagles,Jacksonville Jaguars,2026-10-11T13:30Z,True,DraftKings,1.5,PHI -1.5,45.5,,,,,,,,,,2026-09-08T13:55:38Z
2026,5,Week 5,401872984,Houston Texans,Tennessee Titans,2026-10-11T17:00Z,False,DraftKings,3.5,HOU -3.5,43.5,,,,,,,,,,2026-09-08T13:55:38Z
2026,5,Week 5,401872982,Cincinnati Bengals,Miami Dolphins,2026-10-11T17:00Z,False,DraftKings,6.0,CIN -6,49.5,,,,,,,,,,2026-09-08T13:55:38Z
2026,5,Week 5,401872986,Las Vegas Raiders,New England Patriots,2026-10-11T17:00Z,False,DraftKings,-8.5,NE -8.5,44.5,,,,,,,,,,2026-09-08T13:55:38Z
2026,5,Week 5,401872987,Minnesota Vikings,New Orleans Saints,2026-10-11T17:00Z,False,DraftKings,1.5,MIN -1.5,44.5,,,,,,,,,,2026-09-08T13:55:38Z
2026,5,Week 5,401872983,Cleveland Browns,New York Jets,2026-10-11T17:00Z,False,DraftKings,-1.5,NYJ -1.5,39.5,,,,,,,,,,2026-09-08T13:55:38Z
2026,5,Week 5,401872985,Indianapolis Colts,Pittsburgh Steelers,2026-10-11T17:00Z,False,DraftKings,-2.5,PIT -2.5,47.5,,,,,,,,,,2026-09-08T13:55:38Z
2026,5,Week 5,401872988,New York Giants,Washington Commanders,2026-10-11T17:00Z,False,DraftKings,-1.5,WSH -1.5,48.5,,,,,,,,,,2026-09-08T13:55:38Z
2026,5,Week 5,401872989,Denver Broncos,Los Angeles Chargers,2026-10-11T20:05Z,False,DraftKings,-2.5,LAC -2.5,44.5,,,,,,,,,,2026-09-08T13:55:38Z
2026,5,Week 5,401872990,Chicago Bears,Green Bay Packers,2026-10-11T20:25Z,False,DraftKings,-3.0,GB -3,49.5,,,,,,,,,,2026-09-08T13:55:38Z
2026,5,Week 5,401872991,Detroit Lions,Arizona Cardinals,2026-10-11T20:25Z,False,DraftKings,8.5,DET -8.5,48.5,,,,,,,,,,2026-09-08T13:55:38Z
2026,5,Week 5,401872992,San Francisco 49ers,Seattle Seahawks,2026-10-11T20:25Z,False,DraftKings,-3.5,SEA -3.5,48.5,,,,,,,,,,2026-09-08T13:55:38Z
2026,5,Week 5,401872993,Baltimore Ravens,Atlanta Falcons,2026-10-12T00:20Z,False,DraftKings,4.5,BAL -4.5,48.5,,,,,,,,,,2026-09-08T13:55:38Z
2026,5,Week 5,401872994,Buffalo Bills,Los Angeles Rams,2026-10-13T00:15Z,False,DraftKings,-3.0,LAR -3,53.5,,,,,,,,,,2026-09-08T13:55:38Z
2026,6,Week 6,401872995,Seattle Seahawks,Denver Broncos,2026-10-16T00:15Z,False,DraftKings,1.5,SEA -1.5,43.5,,,,,,,,,,2026-09-08T13:55:38Z
2026,6,Week 6,401872996,Houston Texans,Jacksonville Jaguars,2026-10-18T13:30Z,True,DraftKings,-1.5,JAX -1.5,42.5,,,,,,,,,,2026-09-08T13:55:38Z
2026,6,Week 6,401872999,Chicago Bears,Atlanta Falcons,2026-10-18T17:00Z,False,DraftKings,3.0,CHI -3,47.5,,,,,,,,,,2026-09-08T13:55:38Z
2026,6,Week 6,401872997,Baltimore Ravens,Cleveland Browns,2026-10-18T17:00Z,False,DraftKings,6.5,BAL -6.5,44.5,,,,,,,,,,2026-09-08T13:55:38Z
2026,6,Week 6,401873003,Tennessee Titans,Indianapolis Colts,2026-10-18T17:00Z,False,DraftKings,-3.5,IND -3.5,47.5,,,,,,,,,,2026-09-08T13:55:38Z
2026,6,Week 6,401873001,New York Jets,New England Patriots,2026-10-18T17:00Z,False,DraftKings,-9.5,NE -9.5,42.5,,,,,,,,,,2026-09-08T13:55:38Z
2026,6,Week 6,401873000,New Orleans Saints,New York Giants,2026-10-18T17:00Z,False,DraftKings,-2.5,NYG -2.5,44.5,,,,,,,,,,2026-09-08T13:55:38Z
2026,6,Week 6,401872998,Carolina Panthers,Philadelphia Eagles,2026-10-18T17:00Z,False,DraftKings,-6.5,PHI -6.5,43.5,,,,,,,,,,2026-09-08T13:55:38Z
2026,6,Week 6,401873002,Pittsburgh Steelers,Tampa Bay Buccaneers,2026-10-18T17:00Z,False,DraftKings,-1.5,TB -1.5,45.5,,,,,,,,,,2026-09-08T13:55:38Z
2026,6,Week 6,401873004,Arizona Cardinals,Los Angeles Rams,2026-10-18T20:05Z,False,DraftKings,-13.5,LAR -13.5,47.5,,,,,,,,,,2026-09-08T13:55:38Z
2026,6,Week 6,401873006,Los Angeles Chargers,Kansas City Chiefs,2026-10-18T20:25Z,False,DraftKings,-2.5,KC -2.5,46.5,,,,,,,,,,2026-09-08T13:55:38Z
2026,6,Week 6,401873005,Buffalo Bills,Las Vegas Raiders,2026-10-18T20:25Z,False,DraftKings,6.5,BUF -6.5,47.5,,,,,,,,,,2026-09-08T13:55:38Z
2026,6,Week 6,401873007,Dallas Cowboys,Green Bay Packers,2026-10-19T00:20Z,False,DraftKings,-3.0,GB -3,51.5,,,,,,,,,,2026-09-08T13:55:38Z
2026,6,Week 6,401873008,Washington Commanders,San Francisco 49ers,2026-10-20T00:15Z,False,DraftKings,-5.5,SF -5.5,50.5,,,,,,,,,,2026-09-08T13:55:38Z
2026,7,Week 7,401873010,New England Patriots,Chicago Bears,2026-10-23T00:15Z,False,DraftKings,-1.5,CHI -1.5,47.5,,,,,,,,,,2026-09-08T13:55:38Z
2026,7,Week 7,401873011,Pittsburgh Steelers,New Orleans Saints,2026-10-25T13:30Z,True,DraftKings,2.5,PIT -2.5,42.5,,,,,,,,,,2026-09-08T13:55:38Z
2026,7,Week 7,401873017,San Francisco 49ers,Atlanta Falcons,2026-10-25T17:00Z,False,DraftKings,4.5,SF -4.5,47.5,,,,,,,,,,2026-09-08T13:55:38Z
2026,7,Week 7,401873013,Cleveland Browns,Tennessee Titans,2026-10-25T17:00Z,False,DraftKings,-2.5,TEN -2.5,40.5,,,,,,,,,,2026-09-08T13:55:38Z
2026,7,Week 7,401873014,Indianapolis Colts,Minnesota Vikings,2026-10-25T17:00Z,False,DraftKings,-2.5,MIN -2.5,46.5,,,,,,,,,,2026-09-08T13:55:38Z
2026,7,Week 7,401873015,Miami Dolphins,New York Jets,2026-10-25T17:00Z,False,DraftKings,-2.5,NYJ -2.5,41.5,,,,,,,,,,2026-09-08T13:55:38Z
2026,7,Week 7,401873018,Tampa Bay Buccaneers,Carolina Panthers,2026-10-25T17:00Z,False,DraftKings,1.5,TB -1.5,45.5,,,,,,,,,,2026-09-08T13:55:38Z
2026,7,Week 7,401873012,Cincinnati Bengals,Baltimore Ravens,2026-10-25T17:00Z,False,DraftKings,-3.5,BAL -3.5,51.5,,,,,,,,,,2026-09-08T13:55:38Z
2026,7,Week 7,401873016,New York Giants,Houston Texans,2026-10-25T17:00Z,False,DraftKings,-5.5,HOU -5.5,43.5,,,,,,,,,,2026-09-08T13:55:38Z
2026,7,Week 7,401873019,Denver Broncos,Arizona Cardinals,2026-10-25T20:05Z,False,DraftKings,7.5,DEN -7.5,43.5,,,,,,,,,,2026-09-08T13:55:38Z
2026,7,Week 7,401873020,Green Bay Packers,Detroit Lions,2026-10-25T20:25Z,False,DraftKings,-2.5,DET -2.5,50.5,,,,,,,,,,2026-09-08T13:55:38Z
2026,7,Week 7,401873021,Los Angeles Rams,Las Vegas Raiders,2026-10-25T20:25Z,False,DraftKings,7.5,LAR -7.5,46.5,,,,,,,,,,2026-09-08T13:55:38Z
2026,7,Week 7,401873022,Kansas City Chiefs,Seattle Seahawks,2026-10-26T00:20Z,False,DraftKings,-3.0,SEA -3,45.5,,,,,,,,,,2026-09-08T13:55:38Z
2026,7,Week 7,401873009,Dallas Cowboys,Philadelphia Eagles,2026-10-27T00:15Z,False,DraftKings,-3.0,PHI -3,48.5,,,,,,,,,,2026-09-08T13:55:38Z
2026,8,Week 8,401873023,Carolina Panthers,Green Bay Packers,2026-10-30T00:15Z,False,DraftKings,-7.0,GB -7,45.5,,,,,,,,,,2026-09-08T13:55:38Z
2026,8,Week 8,401873026,Baltimore Ravens,Buffalo Bills,2026-11-01T18:00Z,False,DraftKings,-2.5,BUF -2.5,51.5,,,,,,,,,,2026-09-08T13:55:38Z
2026,8,Week 8,401873031,Tennessee Titans,Cincinnati Bengals,2026-11-01T18:00Z,False,DraftKings,-6.5,CIN -6.5,49.5,,,,,,,,,,2026-09-08T13:55:38Z
2026,8,Week 8,401873024,Arizona Cardinals,Dallas Cowboys,2026-11-01T18:00Z,False,DraftKings,-10.5,DAL -10.5,47.5,,,,,,,,,,2026-09-08T13:55:38Z
2026,8,Week 8,401873030,Minnesota Vikings,Detroit Lions,2026-11-01T18:00Z,False,DraftKings,-4.5,DET -4.5,47.5,,,,,,,,,,2026-09-08T13:55:38Z
2026,8,Week 8,401873029,Las Vegas Raiders,New York Jets,2026-11-01T18:00Z,False,DraftKings,-1.5,NYJ -1.5,40.5,,,,,,,,,,2026-09-08T13:55:38Z
2026,8,Week 8,401873027,Cleveland Browns,Pittsburgh Steelers,2026-11-01T18:00Z,False,DraftKings,-6.0,PIT -6,39.5,,,,,,,,,,2026-09-08T13:55:38Z
2026,8,Week 8,401873025,Atlanta Falcons,Tampa Bay Buccaneers,2026-11-01T18:00Z,False,DraftKings,-4.5,TB -4.5,46.5,,,,,,,,,,2026-09-08T13:55:38Z
2026,8,Week 8,401873028,Indianapolis Colts,Jacksonville Jaguars,2026-11-01T18:00Z,False,DraftKings,-4.5,JAX -4.5,49.5,,,,,,,,,,2026-09-08T13:55:38Z
2026,8,Week 8,401873032,Los Angeles Chargers,Los Angeles Rams,2026-11-01T21:05Z,False,DraftKings,-4.5,LAR -4.5,48.5,,,,,,,,,,2026-09-08T13:55:38Z
2026,8,Week 8,401873033,Kansas City Chiefs,Denver Broncos,2026-11-01T21:25Z,False,DraftKings,-1.5,DEN -1.5,43.5,,,,,,,,,,2026-09-08T13:55:38Z
2026,8,Week 8,401873034,New England Patriots,Miami Dolphins,2026-11-01T21:25Z,False,DraftKings,7.0,NE -7,45.5,,,,,,,,,,2026-09-08T13:55:38Z
2026,8,Week 8,401873035,Philadelphia Eagles,Washington Commanders,2026-11-02T01:20Z,False,DraftKings,1.5,PHI -1.5,46.5,,,,,,,,,,2026-09-08T13:55:38Z
2026,8,Week 8,401873036,Chicago Bears,Seattle Seahawks,2026-11-03T01:15Z,False,DraftKings,-4.5,SEA -4.5,47.5,,,,,,,,,,2026-09-08T13:55:38Z
2026,9,Week 9,401873037,Jacksonville Jaguars,Baltimore Ravens,2026-11-06T01:15Z,False,DraftKings,-4.5,BAL -4.5,49.5,,,,,,,,,,2026-09-08T13:55:38Z
2026,9,Week 9,401873038,Cincinnati Bengals,Atlanta Falcons,2026-11-08T14:30Z,True,DraftKings,5.5,CIN -5.5,49.5,,,,,,,,,,2026-09-08T13:55:38Z
2026,9,Week 9,401873040,Dallas Cowboys,Indianapolis Colts,2026-11-08T18:00Z,False,DraftKings,1.5,DAL -1.5,52.5,,,,,,,,,,2026-09-08T13:55:38Z
2026,9,Week 9,401873045,New York Jets,Kansas City Chiefs,2026-11-08T18:00Z,False,DraftKings,-9.5,KC -9.5,41.5,,,,,,,,,,2026-09-08T13:55:38Z
2026,9,Week 9,401873042,Detroit Lions,Miami Dolphins,2026-11-08T18:00Z,False,DraftKings,6.5,DET -6.5,47.5,,,,,,,,,,2026-09-08T13:55:38Z
2026,9,Week 9,401873039,Cleveland Browns,New Orleans Saints,2026-11-08T18:00Z,False,DraftKings,-3.5,NO -3.5,41.5,,,,,,,,,,2026-09-08T13:55:38Z
2026,9,Week 9,401873044,New York Giants,Philadelphia Eagles,2026-11-08T18:00Z,False,DraftKings,-5.5,PHI -5.5,44.5,,,,,,,,,,2026-09-08T13:55:38Z
2026,9,Week 9,401873043,Los Angeles Rams,Washington Commanders,2026-11-08T18:00Z,False,DraftKings,4.5,LAR -4.5,50.5,,,,,,,,,,2026-09-08T13:55:38Z
2026,9,Week 9,401873041,Denver Broncos,Carolina Panthers,2026-11-08T18:00Z,False,DraftKings,3.0,DEN -3,42.5,,,,,,,,,,2026-09-08T13:55:38Z
2026,9,Week 9,401873046,Houston Texans,Los Angeles Chargers,2026-11-08T21:05Z,False,DraftKings,-2.5,LAC -2.5,43.5,,,,,,,,,,2026-09-08T13:55:38Z
2026,9,Week 9,401873047,Las Vegas Raiders,San Francisco 49ers,2026-11-08T21:05Z,False,DraftKings,-8.5,SF -8.5,46.5,,,,,,,,,,2026-09-08T13:55:38Z
2026,9,Week 9,401873049,Green Bay Packers,New England Patriots,2026-11-08T21:25Z,False,DraftKings,-1.5,NE -1.5,46.5,,,,,,,,,,2026-09-08T13:55:38Z
2026,9,Week 9,401873048,Arizona Cardinals,Seattle Seahawks,2026-11-08T21:25Z,False,DraftKings,-13.5,SEA -13.5,45.5,,,,,,,,,,2026-09-08T13:55:38Z
2026,9,Week 9,401873050,Tampa Bay Buccaneers,Chicago Bears,2026-11-09T01:20Z,False,DraftKings,-3.5,CHI -3.5,48.5,,,,,,,,,,2026-09-08T13:55:38Z
2026,9,Week 9,401873051,Buffalo Bills,Minnesota Vikings,2026-11-10T01:15Z,False,DraftKings,3.0,BUF -3,48.5,,,,,,,,,,2026-09-08T13:55:38Z
2026,10,Week 10,401873052,Washington Commanders,New York Giants,2026-11-13T01:15Z,False,DraftKings,-1.5,NYG -1.5,47.5,,,,,,,,,,2026-09-08T13:55:38Z
2026,10,Week 10,401873053,New England Patriots,Detroit Lions,2026-11-15T14:30Z,True,DraftKings,-1.5,DET -1.5,48.5,,,,,,,,,,2026-09-08T13:55:38Z
2026,10,Week 10,401873058,Kansas City Chiefs,Atlanta Falcons,2026-11-15T18:00Z,False,DraftKings,4.5,KC -4.5,45.5,,,,,,,,,,2026-09-08T13:55:38Z
2026,10,Week 10,401873056,Houston Texans,Cleveland Browns,2026-11-15T18:00Z,False,DraftKings,4.5,HOU -4.5,38.5,,,,,,,,,,2026-09-08T13:55:38Z
2026,10,Week 10,401873060,Minnesota Vikings,Green Bay Packers,2026-11-15T18:00Z,False,DraftKings,-4.5,GB -4.5,45.5,,,,,,,,,,2026-09-08T13:55:38Z
2026,10,Week 10,401873057,Jacksonville Jaguars,Tennessee Titans,2026-11-15T18:00Z,False,DraftKings,2.5,JAX -2.5,45.5,,,,,,,,,,2026-09-08T13:55:38Z
2026,10,Week 10,401873059,Miami Dolphins,Indianapolis Colts,2026-11-15T18:00Z,False,DraftKings,-6.5,IND -6.5,47.5,,,,,,,,,,2026-09-08T13:55:38Z
2026,10,Week 10,401873055,Carolina Panthers,New Orleans Saints,2026-11-15T18:00Z,False,DraftKings,-1.5,NO -1.5,43.5,,,,,,,,,,2026-09-08T13:55:38Z
2026,10,Week 10,401873054,Buffalo Bills,New York Jets,2026-11-15T18:00Z,False,DraftKings,7.0,BUF -7,46.5,,,,,,,,,,2026-09-08T13:55:38Z
2026,10,Week 10,401873062,Seattle Seahawks,Las Vegas Raiders,2026-11-15T21:05Z,False,DraftKings,7.0,SEA -7,43.5,,,,,,,,,,2026-09-08T13:55:38Z
2026,10,Week 10,401873061,Los Angeles Rams,Arizona Cardinals,2026-11-15T21:05Z,False,DraftKings,10.5,LAR -10.5,47.5,,,,,,,,,,2026-09-08T13:55:38Z
2026,10,Week 10,401873063,San Francisco 49ers,Dallas Cowboys,2026-11-15T21:25Z,False,DraftKings,-1.5,DAL -1.5,52.5,,,,,,,,,,2026-09-08T13:55:38Z
2026,10,Week 10,401873064,Pittsburgh Steelers,Cincinnati Bengals,2026-11-16T01:20Z,False,DraftKings,-3.5,CIN -3.5,47.5,,,,,,,,,,2026-09-08T13:55:38Z
2026,10,Week 10,401873065,Los Angeles Chargers,Baltimore Ravens,2026-11-17T01:15Z,False,DraftKings,-3.5,BAL -3.5,47.5,,,,,,,,,,2026-09-08T13:55:38Z
2026,11,Week 11,401873066,Indianapolis Colts,Houston Texans,2026-11-20T01:15Z,False,DraftKings,-5.5,HOU -5.5,45.5,,,,,,,,,,2026-09-08T13:55:38Z
2026,11,Week 11,401873070,Miami Dolphins,Buffalo Bills,2026-11-22T18:00Z,False,DraftKings,-11.5,BUF -11.5,47.5,,,,,,,,,,2026-09-08T13:55:38Z
2026,11,Week 11,401873071,New Orleans Saints,Chicago Bears,2026-11-22T18:00Z,False,DraftKings,-6.5,CHI -6.5,46.5,,,,,,,,,,2026-09-08T13:55:38Z
2026,11,Week 11,401873073,Tennessee Titans,Dallas Cowboys,2026-11-22T18:00Z,False,DraftKings,-6.5,DAL -6.5,48.5,,,,,,,,,,2026-09-08T13:55:38Z
2026,11,Week 11,401873072,Tampa Bay Buccaneers,Detroit Lions,2026-11-22T18:00Z,False,DraftKings,-4.5,DET -4.5,49.5,,,,,,,,,,2026-09-08T13:55:38Z
2026,11,Week 11,401873067,Arizona Cardinals,Kansas City Chiefs,2026-11-22T18:00Z,False,DraftKings,-11.5,KC -11.5,44.5,,,,,,,,,,2026-09-08T13:55:38Z
2026,11,Week 11,401873069,Jacksonville Jaguars,New York Giants,2026-11-22T18:00Z,False,DraftKings,1.5,JAX -1.5,46.5,,,,,,,,,,2026-09-08T13:55:38Z
2026,11,Week 11,401873068,Baltimore Ravens,Carolina Panthers,2026-11-22T18:00Z,False,DraftKings,4.5,BAL -4.5,46.5,,,,,,,,,,2026-09-08T13:55:38Z
2026,11,Week 11,401873074,New York Jets,Los Angeles Chargers,2026-11-22T21:05Z,False,DraftKings,-9.5,LAC -9.5,41.5,,,,,,,,,,2026-09-08T13:55:38Z
2026,11,Week 11,401873075,Las Vegas Raiders,Denver Broncos,2026-11-22T21:25Z,False,DraftKings,-7.5,DEN -7.5,41.5,,,,,,,,,,2026-09-08T13:55:38Z
2026,11,Week 11,401873076,Pittsburgh Steelers,Philadelphia Eagles,2026-11-22T21:25Z,False,DraftKings,-5.5,PHI -5.5,42.5,,,,,,,,,,2026-09-08T13:55:38Z
2026,11,Week 11,401873077,Minnesota Vikings,San Francisco 49ers,2026-11-23T01:20Z,True,DraftKings,-3.5,SF -3.5,46.5,,,,,,,,,,2026-09-08T13:55:38Z
2026,11,Week 11,401873078,Cincinnati Bengals,Washington Commanders,2026-11-24T01:15Z,False,DraftKings,1.5,CIN -1.5,52.5,,,,,,,,,,2026-09-08T13:55:38Z
2026,12,Week 12,401873079,Green Bay Packers,Los Angeles Rams,2026-11-26T01:00Z,False,DraftKings,-4.5,LAR -4.5,48.5,,,,,,,,,,2026-09-08T13:55:38Z
2026,12,Week 12,401873081,Chicago Bears,Detroit Lions,2026-11-26T18:00Z,False,DraftKings,-2.5,DET -2.5,52.5,,,,,,,,,,2026-09-08T13:55:38Z
2026,12,Week 12,401873080,Philadelphia Eagles,Dallas Cowboys,2026-11-26T21:30Z,False,DraftKings,-1.5,DAL -1.5,49.5,,,,,,,,,,2026-09-08T13:55:38Z
2026,12,Week 12,401873082,Kansas City Chiefs,Buffalo Bills,2026-11-27T01:20Z,False,DraftKings,-2.5,BUF -2.5,50.5,,,,,,,,,,2026-09-08T13:55:38Z
2026,12,Week 12,401873083,Denver Broncos,Pittsburgh Steelers,2026-11-27T20:00Z,False,DraftKings,1.5,DEN -1.5,39.5,,,,,,,,,,2026-09-08T13:55:38Z
2026,12,Week 12,401873087,New Orleans Saints,Cincinnati Bengals,2026-11-29T18:00Z,False,DraftKings,-6.5,CIN -6.5,48.5,,,,,,,,,,2026-09-08T13:55:38Z
2026,12,Week 12,401873086,Las Vegas Raiders,Cleveland Browns,2026-11-29T18:00Z,False,DraftKings,-1.5,CLE -1.5,39.5,,,,,,,,,,2026-09-08T13:55:38Z
2026,12,Week 12,401873088,New York Giants,Indianapolis Colts,2026-11-29T18:00Z,False,DraftKings,-2.5,IND -2.5,47.5,,,,,,,,,,2026-09-08T13:55:38Z
2026,12,Week 12,401873089,New York Jets,Miami Dolphins,2026-11-29T18:00Z,False,DraftKings,-1.5,MIA -1.5,40.5,,,,,,,,,,2026-09-08T13:55:38Z
2026,12,Week 12,401873084,Atlanta Falcons,Minnesota Vikings,2026-11-29T18:00Z,False,DraftKings,-4.5,MIN -4.5,43.5,,,,,,,,,,2026-09-08T13:55:38Z
2026,12,Week 12,401873085,Baltimore Ravens,Houston Texans,2026-11-29T18:00Z,False,DraftKings,-1.5,HOU -1.5,45.5,,,,,,,,,,2026-09-08T13:55:38Z
2026,12,Week 12,401873090,Tennessee Titans,Jacksonville Jaguars,2026-11-29T21:05Z,False,DraftKings,-5.5,JAX -5.5,45.5,,,,,,,,,,2026-09-08T13:55:38Z
2026,12,Week 12,401873092,Washington Commanders,Arizona Cardinals,2026-11-29T21:25Z,False,DraftKings,4.5,WSH -4.5,47.5,,,,,,,,,,2026-09-08T13:55:38Z
2026,12,Week 12,401873091,Seattle Seahawks,San Francisco 49ers,2026-11-29T21:25Z,False,DraftKings,-1.5,SF -1.5,46.5,,,,,,,,,,2026-09-08T13:55:38Z
2026,12,Week 12,401873093,New England Patriots,Los Angeles Chargers,2026-11-30T01:20Z,False,DraftKings,-1.5,LAC -1.5,45.5,,,,,,,,,,2026-09-08T13:55:38Z
2026,12,Week 12,401873094,Carolina Panthers,Tampa Bay Buccaneers,2026-12-01T01:15Z,False,DraftKings,-3.5,TB -3.5,44.5,,,,,,,,,,2026-09-08T13:55:38Z
2026,13,Week 13,401873096,Kansas City Chiefs,Los Angeles Rams,2026-12-04T01:15Z,False,DraftKings,-3.5,LAR -3.5,47.5,,,,,,,,,,2026-09-08T13:55:38Z
2026,13,Week 13,401873098,Detroit Lions,Atlanta Falcons,2026-12-06T18:00Z,False,DraftKings,3.5,DET -3.5,48.5,,,,,,,,,,2026-09-08T13:55:38Z
2026,13,Week 13,401873100,Jacksonville Jaguars,Chicago Bears,2026-12-06T18:00Z,False,DraftKings,-3.0,CHI -3,47.5,,,,,,,,,,2026-09-08T13:55:38Z
2026,13,Week 13,401873097,Cincinnati Bengals,Cleveland Browns,2026-12-06T18:00Z,False,DraftKings,4.5,CIN -4.5,45.5,,,,,,,,,,2026-09-08T13:55:38Z
2026,13,Week 13,401873102,Washington Commanders,Tennessee Titans,2026-12-06T18:00Z,False,DraftKings,1.5,WSH -1.5,46.5,,,,,,,,,,2026-09-08T13:55:38Z
2026,13,Week 13,401873099,Green Bay Packers,New Orleans Saints,2026-12-06T18:00Z,False,DraftKings,4.5,GB -4.5,45.5,,,,,,,,,,2026-09-08T13:55:38Z
2026,13,Week 13,401873095,San Francisco 49ers,New York Giants,2026-12-06T18:00Z,False,DraftKings,3.0,SF -3,47.5,,,,,,,,,,2026-09-08T13:55:38Z
2026,13,Week 13,401873101,Los Angeles Chargers,Tampa Bay Buccaneers,2026-12-06T18:00Z,False,DraftKings,2.5,LAC -2.5,46.5,,,,,,,,,,2026-09-08T13:55:38Z
2026,13,Week 13,401873103,Miami Dolphins,Denver Broncos,2026-12-06T21:05Z,False,DraftKings,-9.5,DEN -9.5,42.5,,,,,,,,,,2026-09-08T13:55:38Z
2026,13,Week 13,401873104,Philadelphia Eagles,Arizona Cardinals,2026-12-06T21:05Z,False,DraftKings,8.5,PHI -8.5,43.5,,,,,,,,,,2026-09-08T13:55:38Z
2026,13,Week 13,401873106,Carolina Panthers,Minnesota Vikings,2026-12-06T21:25Z,False,DraftKings,-3.5,MIN -3.5,42.5,,,,,,,,,,2026-09-08T13:55:38Z
2026,13,Week 13,401873105,Buffalo Bills,New England Patriots,2026-12-06T21:25Z,False,DraftKings,-1.5,NE -1.5,48.5,,,,,,,,,,2026-09-08T13:55:38Z
2026,13,Week 13,401873107,Houston Texans,Pittsburgh Steelers,2026-12-07T01:20Z,False,DraftKings,1.5,HOU -1.5,41.5,,,,,,,,,,2026-09-08T13:55:38Z
2026,13,Week 13,401873108,Dallas Cowboys,Seattle Seahawks,2026-12-08T01:15Z,False,DraftKings,-4.5,SEA -4.5,48.5,,,,,,,,,,2026-09-08T13:55:38Z
2026,14,Week 14,401873109,Minnesota Vikings,New England Patriots,2026-12-11T01:15Z,False,DraftKings,-4.5,NE -4.5,43.5,,,,,,,,,,2026-09-08T13:55:38Z
2026,14,Week 14,401873110,Atlanta Falcons,Cleveland Browns,2026-12-13T18:00Z,False,DraftKings,-1.5,CLE -1.5,40.5,,,,,,,,,,2026-09-08T13:55:38Z
2026,14,Week 14,401873117,Tennessee Titans,Detroit Lions,2026-12-13T18:00Z,False,DraftKings,-7.5,DET -7.5,47.5,,,,,,,,,,2026-09-08T13:55:38Z
2026,14,Week 14,401873111,Chicago Bears,Miami Dolphins,2026-12-13T18:00Z,False,DraftKings,5.5,CHI -5.5,46.5,,,,,,,,,,2026-09-08T13:55:38Z
2026,14,Week 14,401873112,Denver Broncos,New York Jets,2026-12-13T18:00Z,False,DraftKings,5.5,DEN -5.5,39.5,,,,,,,,,,2026-09-08T13:55:38Z
2026,14,Week 14,401873114,Indianapolis Colts,Philadelphia Eagles,2026-12-13T18:00Z,False,DraftKings,-5.5,PHI -5.5,46.5,,,,,,,,,,2026-09-08T13:55:38Z
2026,14,Week 14,401873113,Houston Texans,Washington Commanders,2026-12-13T18:00Z,False,DraftKings,1.5,HOU -1.5,44.5,,,,,,,,,,2026-09-08T13:55:38Z
2026,14,Week 14,401873115,New Orleans Saints,Carolina Panthers,2026-12-13T18:00Z,False,DraftKings,-2.5,CAR -2.5,43.5,,,,,,,,,,2026-09-08T13:55:38Z
2026,14,Week 14,401873116,Tampa Bay Buccaneers,Baltimore Ravens,2026-12-13T18:00Z,False,DraftKings,-6.0,BAL -6,48.5,,,,,,,,,,2026-09-08T13:55:38Z
2026,14,Week 14,401873118,Los Angeles Chargers,Las Vegas Raiders,2026-12-13T21:05Z,False,DraftKings,5.5,LAC -5.5,43.5,,,,,,,,,,2026-09-08T13:55:38Z
2026,14,Week 14,401873119,Kansas City Chiefs,Cincinnati Bengals,2026-12-13T21:25Z,False,DraftKings,-1.5,CIN -1.5,48.5,,,,,,,,,,2026-09-08T13:55:38Z
2026,14,Week 14,401873120,Los Angeles Rams,San Francisco 49ers,2026-12-13T21:25Z,False,DraftKings,2.5,LAR -2.5,49.5,,,,,,,,,,2026-09-08T13:55:38Z
2026,14,Week 14,401873121,New York Giants,Seattle Seahawks,2026-12-13T21:25Z,False,DraftKings,-7.5,SEA -7.5,45.5,,,,,,,,,,2026-09-08T13:55:38Z
2026,14,Week 14,401873122,Buffalo Bills,Green Bay Packers,2026-12-14T01:20Z,False,DraftKings,-1.5,GB -1.5,49.5,,,,,,,,,,2026-09-08T13:55:38Z
2026,14,Week 14,401873123,Pittsburgh Steelers,Jacksonville Jaguars,2026-12-15T01:15Z,False,DraftKings,-3.0,JAX -3,44.5,,,,,,,,,,2026-09-08T13:55:38Z
2026,15,Week 15,401873124,San Francisco 49ers,Los Angeles Chargers,2026-12-18T01:15Z,False,DraftKings,-2.5,LAC -2.5,47.5,,,,,,,,,,2026-09-08T13:55:38Z
2026,15,Week 15,401873125,Seattle Seahawks,Philadelphia Eagles,2026-12-19T22:00Z,False,DraftKings,-1.5,PHI -1.5,43.5,,,,,,,,,,2026-09-08T13:55:38Z
2026,15,Week 15,401873126,Chicago Bears,Buffalo Bills,2026-12-20T01:20Z,False,DraftKings,-3.5,BUF -3.5,51.5,,,,,,,,,,2026-09-08T13:55:38Z
2026,15,Week 15,401873133,Miami Dolphins,Green Bay Packers,2026-12-20T18:00Z,False,DraftKings,-10.5,GB -10.5,45.5,,,,,,,,,,2026-09-08T13:55:38Z
2026,15,Week 15,401873131,Indianapolis Colts,Tennessee Titans,2026-12-20T18:00Z,False,DraftKings,1.5,IND -1.5,47.5,,,,,,,,,,2026-09-08T13:55:38Z
2026,15,Week 15,401873130,Cleveland Browns,New York Giants,2026-12-20T18:00Z,False,DraftKings,-4.5,NYG -4.5,40.5,,,,,,,,,,2026-09-08T13:55:38Z
2026,15,Week 15,401873128,Baltimore Ravens,Pittsburgh Steelers,2026-12-20T18:00Z,False,DraftKings,2.5,BAL -2.5,46.5,,,,,,,,,,2026-09-08T13:55:38Z
2026,15,Week 15,401873134,New Orleans Saints,Tampa Bay Buccaneers,2026-12-20T18:00Z,False,DraftKings,-3.5,TB -3.5,45.5,,,,,,,,,,2026-09-08T13:55:38Z
2026,15,Week 15,401873127,Atlanta Falcons,Washington Commanders,2026-12-20T18:00Z,False,DraftKings,-3.5,WSH -3.5,46.5,,,,,,,,,,2026-09-08T13:55:38Z
2026,15,Week 15,401873129,Cincinnati Bengals,Carolina Panthers,2026-12-20T18:00Z,False,DraftKings,2.5,CIN -2.5,47.5,,,,,,,,,,2026-09-08T13:55:38Z
2026,15,Week 15,401873132,Jacksonville Jaguars,Houston Texans,2026-12-20T18:00Z,False,DraftKings,-3.0,HOU -3,43.5,,,,,,,,,,2026-09-08T13:55:38Z
2026,15,Week 15,401873135,New York Jets,Arizona Cardinals,2026-12-20T21:05Z,False,DraftKings,1.5,NYJ -1.5,41.5,,,,,,,,,,2026-09-08T13:55:38Z
2026,15,Week 15,401873137,Denver Broncos,Las Vegas Raiders,2026-12-20T21:25Z,False,DraftKings,4.5,DEN -4.5,41.5,,,,,,,,,,2026-09-08T13:55:38Z
2026,15,Week 15,401873136,Dallas Cowboys,Los Angeles Rams,2026-12-20T21:25Z,False,DraftKings,-6.0,LAR -6,52.5,,,,,,,,,,2026-09-08T13:55:38Z
2026,15,Week 15,401873138,Detroit Lions,Minnesota Vikings,2026-12-21T01:20Z,False,DraftKings,1.5,DET -1.5,46.5,,,,,,,,,,2026-09-08T13:55:38Z
2026,15,Week 15,401873139,New England Patriots,Kansas City Chiefs,2026-12-22T01:15Z,False,DraftKings,-2.5,KC -2.5,45.5,,,,,,,,,,2026-09-08T13:55:38Z
2026,16,Week 16,401873140,Houston Texans,Philadelphia Eagles,2026-12-25T01:15Z,False,DraftKings,-2.5,PHI -2.5,37.5,,,,,,,,,,2026-09-08T13:55:38Z
2026,16,Week 16,401873141,Green Bay Packers,Chicago Bears,2026-12-25T18:00Z,False,DraftKings,-1.5,CHI -1.5,47.5,,,,,,,,,,2026-09-08T13:55:38Z
2026,16,Week 16,401873142,Buffalo Bills,Denver Broncos,2026-12-25T21:30Z,False,DraftKings,1.5,BUF -1.5,46.5,,,,,,,,,,2026-09-08T13:55:38Z
2026,16,Week 16,401873143,Los Angeles Rams,Seattle Seahawks,2026-12-26T01:15Z,False,DraftKings,-1.5,SEA -1.5,47.5,,,,,,,,,,2026-09-08T13:55:38Z
2026,16,Week 16,401873146,Tampa Bay Buccaneers,Atlanta Falcons,2026-12-27T05:00Z,False,DraftKings,1.5,TB -1.5,45.5,,,,,,,,,,2026-09-08T13:55:38Z
2026,16,Week 16,401873145,Cincinnati Bengals,Indianapolis Colts,2026-12-27T05:00Z,False,DraftKings,1.5,CIN -1.5,52.5,,,,,,,,,,2026-09-08T13:55:38Z
2026,16,Week 16,401873147,Washington Commanders,Minnesota Vikings,2026-12-27T05:00Z,False,DraftKings,-2.5,MIN -2.5,46.5,,,,,,,,,,2026-09-08T13:55:38Z
2026,16,Week 16,401873144,Carolina Panthers,Pittsburgh Steelers,2026-12-27T05:00Z,False,DraftKings,-3.5,PIT -3.5,41.5,,,,,,,,,,2026-09-08T13:55:38Z
2026,16,Week 16,401873150,Los Angeles Chargers,Miami Dolphins,2026-12-27T18:00Z,False,DraftKings,7.0,LAC -7,45.5,,,,,,,,,,2026-09-08T13:55:38Z
2026,16,Week 16,401873148,Arizona Cardinals,New Orleans Saints,2026-12-27T18:00Z,False,DraftKings,-5.5,NO -5.5,44.5,,,,,,,,,,2026-09-08T13:55:38Z
2026,16,Week 16,401873151,New England Patriots,New York Jets,2026-12-27T18:00Z,False,DraftKings,6.5,NE -6.5,40.5,,,,,,,,,,2026-09-08T13:55:38Z
2026,16,Week 16,401873149,Cleveland Browns,Baltimore Ravens,2026-12-27T18:00Z,False,DraftKings,-10.0,BAL -10,43.5,,,,,,,,,,2026-09-08T13:55:38Z
2026,16,Week 16,401873152,Tennessee Titans,Las Vegas Raiders,2026-12-27T21:05Z,False,DraftKings,-1.5,LV -1.5,42.5,,,,,,,,,,2026-09-08T13:55:38Z
2026,16,Week 16,401873153,San Francisco 49ers,Kansas City Chiefs,2026-12-27T21:25Z,False,DraftKings,-3.0,KC -3,46.5,,,,,,,,,,2026-09-08T13:55:38Z
2026,16,Week 16,401873154,Jacksonville Jaguars,Dallas Cowboys,2026-12-28T01:20Z,False,DraftKings,-3.0,DAL -3,51.5,,,,,,,,,,2026-09-08T13:55:38Z
2026,16,Week 16,401873155,New York Giants,Detroit Lions,2026-12-29T01:15Z,False,DraftKings,-4.5,DET -4.5,49.5,,,,,,,,,,2026-09-08T13:55:38Z
2026,17,Week 17,401873156,Baltimore Ravens,Cincinnati Bengals,2027-01-01T01:15Z,False,DraftKings,-2.5,CIN -2.5,51.5,,,,,,,,,,2026-09-08T13:55:38Z
2026,17,Week 17,401873157,Denver Broncos,New England Patriots,2027-01-03T05:00Z,False,DraftKings,-2.5,NE -2.5,42.5,,,,,,,,,,2026-09-08T13:55:38Z
2026,17,Week 17,401873158,Kansas City Chiefs,Los Angeles Chargers,2027-01-03T05:00Z,False,DraftKings,-1.5,LAC -1.5,45.5,,,,,,,,,,2026-09-08T13:55:38Z
2026,17,Week 17,401873159,Los Angeles Rams,Tampa Bay Buccaneers,2027-01-03T05:00Z,False,DraftKings,4.5,LAR -4.5,48.5,,,,,,,,,,2026-09-08T13:55:38Z
2026,17,Week 17,401873160,Washington Commanders,Jacksonville Jaguars,2027-01-03T05:00Z,False,DraftKings,-3.5,JAX -3.5,48.5,,,,,,,,,,2026-09-08T13:55:38Z
2026,17,Week 17,401873164,New Orleans Saints,Atlanta Falcons,2027-01-03T18:00Z,False,DraftKings,-1.5,ATL -1.5,44.5,,,,,,,,,,2026-09-08T13:55:38Z
2026,17,Week 17,401873162,Indianapolis Colts,Cleveland Browns,2027-01-03T18:00Z,False,DraftKings,2.5,IND -2.5,43.5,,,,,,,,,,2026-09-08T13:55:38Z
2026,17,Week 17,401873165,New York Giants,Dallas Cowboys,2027-01-03T18:00Z,False,DraftKings,-4.5,DAL -4.5,49.5,,,,,,,,,,2026-09-08T13:55:38Z
2026,17,Week 17,401873166,Pittsburgh Steelers,Tennessee Titans,2027-01-03T18:00Z,False,DraftKings,1.5,PIT -1.5,42.5,,,,,,,,,,2026-09-08T13:55:38Z
2026,17,Week 17,401873161,Buffalo Bills,Miami Dolphins,2027-01-03T18:00Z,False,DraftKings,7.5,BUF -7.5,47.5,,,,,,,,,,2026-09-08T13:55:38Z
2026,17,Week 17,401873163,Minnesota Vikings,New York Jets,2027-01-03T18:00Z,False,DraftKings,3.5,MIN -3.5,39.5,,,,,,,,,,2026-09-08T13:55:38Z
2026,17,Week 17,401873167,Seattle Seahawks,Carolina Panthers,2027-01-03T18:00Z,False,DraftKings,5.5,SEA -5.5,42.5,,,,,,,,,,2026-09-08T13:55:38Z
2026,17,Week 17,401873168,Las Vegas Raiders,Arizona Cardinals,2027-01-03T21:05Z,False,DraftKings,1.5,LV -1.5,42.5,,,,,,,,,,2026-09-08T13:55:38Z
2026,17,Week 17,401873169,Detroit Lions,Chicago Bears,2027-01-03T21:25Z,False,DraftKings,-1.5,CHI -1.5,49.5,,,,,,,,,,2026-09-08T13:55:38Z
2026,17,Week 17,401873170,Philadelphia Eagles,San Francisco 49ers,2027-01-04T01:20Z,False,DraftKings,-1.5,SF -1.5,45.5,,,,,,,,,,2026-09-08T13:55:38Z
2026,17,Week 17,401873171,Houston Texans,Green Bay Packers,2027-01-05T01:15Z,False,DraftKings,-2.5,GB -2.5,42.5,,,,,,,,,,2026-09-08T13:55:38Z
2026,18,Week 18,401873181,New York Jets,Buffalo Bills,2027-01-10T05:00Z,False,DraftKings,-10.0,BUF -10,43.5,,,,,,,,,,2026-09-08T13:55:38Z
2026,18,Week 18,401873174,Cleveland Browns,Cincinnati Bengals,2027-01-10T05:00Z,False,DraftKings,-7.5,CIN -7.5,43.5,,,,,,,,,,2026-09-08T13:55:38Z
2026,18,Week 18,401873179,Los Angeles Chargers,Denver Broncos,2027-01-10T05:00Z,False,DraftKings,-1.5,DEN -1.5,41.5,,,,,,,,,,2026-09-08T13:55:38Z
2026,18,Week 18,401873176,Detroit Lions,Green Bay Packers,2027-01-10T05:00Z,False,DraftKings,-2.5,GB -2.5,47.5,,,,,,,,,,2026-09-08T13:55:38Z
2026,18,Week 18,401873177,Jacksonville Jaguars,Indianapolis Colts,2027-01-10T05:00Z,False,DraftKings,-1.5,IND -1.5,46.5,,,,,,,,,,2026-09-08T13:55:38Z
2026,18,Week 18,401873178,Las Vegas Raiders,Kansas City Chiefs,2027-01-10T05:00Z,False,DraftKings,-8.5,KC -8.5,40.5,,,,,,,,,,2026-09-08T13:55:38Z
2026,18,Week 18,401873185,Seattle Seahawks,Los Angeles Rams,2027-01-10T05:00Z,False,DraftKings,-3.0,LAR -3,44.5,,,,,,,,,,2026-09-08T13:55:38Z
2026,18,Week 18,401873173,Chicago Bears,Minnesota Vikings,2027-01-10T05:00Z,False,DraftKings,-1.5,MIN -1.5,43.5,,,,,,,,,,2026-09-08T13:55:38Z
2026,18,Week 18,401873180,Miami Dolphins,New England Patriots,2027-01-10T05:00Z,False,DraftKings,-10.5,NE -10.5,42.5,,,,,,,,,,2026-09-08T13:55:38Z
2026,18,Week 18,401873186,Tampa Bay Buccaneers,New Orleans Saints,2027-01-10T05:00Z,False,DraftKings,1.5,TB -1.5,43.5,,,,,,,,,,2026-09-08T13:55:38Z
2026,18,Week 18,401873182,Philadelphia Eagles,New York Giants,2027-01-10T05:00Z,False,DraftKings,3.0,PHI -3,41.5,,,,,,,,,,2026-09-08T13:55:38Z
2026,18,Week 18,401873184,San Francisco 49ers,Arizona Cardinals,2027-01-10T05:00Z,False,DraftKings,8.5,SF -8.5,44.5,,,,,,,,,,2026-09-08T13:55:38Z
2026,18,Week 18,401873175,Dallas Cowboys,Washington Commanders,2027-01-10T05:00Z,False,DraftKings,1.5,DAL -1.5,49.5,,,,,,,,,,2026-09-08T13:55:38Z
2026,18,Week 18,401873172,Atlanta Falcons,Carolina Panthers,2027-01-10T05:00Z,False,DraftKings,-2.5,CAR -2.5,41.5,,,,,,,,,,2026-09-08T13:55:38Z
2026,18,Week 18,401873183,Pittsburgh Steelers,Baltimore Ravens,2027-01-10T05:00Z,False,DraftKings,-5.5,BAL -5.5,43.5,,,,,,,,,,2026-09-08T13:55:38Z
2026,18,Week 18,401873187,Tennessee Titans,Houston Texans,2027-01-10T05:00Z,False,DraftKings,-7.0,HOU -7,39.5,,,,,,,,,,2026-09-08T13:55:38Z
2026,1,Week 1,401872656,New England Patriots,Seattle Seahawks,2026-09-10T00:20Z,False,DraftKings,-3.0,SEA -3,44.5,142,-170,0.3962430290578221,0.6037569709421778,-3.5,160.0,-192.0,61.112,75.769,2026-09-08T13:56:02Z
2026,1,Week 1,401872657,San Francisco 49ers,Los Angeles Rams,2026-09-11T00:35Z,True,DraftKings,-3.5,LAR -3.5,48.5,160,-192,0.3690596562184025,0.6309403437815976,-2.5,130.0,-155.0,60.509,86.943,2026-09-08T13:56:02Z
2026,1,Week 1,401872925,Tampa Bay Buccaneers,Cincinnati Bengals,2026-09-13T17:00Z,False,DraftKings,-3.5,CIN -3.5,50.5,170,-205,0.35527082119976705,0.644729178800233,-3.5,164.0,-198.0,61.647,59.111,2026-09-08T13:56:02Z
2026,1,Week 1,401872923,New Orleans Saints,Detroit Lions,2026-09-13T17:00Z,False,DraftKings,-7.0,DET -7,49.5,245,-305,0.27792074112197634,0.7220792588780237,-7.0,260.0,-325.0,71.88799999999999,49.015,2026-09-08T13:56:02Z
2026,1,Week 1,401872924,New York Jets,Tennessee Titans,2026-09-13T17:00Z,False,DraftKings,-1.5,TEN -1.5,39.5,105,-125,0.4675324675324675,0.5324675324675325,-3.0,142.0,-170.0,57.56400000000001,10.26,2026-09-08T13:56:02Z
2026,1,Week 1,401872659,Baltimore Ravens,Indianapolis Colts,2026-09-13T17:00Z,False,DraftKings,3.5,BAL -3.5,47.5,-175,145,0.6092362344582594,0.39076376554174075,3.5,-185.0,154.0,40.637,64.975,2026-09-08T13:56:02Z
2026,1,Week 1,401872658,Atlanta Falcons,Pittsburgh Steelers,2026-09-13T17:00Z,False,DraftKings,-3.0,PIT -3,42.5,145,-175,0.39076376554174075,0.6092362344582594,-3.0,145.0,-175.0,58.903000000000006,37.065,2026-09-08T13:56:02Z
2026,1,Week 1,401872661,Chicago Bears,Carolina Panthers,2026-09-13T17:00Z,False,DraftKings,3.0,CHI -3,47.5,-155,130,0.5829926410466066,0.4170073589533933,2.5,-135.0,114.0,40.039,41.672,2026-09-08T13:56:02Z
2026,1,Week 1,401872922,Cleveland Browns,Jacksonville Jaguars,2026-09-13T17:00Z,False,DraftKings,-8.5,JAX -8.5,40.5,340,-440,0.21809369951534735,0.7819063004846527,-7.0,230.0,-285.0,77.31,35.718,2026-09-08T13:56:02Z
2026,1,Week 1,401872660,Buffalo Bills,Houston Texans,2026-09-13T17:00Z,False,DraftKings,1.5,BUF -1.5,44.5,-115,-105,0.5108342361863488,0.4891657638136511,1.5,-112.0,-108.0,46.148,80.199,2026-09-08T13:56:02Z
2026,1,Week 1,401872928,Miami Dolphins,Las Vegas Raiders,2026-09-13T20:25Z,False,DraftKings,-3.5,LV -3.5,41.5,154,-185,0.3775334481388264,0.6224665518611737,-3.0,150.0,-180.0,59.84,5.854,2026-09-08T13:56:02Z
2026,1,Week 1,401872927,Green Bay Packers,Minnesota Vikings,2026-09-13T20:25Z,False,DraftKings,-1.5,MIN -1.5,46.5,105,-125,0.4675324675324675,0.5324675324675325,1.5,-125.0,105.0,43.094,61.478,2026-09-08T13:56:02Z
2026,1,Week 1,401872929,Washington Commanders,Philadelphia Eagles,2026-09-13T20:25Z,False,DraftKings,-5.5,PHI -5.5,44.5,180,-218,0.34252477380439467,0.6574752261956054,-5.5,195.0,-238.0,66.46600000000001,53.126,2026-09-08T13:56:02Z
2026,1,Week 1,401872926,Arizona Cardinals,Los Angeles Chargers,2026-09-13T20:25Z,False,DraftKings,-10.0,LAC -10,47.5,380,-500,0.19999999999999998,0.7999999999999999,-11.5,470.0,-625.0,80.78999999999999,42.754,2026-09-08T13:56:02Z
2026,1,Week 1,401872930,Dallas Cowboys,New York Giants,2026-09-14T00:20Z,False,DraftKings,3.0,DAL -3,48.5,-162,136,0.593369754159424,0.4066302458405761,2.5,-130.0,110.0,42.43,51.292,2026-09-08T13:56:02Z
2026,1,Week 1,401872931,Denver Broncos,Kansas City Chiefs,2026-09-15T00:15Z,False,DraftKings,-3.0,KC -3,43.5,124,-148,0.42794036443953615,0.5720596355604638,-2.5,130.0,-155.0,58.501000000000005,71.663,2026-09-08T13:56:02Z
2026,1,Week 1,401872656,New England Patriots,Seattle Seahawks,2026-09-10T00:20Z,False,DraftKings,-3.0,SEA -3,44.5,142,-170,0.3962430290578221,0.6037569709421778,-3.5,160.0,-192.0,61.112,75.769,2026-09-08T13:56:59Z
2026,1,Week 1,401872657,San Francisco 49ers,Los Angeles Rams,2026-09-11T00:35Z,True,DraftKings,-3.5,LAR -3.5,48.5,160,-192,0.3690596562184025,0.6309403437815976,-2.5,130.0,-155.0,60.509,86.943,2026-09-08T13:56:59Z
2026,1,Week 1,401872925,Tampa Bay Buccaneers,Cincinnati Bengals,2026-09-13T17:00Z,False,DraftKings,-3.5,CIN -3.5,50.5,170,-205,0.35527082119976705,0.644729178800233,-3.5,164.0,-198.0,61.647,59.111,2026-09-08T13:56:59Z
2026,1,Week 1,401872923,New Orleans Saints,Detroit Lions,2026-09-13T17:00Z,False,DraftKings,-7.0,DET -7,49.5,245,-305,0.27792074112197634,0.7220792588780237,-7.0,260.0,-325.0,71.88799999999999,49.015,2026-09-08T13:56:59Z
2026,1,Week 1,401872924,New York Jets,Tennessee Titans,2026-09-13T17:00Z,False,DraftKings,-1.5,TEN -1.5,39.5,105,-125,0.4675324675324675,0.5324675324675325,-3.0,142.0,-170.0,57.56400000000001,10.26,2026-09-08T13:56:59Z
2026,1,Week 1,401872659,Baltimore Ravens,Indianapolis Colts,2026-09-13T17:00Z,False,DraftKings,3.5,BAL -3.5,47.5,-175,145,0.6092362344582594,0.39076376554174075,3.5,-185.0,154.0,40.637,64.975,2026-09-08T13:56:59Z
2026,1,Week 1,401872658,Atlanta Falcons,Pittsburgh Steelers,2026-09-13T17:00Z,False,DraftKings,-3.0,PIT -3,42.5,145,-175,0.39076376554174075,0.6092362344582594,-3.0,145.0,-175.0,58.903000000000006,37.065,2026-09-08T13:56:59Z
2026,1,Week 1,401872661,Chicago Bears,Carolina Panthers,2026-09-13T17:00Z,False,DraftKings,3.0,CHI -3,47.5,-155,130,0.5829926410466066,0.4170073589533933,2.5,-135.0,114.0,40.039,41.672,2026-09-08T13:56:59Z
2026,1,Week 1,401872922,Cleveland Browns,Jacksonville Jaguars,2026-09-13T17:00Z,False,DraftKings,-8.5,JAX -8.5,40.5,340,-440,0.21809369951534735,0.7819063004846527,-7.0,230.0,-285.0,77.31,35.718,2026-09-08T13:56:59Z
2026,1,Week 1,401872660,Buffalo Bills,Houston Texans,2026-09-13T17:00Z,False,DraftKings,1.5,BUF -1.5,44.5,-115,-105,0.5108342361863488,0.4891657638136511,1.5,-112.0,-108.0,46.148,80.199,2026-09-08T13:56:59Z
2026,1,Week 1,401872928,Miami Dolphins,Las Vegas Raiders,2026-09-13T20:25Z,False,DraftKings,-3.5,LV -3.5,41.5,154,-185,0.3775334481388264,0.6224665518611737,-3.0,150.0,-180.0,59.84,5.854,2026-09-08T13:56:59Z
2026,1,Week 1,401872927,Green Bay Packers,Minnesota Vikings,2026-09-13T20:25Z,False,DraftKings,-1.5,MIN -1.5,46.5,105,-125,0.4675324675324675,0.5324675324675325,1.5,-125.0,105.0,43.094,61.478,2026-09-08T13:56:59Z
2026,1,Week 1,401872929,Washington Commanders,Philadelphia Eagles,2026-09-13T20:25Z,False,DraftKings,-5.5,PHI -5.5,44.5,180,-218,0.34252477380439467,0.6574752261956054,-5.5,195.0,-238.0,66.46600000000001,53.126,2026-09-08T13:56:59Z
2026,1,Week 1,401872926,Arizona Cardinals,Los Angeles Chargers,2026-09-13T20:25Z,False,DraftKings,-10.0,LAC -10,47.5,380,-500,0.19999999999999998,0.7999999999999999,-11.5,470.0,-625.0,80.78999999999999,42.754,2026-09-08T13:56:59Z
2026,1,Week 1,401872930,Dallas Cowboys,New York Giants,2026-09-14T00:20Z,False,DraftKings,3.0,DAL -3,48.5,-162,136,0.593369754159424,0.4066302458405761,2.5,-130.0,110.0,42.43,51.292,2026-09-08T13:56:59Z
2026,1,Week 1,401872931,Denver Broncos,Kansas City Chiefs,2026-09-15T00:15Z,False,DraftKings,-3.0,KC -3,43.5,124,-148,0.42794036443953615,0.5720596355604638,-2.5,130.0,-155.0,58.501000000000005,71.663,2026-09-08T13:56:59Z
2026,2,Week 2,401872932,Detroit Lions,Buffalo Bills,2026-09-18T00:15Z,False,DraftKings,-3.0,BUF -3,52.5,,,,,,,,,,2026-09-08T13:56:59Z
2026,2,Week 2,401872933,Carolina Panthers,Atlanta Falcons,2026-09-20T17:00Z,False,DraftKings,-1.5,ATL -1.5,44.5,,,,,,,,,,2026-09-08T13:56:59Z
2026,2,Week 2,401872937,Minnesota Vikings,Chicago Bears,2026-09-20T17:00Z,False,DraftKings,-3.5,CHI -3.5,45.5,,,,,,,,,,2026-09-08T13:56:59Z
2026,2,Week 2,401872939,Philadelphia Eagles,Tennessee Titans,2026-09-20T17:00Z,False,DraftKings,4.5,PHI -4.5,42.5,,,,,,,,,,2026-09-08T13:56:59Z
2026,2,Week 2,401872946,Pittsburgh Steelers,New England Patriots,2026-09-20T17:00Z,False,DraftKings,-4.5,NE -4.5,43.5,,,,,,,,,,2026-09-08T13:56:59Z
2026,2,Week 2,401872936,Green Bay Packers,New York Jets,2026-09-20T17:00Z,False,DraftKings,5.5,GB -5.5,42.5,,,,,,,,,,2026-09-08T13:56:59Z
2026,2,Week 2,401872935,Cleveland Browns,Tampa Bay Buccaneers,2026-09-20T17:00Z,False,DraftKings,-6.5,TB -6.5,42.5,,,,,,,,,,2026-09-08T13:56:59Z
2026,2,Week 2,401872938,New Orleans Saints,Baltimore Ravens,2026-09-20T17:00Z,False,DraftKings,-7.5,BAL -7.5,46.5,,,,,,,,,,2026-09-08T13:56:59Z
2026,2,Week 2,401872934,Cincinnati Bengals,Houston Texans,2026-09-20T17:00Z,False,DraftKings,-2.5,HOU -2.5,46.5,,,,,,,,,,2026-09-08T13:56:59Z
2026,2,Week 2,401872940,Jacksonville Jaguars,Denver Broncos,2026-09-20T20:05Z,False,DraftKings,-3.0,DEN -3,43.5,,,,,,,,,,2026-09-08T13:56:59Z
2026,2,Week 2,401872941,Las Vegas Raiders,Los Angeles Chargers,2026-09-20T20:05Z,False,DraftKings,-8.5,LAC -8.5,42.5,,,,,,,,,,2026-09-08T13:56:59Z
2026,2,Week 2,401872944,Washington Commanders,Dallas Cowboys,2026-09-20T20:25Z,False,DraftKings,-4.5,DAL -4.5,51.5,,,,,,,,,,2026-09-08T13:56:59Z
2026,2,Week 2,401872943,Seattle Seahawks,Arizona Cardinals,2026-09-20T20:25Z,False,DraftKings,10.0,SEA -10,44.5,,,,,,,,,,2026-09-08T13:56:59Z
2026,2,Week 2,401872942,Miami Dolphins,San Francisco 49ers,2026-09-20T20:25Z,False,DraftKings,-10.5,SF -10.5,46.5,,,,,,,,,,2026-09-08T13:56:59Z
2026,2,Week 2,401872945,Indianapolis Colts,Kansas City Chiefs,2026-09-21T00:20Z,False,DraftKings,-6.5,KC -6.5,47.5,,,,,,,,,,2026-09-08T13:56:59Z
2026,2,Week 2,401872947,New York Giants,Los Angeles Rams,2026-09-22T00:15Z,False,DraftKings,-8.5,LAR -8.5,48.5,,,,,,,,,,2026-09-08T13:56:59Z
2026,3,Week 3,401872948,Atlanta Falcons,Green Bay Packers,2026-09-25T00:15Z,False,DraftKings,-7.5,GB -7.5,46.5,,,,,,,,,,2026-09-08T13:56:59Z
2026,3,Week 3,401872953,Los Angeles Chargers,Buffalo Bills,2026-09-27T17:00Z,False,DraftKings,-3.0,BUF -3,48.5,,,,,,,,,,2026-09-08T13:56:59Z
2026,3,Week 3,401872949,Carolina Panthers,Cleveland Browns,2026-09-27T17:00Z,False,DraftKings,1.5,CAR -1.5,39.5,,,,,,,,,,2026-09-08T13:56:59Z
2026,3,Week 3,401872954,New York Jets,Detroit Lions,2026-09-27T17:00Z,False,DraftKings,-9.5,DET -9.5,45.5,,,,,,,,,,2026-09-08T13:56:59Z
2026,3,Week 3,401872951,Houston Texans,Indianapolis Colts,2026-09-27T17:00Z,False,DraftKings,1.5,HOU -1.5,45.5,,,,,,,,,,2026-09-08T13:56:59Z
2026,3,Week 3,401872952,Kansas City Chiefs,Miami Dolphins,2026-09-27T17:00Z,False,DraftKings,7.5,KC -7.5,44.5,,,,,,,,,,2026-09-08T13:56:59Z
2026,3,Week 3,401872956,Tennessee Titans,New York Giants,2026-09-27T17:00Z,False,DraftKings,-3.0,NYG -3,44.5,,,,,,,,,,2026-09-08T13:56:59Z
2026,3,Week 3,401872950,Cincinnati Bengals,Pittsburgh Steelers,2026-09-27T17:00Z,False,DraftKings,1.5,CIN -1.5,46.5,,,,,,,,,,2026-09-08T13:56:59Z
2026,3,Week 3,401872955,Seattle Seahawks,Washington Commanders,2026-09-27T17:00Z,False,DraftKings,3.5,SEA -3.5,46.5,,,,,,,,,,2026-09-08T13:56:59Z
2026,3,Week 3,401872957,New England Patriots,Jacksonville Jaguars,2026-09-27T17:00Z,False,DraftKings,-1.5,JAX -1.5,45.5,,,,,,,,,,2026-09-08T13:56:59Z
2026,3,Week 3,401872958,Arizona Cardinals,San Francisco 49ers,2026-09-27T20:05Z,False,DraftKings,-11.5,SF -11.5,46.5,,,,,,,,,,2026-09-08T13:56:59Z
2026,3,Week 3,401872959,Minnesota Vikings,Tampa Bay Buccaneers,2026-09-27T20:05Z,False,DraftKings,,,44.5,,,,,,,,,,2026-09-08T13:56:59Z
2026,3,Week 3,401872960,Baltimore Ravens,Dallas Cowboys,2026-09-27T20:25Z,True,DraftKings,2.5,BAL -2.5,51.5,,,,,,,,,,2026-09-08T13:56:59Z
2026,3,Week 3,401872961,Las Vegas Raiders,New Orleans Saints,2026-09-27T20:25Z,False,DraftKings,-3.5,NO -3.5,42.5,,,,,,,,,,2026-09-08T13:56:59Z
2026,3,Week 3,401872962,Los Angeles Rams,Denver Broncos,2026-09-28T00:20Z,False,DraftKings,3.0,LAR -3,45.5,,,,,,,,,,2026-09-08T13:56:59Z
2026,3,Week 3,401872963,Philadelphia Eagles,Chicago Bears,2026-09-29T00:15Z,False,DraftKings,-1.5,CHI -1.5,46.5,,,,,,,,,,2026-09-08T13:56:59Z
2026,4,Week 4,401872964,Pittsburgh Steelers,Cleveland Browns,2026-10-02T00:15Z,False,DraftKings,2.5,PIT -2.5,40.5,,,,,,,,,,2026-09-08T13:56:59Z
2026,4,Week 4,401872965,Indianapolis Colts,Washington Commanders,2026-10-04T13:30Z,True,DraftKings,-1.5,WSH -1.5,50.5,,,,,,,,,,2026-09-08T13:56:59Z
2026,4,Week 4,401872971,New England Patriots,Buffalo Bills,2026-10-04T17:00Z,False,DraftKings,-3.0,BUF -3,49.5,,,,,,,,,,2026-09-08T13:56:59Z
2026,4,Week 4,401872972,New York Jets,Chicago Bears,2026-10-04T17:00Z,False,DraftKings,-8.5,CHI -8.5,45.5,,,,,,,,,,2026-09-08T13:56:59Z
2026,4,Week 4,401872969,Jacksonville Jaguars,Cincinnati Bengals,2026-10-04T17:00Z,False,DraftKings,-2.5,CIN -2.5,51.5,,,,,,,,,,2026-09-08T13:56:59Z
2026,4,Week 4,401872966,Arizona Cardinals,New York Giants,2026-10-04T17:00Z,False,DraftKings,-7.0,NYG -7,45.5,,,,,,,,,,2026-09-08T13:56:59Z
2026,4,Week 4,401872970,Los Angeles Rams,Philadelphia Eagles,2026-10-04T17:00Z,False,DraftKings,1.5,LAR -1.5,47.5,,,,,,,,,,2026-09-08T13:56:59Z
2026,4,Week 4,401872968,Green Bay Packers,Tampa Bay Buccaneers,2026-10-04T17:00Z,False,DraftKings,1.5,GB -1.5,47.5,,,,,,,,,,2026-09-08T13:56:59Z
2026,4,Week 4,401872973,Tennessee Titans,Baltimore Ravens,2026-10-04T17:00Z,False,DraftKings,-8.5,BAL -8.5,47.5,,,,,,,,,,2026-09-08T13:56:59Z
2026,4,Week 4,401872967,Dallas Cowboys,Houston Texans,2026-10-04T17:00Z,False,DraftKings,-2.5,HOU -2.5,47.5,,,,,,,,,,2026-09-08T13:56:59Z
2026,4,Week 4,401872974,Miami Dolphins,Minnesota Vikings,2026-10-04T20:05Z,False,DraftKings,-7.5,MIN -7.5,43.5,,,,,,,,,,2026-09-08T13:56:59Z
2026,4,Week 4,401872976,Kansas City Chiefs,Las Vegas Raiders,2026-10-04T20:25Z,False,DraftKings,5.5,KC -5.5,43.5,,,,,,,,,,2026-09-08T13:56:59Z
2026,4,Week 4,401872975,Denver Broncos,San Francisco 49ers,2026-10-04T20:25Z,False,DraftKings,-2.5,SF -2.5,46.5,,,,,,,,,,2026-09-08T13:56:59Z
2026,4,Week 4,401872977,Los Angeles Chargers,Seattle Seahawks,2026-10-04T20:25Z,False,DraftKings,-3.0,SEA -3,45.5,,,,,,,,,,2026-09-08T13:56:59Z
2026,4,Week 4,401872978,Detroit Lions,Carolina Panthers,2026-10-05T00:20Z,False,DraftKings,3.0,DET -3,47.5,,,,,,,,,,2026-09-08T13:56:59Z
2026,4,Week 4,401872979,Atlanta Falcons,New Orleans Saints,2026-10-06T00:15Z,False,DraftKings,-2.5,NO -2.5,45.5,,,,,,,,,,2026-09-08T13:56:59Z
2026,5,Week 5,401872980,Tampa Bay Buccaneers,Dallas Cowboys,2026-10-09T00:15Z,False,DraftKings,-3.5,DAL -3.5,52.5,,,,,,,,,,2026-09-08T13:56:59Z
2026,5,Week 5,401872981,Philadelphia Eagles,Jacksonville Jaguars,2026-10-11T13:30Z,True,DraftKings,1.5,PHI -1.5,45.5,,,,,,,,,,2026-09-08T13:56:59Z
2026,5,Week 5,401872984,Houston Texans,Tennessee Titans,2026-10-11T17:00Z,False,DraftKings,3.5,HOU -3.5,43.5,,,,,,,,,,2026-09-08T13:56:59Z
2026,5,Week 5,401872982,Cincinnati Bengals,Miami Dolphins,2026-10-11T17:00Z,False,DraftKings,6.0,CIN -6,49.5,,,,,,,,,,2026-09-08T13:56:59Z
2026,5,Week 5,401872986,Las Vegas Raiders,New England Patriots,2026-10-11T17:00Z,False,DraftKings,-8.5,NE -8.5,44.5,,,,,,,,,,2026-09-08T13:56:59Z
2026,5,Week 5,401872987,Minnesota Vikings,New Orleans Saints,2026-10-11T17:00Z,False,DraftKings,1.5,MIN -1.5,44.5,,,,,,,,,,2026-09-08T13:56:59Z
2026,5,Week 5,401872983,Cleveland Browns,New York Jets,2026-10-11T17:00Z,False,DraftKings,-1.5,NYJ -1.5,39.5,,,,,,,,,,2026-09-08T13:56:59Z
2026,5,Week 5,401872985,Indianapolis Colts,Pittsburgh Steelers,2026-10-11T17:00Z,False,DraftKings,-2.5,PIT -2.5,47.5,,,,,,,,,,2026-09-08T13:56:59Z
2026,5,Week 5,401872988,New York Giants,Washington Commanders,2026-10-11T17:00Z,False,DraftKings,-1.5,WSH -1.5,48.5,,,,,,,,,,2026-09-08T13:56:59Z
2026,5,Week 5,401872989,Denver Broncos,Los Angeles Chargers,2026-10-11T20:05Z,False,DraftKings,-2.5,LAC -2.5,44.5,,,,,,,,,,2026-09-08T13:56:59Z
2026,5,Week 5,401872990,Chicago Bears,Green Bay Packers,2026-10-11T20:25Z,False,DraftKings,-3.0,GB -3,49.5,,,,,,,,,,2026-09-08T13:56:59Z
2026,5,Week 5,401872991,Detroit Lions,Arizona Cardinals,2026-10-11T20:25Z,False,DraftKings,8.5,DET -8.5,48.5,,,,,,,,,,2026-09-08T13:56:59Z
2026,5,Week 5,401872992,San Francisco 49ers,Seattle Seahawks,2026-10-11T20:25Z,False,DraftKings,-3.5,SEA -3.5,48.5,,,,,,,,,,2026-09-08T13:56:59Z
2026,5,Week 5,401872993,Baltimore Ravens,Atlanta Falcons,2026-10-12T00:20Z,False,DraftKings,4.5,BAL -4.5,48.5,,,,,,,,,,2026-09-08T13:56:59Z
2026,5,Week 5,401872994,Buffalo Bills,Los Angeles Rams,2026-10-13T00:15Z,False,DraftKings,-3.0,LAR -3,53.5,,,,,,,,,,2026-09-08T13:56:59Z
2026,6,Week 6,401872995,Seattle Seahawks,Denver Broncos,2026-10-16T00:15Z,False,DraftKings,1.5,SEA -1.5,43.5,,,,,,,,,,2026-09-08T13:56:59Z
2026,6,Week 6,401872996,Houston Texans,Jacksonville Jaguars,2026-10-18T13:30Z,True,DraftKings,-1.5,JAX -1.5,42.5,,,,,,,,,,2026-09-08T13:56:59Z
2026,6,Week 6,401872999,Chicago Bears,Atlanta Falcons,2026-10-18T17:00Z,False,DraftKings,3.0,CHI -3,47.5,,,,,,,,,,2026-09-08T13:56:59Z
2026,6,Week 6,401872997,Baltimore Ravens,Cleveland Browns,2026-10-18T17:00Z,False,DraftKings,6.5,BAL -6.5,44.5,,,,,,,,,,2026-09-08T13:56:59Z
2026,6,Week 6,401873003,Tennessee Titans,Indianapolis Colts,2026-10-18T17:00Z,False,DraftKings,-3.5,IND -3.5,47.5,,,,,,,,,,2026-09-08T13:56:59Z
2026,6,Week 6,401873001,New York Jets,New England Patriots,2026-10-18T17:00Z,False,DraftKings,-9.5,NE -9.5,42.5,,,,,,,,,,2026-09-08T13:56:59Z
2026,6,Week 6,401873000,New Orleans Saints,New York Giants,2026-10-18T17:00Z,False,DraftKings,-2.5,NYG -2.5,44.5,,,,,,,,,,2026-09-08T13:56:59Z
2026,6,Week 6,401872998,Carolina Panthers,Philadelphia Eagles,2026-10-18T17:00Z,False,DraftKings,-6.5,PHI -6.5,43.5,,,,,,,,,,2026-09-08T13:56:59Z
2026,6,Week 6,401873002,Pittsburgh Steelers,Tampa Bay Buccaneers,2026-10-18T17:00Z,False,DraftKings,-1.5,TB -1.5,45.5,,,,,,,,,,2026-09-08T13:56:59Z
2026,6,Week 6,401873004,Arizona Cardinals,Los Angeles Rams,2026-10-18T20:05Z,False,DraftKings,-13.5,LAR -13.5,47.5,,,,,,,,,,2026-09-08T13:56:59Z
2026,6,Week 6,401873006,Los Angeles Chargers,Kansas City Chiefs,2026-10-18T20:25Z,False,DraftKings,-2.5,KC -2.5,46.5,,,,,,,,,,2026-09-08T13:56:59Z
2026,6,Week 6,401873005,Buffalo Bills,Las Vegas Raiders,2026-10-18T20:25Z,False,DraftKings,6.5,BUF -6.5,47.5,,,,,,,,,,2026-09-08T13:56:59Z
2026,6,Week 6,401873007,Dallas Cowboys,Green Bay Packers,2026-10-19T00:20Z,False,DraftKings,-3.0,GB -3,51.5,,,,,,,,,,2026-09-08T13:56:59Z
2026,6,Week 6,401873008,Washington Commanders,San Francisco 49ers,2026-10-20T00:15Z,False,DraftKings,-5.5,SF -5.5,50.5,,,,,,,,,,2026-09-08T13:56:59Z
2026,7,Week 7,401873010,New England Patriots,Chicago Bears,2026-10-23T00:15Z,False,DraftKings,-1.5,CHI -1.5,47.5,,,,,,,,,,2026-09-08T13:56:59Z
2026,7,Week 7,401873011,Pittsburgh Steelers,New Orleans Saints,2026-10-25T13:30Z,True,DraftKings,2.5,PIT -2.5,42.5,,,,,,,,,,2026-09-08T13:56:59Z
2026,7,Week 7,401873017,San Francisco 49ers,Atlanta Falcons,2026-10-25T17:00Z,False,DraftKings,4.5,SF -4.5,47.5,,,,,,,,,,2026-09-08T13:56:59Z
2026,7,Week 7,401873013,Cleveland Browns,Tennessee Titans,2026-10-25T17:00Z,False,DraftKings,-2.5,TEN -2.5,40.5,,,,,,,,,,2026-09-08T13:56:59Z
2026,7,Week 7,401873014,Indianapolis Colts,Minnesota Vikings,2026-10-25T17:00Z,False,DraftKings,-2.5,MIN -2.5,46.5,,,,,,,,,,2026-09-08T13:56:59Z
2026,7,Week 7,401873015,Miami Dolphins,New York Jets,2026-10-25T17:00Z,False,DraftKings,-2.5,NYJ -2.5,41.5,,,,,,,,,,2026-09-08T13:56:59Z
2026,7,Week 7,401873018,Tampa Bay Buccaneers,Carolina Panthers,2026-10-25T17:00Z,False,DraftKings,1.5,TB -1.5,45.5,,,,,,,,,,2026-09-08T13:56:59Z
2026,7,Week 7,401873012,Cincinnati Bengals,Baltimore Ravens,2026-10-25T17:00Z,False,DraftKings,-3.5,BAL -3.5,51.5,,,,,,,,,,2026-09-08T13:56:59Z
2026,7,Week 7,401873016,New York Giants,Houston Texans,2026-10-25T17:00Z,False,DraftKings,-5.5,HOU -5.5,43.5,,,,,,,,,,2026-09-08T13:56:59Z
2026,7,Week 7,401873019,Denver Broncos,Arizona Cardinals,2026-10-25T20:05Z,False,DraftKings,7.5,DEN -7.5,43.5,,,,,,,,,,2026-09-08T13:56:59Z
2026,7,Week 7,401873020,Green Bay Packers,Detroit Lions,2026-10-25T20:25Z,False,DraftKings,-2.5,DET -2.5,50.5,,,,,,,,,,2026-09-08T13:56:59Z
2026,7,Week 7,401873021,Los Angeles Rams,Las Vegas Raiders,2026-10-25T20:25Z,False,DraftKings,7.5,LAR -7.5,46.5,,,,,,,,,,2026-09-08T13:56:59Z
2026,7,Week 7,401873022,Kansas City Chiefs,Seattle Seahawks,2026-10-26T00:20Z,False,DraftKings,-3.0,SEA -3,45.5,,,,,,,,,,2026-09-08T13:56:59Z
2026,7,Week 7,401873009,Dallas Cowboys,Philadelphia Eagles,2026-10-27T00:15Z,False,DraftKings,-3.0,PHI -3,48.5,,,,,,,,,,2026-09-08T13:56:59Z
2026,8,Week 8,401873023,Carolina Panthers,Green Bay Packers,2026-10-30T00:15Z,False,DraftKings,-7.0,GB -7,45.5,,,,,,,,,,2026-09-08T13:56:59Z
2026,8,Week 8,401873026,Baltimore Ravens,Buffalo Bills,2026-11-01T18:00Z,False,DraftKings,-2.5,BUF -2.5,51.5,,,,,,,,,,2026-09-08T13:56:59Z
2026,8,Week 8,401873031,Tennessee Titans,Cincinnati Bengals,2026-11-01T18:00Z,False,DraftKings,-6.5,CIN -6.5,49.5,,,,,,,,,,2026-09-08T13:56:59Z
2026,8,Week 8,401873024,Arizona Cardinals,Dallas Cowboys,2026-11-01T18:00Z,False,DraftKings,-10.5,DAL -10.5,47.5,,,,,,,,,,2026-09-08T13:56:59Z
2026,8,Week 8,401873030,Minnesota Vikings,Detroit Lions,2026-11-01T18:00Z,False,DraftKings,-4.5,DET -4.5,47.5,,,,,,,,,,2026-09-08T13:56:59Z
2026,8,Week 8,401873029,Las Vegas Raiders,New York Jets,2026-11-01T18:00Z,False,DraftKings,-1.5,NYJ -1.5,40.5,,,,,,,,,,2026-09-08T13:56:59Z
2026,8,Week 8,401873027,Cleveland Browns,Pittsburgh Steelers,2026-11-01T18:00Z,False,DraftKings,-6.0,PIT -6,39.5,,,,,,,,,,2026-09-08T13:56:59Z
2026,8,Week 8,401873025,Atlanta Falcons,Tampa Bay Buccaneers,2026-11-01T18:00Z,False,DraftKings,-4.5,TB -4.5,46.5,,,,,,,,,,2026-09-08T13:56:59Z
2026,8,Week 8,401873028,Indianapolis Colts,Jacksonville Jaguars,2026-11-01T18:00Z,False,DraftKings,-4.5,JAX -4.5,49.5,,,,,,,,,,2026-09-08T13:56:59Z
2026,8,Week 8,401873032,Los Angeles Chargers,Los Angeles Rams,2026-11-01T21:05Z,False,DraftKings,-4.5,LAR -4.5,48.5,,,,,,,,,,2026-09-08T13:56:59Z
2026,8,Week 8,401873033,Kansas City Chiefs,Denver Broncos,2026-11-01T21:25Z,False,DraftKings,-1.5,DEN -1.5,43.5,,,,,,,,,,2026-09-08T13:56:59Z
2026,8,Week 8,401873034,New England Patriots,Miami Dolphins,2026-11-01T21:25Z,False,DraftKings,7.0,NE -7,45.5,,,,,,,,,,2026-09-08T13:56:59Z
2026,8,Week 8,401873035,Philadelphia Eagles,Washington Commanders,2026-11-02T01:20Z,False,DraftKings,1.5,PHI -1.5,46.5,,,,,,,,,,2026-09-08T13:56:59Z
2026,8,Week 8,401873036,Chicago Bears,Seattle Seahawks,2026-11-03T01:15Z,False,DraftKings,-4.5,SEA -4.5,47.5,,,,,,,,,,2026-09-08T13:56:59Z
2026,9,Week 9,401873037,Jacksonville Jaguars,Baltimore Ravens,2026-11-06T01:15Z,False,DraftKings,-4.5,BAL -4.5,49.5,,,,,,,,,,2026-09-08T13:56:59Z
2026,9,Week 9,401873038,Cincinnati Bengals,Atlanta Falcons,2026-11-08T14:30Z,True,DraftKings,5.5,CIN -5.5,49.5,,,,,,,,,,2026-09-08T13:56:59Z
2026,9,Week 9,401873040,Dallas Cowboys,Indianapolis Colts,2026-11-08T18:00Z,False,DraftKings,1.5,DAL -1.5,52.5,,,,,,,,,,2026-09-08T13:56:59Z
2026,9,Week 9,401873045,New York Jets,Kansas City Chiefs,2026-11-08T18:00Z,False,DraftKings,-9.5,KC -9.5,41.5,,,,,,,,,,2026-09-08T13:56:59Z
2026,9,Week 9,401873042,Detroit Lions,Miami Dolphins,2026-11-08T18:00Z,False,DraftKings,6.5,DET -6.5,47.5,,,,,,,,,,2026-09-08T13:56:59Z
2026,9,Week 9,401873039,Cleveland Browns,New Orleans Saints,2026-11-08T18:00Z,False,DraftKings,-3.5,NO -3.5,41.5,,,,,,,,,,2026-09-08T13:56:59Z
2026,9,Week 9,401873044,New York Giants,Philadelphia Eagles,2026-11-08T18:00Z,False,DraftKings,-5.5,PHI -5.5,44.5,,,,,,,,,,2026-09-08T13:56:59Z
2026,9,Week 9,401873043,Los Angeles Rams,Washington Commanders,2026-11-08T18:00Z,False,DraftKings,4.5,LAR -4.5,50.5,,,,,,,,,,2026-09-08T13:56:59Z
2026,9,Week 9,401873041,Denver Broncos,Carolina Panthers,2026-11-08T18:00Z,False,DraftKings,3.0,DEN -3,42.5,,,,,,,,,,2026-09-08T13:56:59Z
2026,9,Week 9,401873046,Houston Texans,Los Angeles Chargers,2026-11-08T21:05Z,False,DraftKings,-2.5,LAC -2.5,43.5,,,,,,,,,,2026-09-08T13:56:59Z
2026,9,Week 9,401873047,Las Vegas Raiders,San Francisco 49ers,2026-11-08T21:05Z,False,DraftKings,-8.5,SF -8.5,46.5,,,,,,,,,,2026-09-08T13:56:59Z
2026,9,Week 9,401873049,Green Bay Packers,New England Patriots,2026-11-08T21:25Z,False,DraftKings,-1.5,NE -1.5,46.5,,,,,,,,,,2026-09-08T13:56:59Z
2026,9,Week 9,401873048,Arizona Cardinals,Seattle Seahawks,2026-11-08T21:25Z,False,DraftKings,-13.5,SEA -13.5,45.5,,,,,,,,,,2026-09-08T13:56:59Z
2026,9,Week 9,401873050,Tampa Bay Buccaneers,Chicago Bears,2026-11-09T01:20Z,False,DraftKings,-3.5,CHI -3.5,48.5,,,,,,,,,,2026-09-08T13:56:59Z
2026,9,Week 9,401873051,Buffalo Bills,Minnesota Vikings,2026-11-10T01:15Z,False,DraftKings,3.0,BUF -3,48.5,,,,,,,,,,2026-09-08T13:56:59Z
2026,10,Week 10,401873052,Washington Commanders,New York Giants,2026-11-13T01:15Z,False,DraftKings,-1.5,NYG -1.5,47.5,,,,,,,,,,2026-09-08T13:56:59Z
2026,10,Week 10,401873053,New England Patriots,Detroit Lions,2026-11-15T14:30Z,True,DraftKings,-1.5,DET -1.5,48.5,,,,,,,,,,2026-09-08T13:56:59Z
2026,10,Week 10,401873058,Kansas City Chiefs,Atlanta Falcons,2026-11-15T18:00Z,False,DraftKings,4.5,KC -4.5,45.5,,,,,,,,,,2026-09-08T13:56:59Z
2026,10,Week 10,401873056,Houston Texans,Cleveland Browns,2026-11-15T18:00Z,False,DraftKings,4.5,HOU -4.5,38.5,,,,,,,,,,2026-09-08T13:56:59Z
2026,10,Week 10,401873060,Minnesota Vikings,Green Bay Packers,2026-11-15T18:00Z,False,DraftKings,-4.5,GB -4.5,45.5,,,,,,,,,,2026-09-08T13:56:59Z
2026,10,Week 10,401873057,Jacksonville Jaguars,Tennessee Titans,2026-11-15T18:00Z,False,DraftKings,2.5,JAX -2.5,45.5,,,,,,,,,,2026-09-08T13:56:59Z
2026,10,Week 10,401873059,Miami Dolphins,Indianapolis Colts,2026-11-15T18:00Z,False,DraftKings,-6.5,IND -6.5,47.5,,,,,,,,,,2026-09-08T13:56:59Z
2026,10,Week 10,401873055,Carolina Panthers,New Orleans Saints,2026-11-15T18:00Z,False,DraftKings,-1.5,NO -1.5,43.5,,,,,,,,,,2026-09-08T13:56:59Z
2026,10,Week 10,401873054,Buffalo Bills,New York Jets,2026-11-15T18:00Z,False,DraftKings,7.0,BUF -7,46.5,,,,,,,,,,2026-09-08T13:56:59Z
2026,10,Week 10,401873062,Seattle Seahawks,Las Vegas Raiders,2026-11-15T21:05Z,False,DraftKings,7.0,SEA -7,43.5,,,,,,,,,,2026-09-08T13:56:59Z
2026,10,Week 10,401873061,Los Angeles Rams,Arizona Cardinals,2026-11-15T21:05Z,False,DraftKings,10.5,LAR -10.5,47.5,,,,,,,,,,2026-09-08T13:56:59Z
2026,10,Week 10,401873063,San Francisco 49ers,Dallas Cowboys,2026-11-15T21:25Z,False,DraftKings,-1.5,DAL -1.5,52.5,,,,,,,,,,2026-09-08T13:56:59Z
2026,10,Week 10,401873064,Pittsburgh Steelers,Cincinnati Bengals,2026-11-16T01:20Z,False,DraftKings,-3.5,CIN -3.5,47.5,,,,,,,,,,2026-09-08T13:56:59Z
2026,10,Week 10,401873065,Los Angeles Chargers,Baltimore Ravens,2026-11-17T01:15Z,False,DraftKings,-3.5,BAL -3.5,47.5,,,,,,,,,,2026-09-08T13:56:59Z
2026,11,Week 11,401873066,Indianapolis Colts,Houston Texans,2026-11-20T01:15Z,False,DraftKings,-5.5,HOU -5.5,45.5,,,,,,,,,,2026-09-08T13:56:59Z
2026,11,Week 11,401873070,Miami Dolphins,Buffalo Bills,2026-11-22T18:00Z,False,DraftKings,-11.5,BUF -11.5,47.5,,,,,,,,,,2026-09-08T13:56:59Z
2026,11,Week 11,401873071,New Orleans Saints,Chicago Bears,2026-11-22T18:00Z,False,DraftKings,-6.5,CHI -6.5,46.5,,,,,,,,,,2026-09-08T13:56:59Z
2026,11,Week 11,401873073,Tennessee Titans,Dallas Cowboys,2026-11-22T18:00Z,False,DraftKings,-6.5,DAL -6.5,48.5,,,,,,,,,,2026-09-08T13:56:59Z
2026,11,Week 11,401873072,Tampa Bay Buccaneers,Detroit Lions,2026-11-22T18:00Z,False,DraftKings,-4.5,DET -4.5,49.5,,,,,,,,,,2026-09-08T13:56:59Z
2026,11,Week 11,401873067,Arizona Cardinals,Kansas City Chiefs,2026-11-22T18:00Z,False,DraftKings,-11.5,KC -11.5,44.5,,,,,,,,,,2026-09-08T13:56:59Z
2026,11,Week 11,401873069,Jacksonville Jaguars,New York Giants,2026-11-22T18:00Z,False,DraftKings,1.5,JAX -1.5,46.5,,,,,,,,,,2026-09-08T13:56:59Z
2026,11,Week 11,401873068,Baltimore Ravens,Carolina Panthers,2026-11-22T18:00Z,False,DraftKings,4.5,BAL -4.5,46.5,,,,,,,,,,2026-09-08T13:56:59Z
2026,11,Week 11,401873074,New York Jets,Los Angeles Chargers,2026-11-22T21:05Z,False,DraftKings,-9.5,LAC -9.5,41.5,,,,,,,,,,2026-09-08T13:56:59Z
2026,11,Week 11,401873075,Las Vegas Raiders,Denver Broncos,2026-11-22T21:25Z,False,DraftKings,-7.5,DEN -7.5,41.5,,,,,,,,,,2026-09-08T13:56:59Z
2026,11,Week 11,401873076,Pittsburgh Steelers,Philadelphia Eagles,2026-11-22T21:25Z,False,DraftKings,-5.5,PHI -5.5,42.5,,,,,,,,,,2026-09-08T13:56:59Z
2026,11,Week 11,401873077,Minnesota Vikings,San Francisco 49ers,2026-11-23T01:20Z,True,DraftKings,-3.5,SF -3.5,46.5,,,,,,,,,,2026-09-08T13:56:59Z
2026,11,Week 11,401873078,Cincinnati Bengals,Washington Commanders,2026-11-24T01:15Z,False,DraftKings,1.5,CIN -1.5,52.5,,,,,,,,,,2026-09-08T13:56:59Z
2026,12,Week 12,401873079,Green Bay Packers,Los Angeles Rams,2026-11-26T01:00Z,False,DraftKings,-4.5,LAR -4.5,48.5,,,,,,,,,,2026-09-08T13:56:59Z
2026,12,Week 12,401873081,Chicago Bears,Detroit Lions,2026-11-26T18:00Z,False,DraftKings,-2.5,DET -2.5,52.5,,,,,,,,,,2026-09-08T13:56:59Z
2026,12,Week 12,401873080,Philadelphia Eagles,Dallas Cowboys,2026-11-26T21:30Z,False,DraftKings,-1.5,DAL -1.5,49.5,,,,,,,,,,2026-09-08T13:56:59Z
2026,12,Week 12,401873082,Kansas City Chiefs,Buffalo Bills,2026-11-27T01:20Z,False,DraftKings,-2.5,BUF -2.5,50.5,,,,,,,,,,2026-09-08T13:56:59Z
2026,12,Week 12,401873083,Denver Broncos,Pittsburgh Steelers,2026-11-27T20:00Z,False,DraftKings,1.5,DEN -1.5,39.5,,,,,,,,,,2026-09-08T13:56:59Z
2026,12,Week 12,401873087,New Orleans Saints,Cincinnati Bengals,2026-11-29T18:00Z,False,DraftKings,-6.5,CIN -6.5,48.5,,,,,,,,,,2026-09-08T13:56:59Z
2026,12,Week 12,401873086,Las Vegas Raiders,Cleveland Browns,2026-11-29T18:00Z,False,DraftKings,-1.5,CLE -1.5,39.5,,,,,,,,,,2026-09-08T13:56:59Z
2026,12,Week 12,401873088,New York Giants,Indianapolis Colts,2026-11-29T18:00Z,False,DraftKings,-2.5,IND -2.5,47.5,,,,,,,,,,2026-09-08T13:56:59Z
2026,12,Week 12,401873089,New York Jets,Miami Dolphins,2026-11-29T18:00Z,False,DraftKings,-1.5,MIA -1.5,40.5,,,,,,,,,,2026-09-08T13:56:59Z
2026,12,Week 12,401873084,Atlanta Falcons,Minnesota Vikings,2026-11-29T18:00Z,False,DraftKings,-4.5,MIN -4.5,43.5,,,,,,,,,,2026-09-08T13:56:59Z
2026,12,Week 12,401873085,Baltimore Ravens,Houston Texans,2026-11-29T18:00Z,False,DraftKings,-1.5,HOU -1.5,45.5,,,,,,,,,,2026-09-08T13:56:59Z
2026,12,Week 12,401873090,Tennessee Titans,Jacksonville Jaguars,2026-11-29T21:05Z,False,DraftKings,-5.5,JAX -5.5,45.5,,,,,,,,,,2026-09-08T13:56:59Z
2026,12,Week 12,401873092,Washington Commanders,Arizona Cardinals,2026-11-29T21:25Z,False,DraftKings,4.5,WSH -4.5,47.5,,,,,,,,,,2026-09-08T13:56:59Z
2026,12,Week 12,401873091,Seattle Seahawks,San Francisco 49ers,2026-11-29T21:25Z,False,DraftKings,-1.5,SF -1.5,46.5,,,,,,,,,,2026-09-08T13:56:59Z
2026,12,Week 12,401873093,New England Patriots,Los Angeles Chargers,2026-11-30T01:20Z,False,DraftKings,-1.5,LAC -1.5,45.5,,,,,,,,,,2026-09-08T13:56:59Z
2026,12,Week 12,401873094,Carolina Panthers,Tampa Bay Buccaneers,2026-12-01T01:15Z,False,DraftKings,-3.5,TB -3.5,44.5,,,,,,,,,,2026-09-08T13:56:59Z
2026,13,Week 13,401873096,Kansas City Chiefs,Los Angeles Rams,2026-12-04T01:15Z,False,DraftKings,-3.5,LAR -3.5,47.5,,,,,,,,,,2026-09-08T13:56:59Z
2026,13,Week 13,401873098,Detroit Lions,Atlanta Falcons,2026-12-06T18:00Z,False,DraftKings,3.5,DET -3.5,48.5,,,,,,,,,,2026-09-08T13:56:59Z
2026,13,Week 13,401873100,Jacksonville Jaguars,Chicago Bears,2026-12-06T18:00Z,False,DraftKings,-3.0,CHI -3,47.5,,,,,,,,,,2026-09-08T13:56:59Z
2026,13,Week 13,401873097,Cincinnati Bengals,Cleveland Browns,2026-12-06T18:00Z,False,DraftKings,4.5,CIN -4.5,45.5,,,,,,,,,,2026-09-08T13:56:59Z
2026,13,Week 13,401873102,Washington Commanders,Tennessee Titans,2026-12-06T18:00Z,False,DraftKings,1.5,WSH -1.5,46.5,,,,,,,,,,2026-09-08T13:56:59Z
2026,13,Week 13,401873099,Green Bay Packers,New Orleans Saints,2026-12-06T18:00Z,False,DraftKings,4.5,GB -4.5,45.5,,,,,,,,,,2026-09-08T13:56:59Z
2026,13,Week 13,401873095,San Francisco 49ers,New York Giants,2026-12-06T18:00Z,False,DraftKings,3.0,SF -3,47.5,,,,,,,,,,2026-09-08T13:56:59Z
2026,13,Week 13,401873101,Los Angeles Chargers,Tampa Bay Buccaneers,2026-12-06T18:00Z,False,DraftKings,2.5,LAC -2.5,46.5,,,,,,,,,,2026-09-08T13:56:59Z
2026,13,Week 13,401873103,Miami Dolphins,Denver Broncos,2026-12-06T21:05Z,False,DraftKings,-9.5,DEN -9.5,42.5,,,,,,,,,,2026-09-08T13:56:59Z
2026,13,Week 13,401873104,Philadelphia Eagles,Arizona Cardinals,2026-12-06T21:05Z,False,DraftKings,8.5,PHI -8.5,43.5,,,,,,,,,,2026-09-08T13:56:59Z
2026,13,Week 13,401873106,Carolina Panthers,Minnesota Vikings,2026-12-06T21:25Z,False,DraftKings,-3.5,MIN -3.5,42.5,,,,,,,,,,2026-09-08T13:56:59Z
2026,13,Week 13,401873105,Buffalo Bills,New England Patriots,2026-12-06T21:25Z,False,DraftKings,-1.5,NE -1.5,48.5,,,,,,,,,,2026-09-08T13:56:59Z
2026,13,Week 13,401873107,Houston Texans,Pittsburgh Steelers,2026-12-07T01:20Z,False,DraftKings,1.5,HOU -1.5,41.5,,,,,,,,,,2026-09-08T13:56:59Z
2026,13,Week 13,401873108,Dallas Cowboys,Seattle Seahawks,2026-12-08T01:15Z,False,DraftKings,-4.5,SEA -4.5,48.5,,,,,,,,,,2026-09-08T13:56:59Z
2026,14,Week 14,401873109,Minnesota Vikings,New England Patriots,2026-12-11T01:15Z,False,DraftKings,-4.5,NE -4.5,43.5,,,,,,,,,,2026-09-08T13:56:59Z
2026,14,Week 14,401873110,Atlanta Falcons,Cleveland Browns,2026-12-13T18:00Z,False,DraftKings,-1.5,CLE -1.5,40.5,,,,,,,,,,2026-09-08T13:56:59Z
2026,14,Week 14,401873117,Tennessee Titans,Detroit Lions,2026-12-13T18:00Z,False,DraftKings,-7.5,DET -7.5,47.5,,,,,,,,,,2026-09-08T13:56:59Z
2026,14,Week 14,401873111,Chicago Bears,Miami Dolphins,2026-12-13T18:00Z,False,DraftKings,5.5,CHI -5.5,46.5,,,,,,,,,,2026-09-08T13:56:59Z
2026,14,Week 14,401873112,Denver Broncos,New York Jets,2026-12-13T18:00Z,False,DraftKings,5.5,DEN -5.5,39.5,,,,,,,,,,2026-09-08T13:56:59Z
2026,14,Week 14,401873114,Indianapolis Colts,Philadelphia Eagles,2026-12-13T18:00Z,False,DraftKings,-5.5,PHI -5.5,46.5,,,,,,,,,,2026-09-08T13:56:59Z
2026,14,Week 14,401873113,Houston Texans,Washington Commanders,2026-12-13T18:00Z,False,DraftKings,1.5,HOU -1.5,44.5,,,,,,,,,,2026-09-08T13:56:59Z
2026,14,Week 14,401873115,New Orleans Saints,Carolina Panthers,2026-12-13T18:00Z,False,DraftKings,-2.5,CAR -2.5,43.5,,,,,,,,,,2026-09-08T13:56:59Z
2026,14,Week 14,401873116,Tampa Bay Buccaneers,Baltimore Ravens,2026-12-13T18:00Z,False,DraftKings,-6.0,BAL -6,48.5,,,,,,,,,,2026-09-08T13:56:59Z
2026,14,Week 14,401873118,Los Angeles Chargers,Las Vegas Raiders,2026-12-13T21:05Z,False,DraftKings,5.5,LAC -5.5,43.5,,,,,,,,,,2026-09-08T13:56:59Z
2026,14,Week 14,401873119,Kansas City Chiefs,Cincinnati Bengals,2026-12-13T21:25Z,False,DraftKings,-1.5,CIN -1.5,48.5,,,,,,,,,,2026-09-08T13:56:59Z
2026,14,Week 14,401873120,Los Angeles Rams,San Francisco 49ers,2026-12-13T21:25Z,False,DraftKings,2.5,LAR -2.5,49.5,,,,,,,,,,2026-09-08T13:56:59Z
2026,14,Week 14,401873121,New York Giants,Seattle Seahawks,2026-12-13T21:25Z,False,DraftKings,-7.5,SEA -7.5,45.5,,,,,,,,,,2026-09-08T13:56:59Z
2026,14,Week 14,401873122,Buffalo Bills,Green Bay Packers,2026-12-14T01:20Z,False,DraftKings,-1.5,GB -1.5,49.5,,,,,,,,,,2026-09-08T13:56:59Z
2026,14,Week 14,401873123,Pittsburgh Steelers,Jacksonville Jaguars,2026-12-15T01:15Z,False,DraftKings,-3.0,JAX -3,44.5,,,,,,,,,,2026-09-08T13:56:59Z
2026,15,Week 15,401873124,San Francisco 49ers,Los Angeles Chargers,2026-12-18T01:15Z,False,DraftKings,-2.5,LAC -2.5,47.5,,,,,,,,,,2026-09-08T13:56:59Z
2026,15,Week 15,401873125,Seattle Seahawks,Philadelphia Eagles,2026-12-19T22:00Z,False,DraftKings,-1.5,PHI -1.5,43.5,,,,,,,,,,2026-09-08T13:56:59Z
2026,15,Week 15,401873126,Chicago Bears,Buffalo Bills,2026-12-20T01:20Z,False,DraftKings,-3.5,BUF -3.5,51.5,,,,,,,,,,2026-09-08T13:56:59Z
2026,15,Week 15,401873133,Miami Dolphins,Green Bay Packers,2026-12-20T18:00Z,False,DraftKings,-10.5,GB -10.5,45.5,,,,,,,,,,2026-09-08T13:56:59Z
2026,15,Week 15,401873131,Indianapolis Colts,Tennessee Titans,2026-12-20T18:00Z,False,DraftKings,1.5,IND -1.5,47.5,,,,,,,,,,2026-09-08T13:56:59Z
2026,15,Week 15,401873130,Cleveland Browns,New York Giants,2026-12-20T18:00Z,False,DraftKings,-4.5,NYG -4.5,40.5,,,,,,,,,,2026-09-08T13:56:59Z
2026,15,Week 15,401873128,Baltimore Ravens,Pittsburgh Steelers,2026-12-20T18:00Z,False,DraftKings,2.5,BAL -2.5,46.5,,,,,,,,,,2026-09-08T13:56:59Z
2026,15,Week 15,401873134,New Orleans Saints,Tampa Bay Buccaneers,2026-12-20T18:00Z,False,DraftKings,-3.5,TB -3.5,45.5,,,,,,,,,,2026-09-08T13:56:59Z
2026,15,Week 15,401873127,Atlanta Falcons,Washington Commanders,2026-12-20T18:00Z,False,DraftKings,-3.5,WSH -3.5,46.5,,,,,,,,,,2026-09-08T13:56:59Z
2026,15,Week 15,401873129,Cincinnati Bengals,Carolina Panthers,2026-12-20T18:00Z,False,DraftKings,2.5,CIN -2.5,47.5,,,,,,,,,,2026-09-08T13:56:59Z
2026,15,Week 15,401873132,Jacksonville Jaguars,Houston Texans,2026-12-20T18:00Z,False,DraftKings,-3.0,HOU -3,43.5,,,,,,,,,,2026-09-08T13:56:59Z
2026,15,Week 15,401873135,New York Jets,Arizona Cardinals,2026-12-20T21:05Z,False,DraftKings,1.5,NYJ -1.5,41.5,,,,,,,,,,2026-09-08T13:56:59Z
2026,15,Week 15,401873137,Denver Broncos,Las Vegas Raiders,2026-12-20T21:25Z,False,DraftKings,4.5,DEN -4.5,41.5,,,,,,,,,,2026-09-08T13:56:59Z
2026,15,Week 15,401873136,Dallas Cowboys,Los Angeles Rams,2026-12-20T21:25Z,False,DraftKings,-6.0,LAR -6,52.5,,,,,,,,,,2026-09-08T13:56:59Z
2026,15,Week 15,401873138,Detroit Lions,Minnesota Vikings,2026-12-21T01:20Z,False,DraftKings,1.5,DET -1.5,46.5,,,,,,,,,,2026-09-08T13:56:59Z
2026,15,Week 15,401873139,New England Patriots,Kansas City Chiefs,2026-12-22T01:15Z,False,DraftKings,-2.5,KC -2.5,45.5,,,,,,,,,,2026-09-08T13:56:59Z
2026,16,Week 16,401873140,Houston Texans,Philadelphia Eagles,2026-12-25T01:15Z,False,DraftKings,-2.5,PHI -2.5,37.5,,,,,,,,,,2026-09-08T13:56:59Z
2026,16,Week 16,401873141,Green Bay Packers,Chicago Bears,2026-12-25T18:00Z,False,DraftKings,-1.5,CHI -1.5,47.5,,,,,,,,,,2026-09-08T13:56:59Z
2026,16,Week 16,401873142,Buffalo Bills,Denver Broncos,2026-12-25T21:30Z,False,DraftKings,1.5,BUF -1.5,46.5,,,,,,,,,,2026-09-08T13:56:59Z
2026,16,Week 16,401873143,Los Angeles Rams,Seattle Seahawks,2026-12-26T01:15Z,False,DraftKings,-1.5,SEA -1.5,47.5,,,,,,,,,,2026-09-08T13:56:59Z
2026,16,Week 16,401873146,Tampa Bay Buccaneers,Atlanta Falcons,2026-12-27T05:00Z,False,DraftKings,1.5,TB -1.5,45.5,,,,,,,,,,2026-09-08T13:56:59Z
2026,16,Week 16,401873145,Cincinnati Bengals,Indianapolis Colts,2026-12-27T05:00Z,False,DraftKings,1.5,CIN -1.5,52.5,,,,,,,,,,2026-09-08T13:56:59Z
2026,16,Week 16,401873147,Washington Commanders,Minnesota Vikings,2026-12-27T05:00Z,False,DraftKings,-2.5,MIN -2.5,46.5,,,,,,,,,,2026-09-08T13:56:59Z
2026,16,Week 16,401873144,Carolina Panthers,Pittsburgh Steelers,2026-12-27T05:00Z,False,DraftKings,-3.5,PIT -3.5,41.5,,,,,,,,,,2026-09-08T13:56:59Z
2026,16,Week 16,401873150,Los Angeles Chargers,Miami Dolphins,2026-12-27T18:00Z,False,DraftKings,7.0,LAC -7,45.5,,,,,,,,,,2026-09-08T13:56:59Z
2026,16,Week 16,401873148,Arizona Cardinals,New Orleans Saints,2026-12-27T18:00Z,False,DraftKings,-5.5,NO -5.5,44.5,,,,,,,,,,2026-09-08T13:56:59Z
2026,16,Week 16,401873151,New England Patriots,New York Jets,2026-12-27T18:00Z,False,DraftKings,6.5,NE -6.5,40.5,,,,,,,,,,2026-09-08T13:56:59Z
2026,16,Week 16,401873149,Cleveland Browns,Baltimore Ravens,2026-12-27T18:00Z,False,DraftKings,-10.0,BAL -10,43.5,,,,,,,,,,2026-09-08T13:56:59Z
2026,16,Week 16,401873152,Tennessee Titans,Las Vegas Raiders,2026-12-27T21:05Z,False,DraftKings,-1.5,LV -1.5,42.5,,,,,,,,,,2026-09-08T13:56:59Z
2026,16,Week 16,401873153,San Francisco 49ers,Kansas City Chiefs,2026-12-27T21:25Z,False,DraftKings,-3.0,KC -3,46.5,,,,,,,,,,2026-09-08T13:56:59Z
2026,16,Week 16,401873154,Jacksonville Jaguars,Dallas Cowboys,2026-12-28T01:20Z,False,DraftKings,-3.0,DAL -3,51.5,,,,,,,,,,2026-09-08T13:56:59Z
2026,16,Week 16,401873155,New York Giants,Detroit Lions,2026-12-29T01:15Z,False,DraftKings,-4.5,DET -4.5,49.5,,,,,,,,,,2026-09-08T13:56:59Z
2026,17,Week 17,401873156,Baltimore Ravens,Cincinnati Bengals,2027-01-01T01:15Z,False,DraftKings,-2.5,CIN -2.5,51.5,,,,,,,,,,2026-09-08T13:56:59Z
2026,17,Week 17,401873157,Denver Broncos,New England Patriots,2027-01-03T05:00Z,False,DraftKings,-2.5,NE -2.5,42.5,,,,,,,,,,2026-09-08T13:56:59Z
2026,17,Week 17,401873158,Kansas City Chiefs,Los Angeles Chargers,2027-01-03T05:00Z,False,DraftKings,-1.5,LAC -1.5,45.5,,,,,,,,,,2026-09-08T13:56:59Z
2026,17,Week 17,401873159,Los Angeles Rams,Tampa Bay Buccaneers,2027-01-03T05:00Z,False,DraftKings,4.5,LAR -4.5,48.5,,,,,,,,,,2026-09-08T13:56:59Z
2026,17,Week 17,401873160,Washington Commanders,Jacksonville Jaguars,2027-01-03T05:00Z,False,DraftKings,-3.5,JAX -3.5,48.5,,,,,,,,,,2026-09-08T13:56:59Z
2026,17,Week 17,401873164,New Orleans Saints,Atlanta Falcons,2027-01-03T18:00Z,False,DraftKings,-1.5,ATL -1.5,44.5,,,,,,,,,,2026-09-08T13:56:59Z
2026,17,Week 17,401873162,Indianapolis Colts,Cleveland Browns,2027-01-03T18:00Z,False,DraftKings,2.5,IND -2.5,43.5,,,,,,,,,,2026-09-08T13:56:59Z
2026,17,Week 17,401873165,New York Giants,Dallas Cowboys,2027-01-03T18:00Z,False,DraftKings,-4.5,DAL -4.5,49.5,,,,,,,,,,2026-09-08T13:56:59Z
2026,17,Week 17,401873166,Pittsburgh Steelers,Tennessee Titans,2027-01-03T18:00Z,False,DraftKings,1.5,PIT -1.5,42.5,,,,,,,,,,2026-09-08T13:56:59Z
2026,17,Week 17,401873161,Buffalo Bills,Miami Dolphins,2027-01-03T18:00Z,False,DraftKings,7.5,BUF -7.5,47.5,,,,,,,,,,2026-09-08T13:56:59Z
2026,17,Week 17,401873163,Minnesota Vikings,New York Jets,2027-01-03T18:00Z,False,DraftKings,3.5,MIN -3.5,39.5,,,,,,,,,,2026-09-08T13:56:59Z
2026,17,Week 17,401873167,Seattle Seahawks,Carolina Panthers,2027-01-03T18:00Z,False,DraftKings,5.5,SEA -5.5,42.5,,,,,,,,,,2026-09-08T13:56:59Z
2026,17,Week 17,401873168,Las Vegas Raiders,Arizona Cardinals,2027-01-03T21:05Z,False,DraftKings,1.5,LV -1.5,42.5,,,,,,,,,,2026-09-08T13:56:59Z
2026,17,Week 17,401873169,Detroit Lions,Chicago Bears,2027-01-03T21:25Z,False,DraftKings,-1.5,CHI -1.5,49.5,,,,,,,,,,2026-09-08T13:56:59Z
2026,17,Week 17,401873170,Philadelphia Eagles,San Francisco 49ers,2027-01-04T01:20Z,False,DraftKings,-1.5,SF -1.5,45.5,,,,,,,,,,2026-09-08T13:56:59Z
2026,17,Week 17,401873171,Houston Texans,Green Bay Packers,2027-01-05T01:15Z,False,DraftKings,-2.5,GB -2.5,42.5,,,,,,,,,,2026-09-08T13:56:59Z
2026,18,Week 18,401873181,New York Jets,Buffalo Bills,2027-01-10T05:00Z,False,DraftKings,-10.0,BUF -10,43.5,,,,,,,,,,2026-09-08T13:56:59Z
2026,18,Week 18,401873174,Cleveland Browns,Cincinnati Bengals,2027-01-10T05:00Z,False,DraftKings,-7.5,CIN -7.5,43.5,,,,,,,,,,2026-09-08T13:56:59Z
2026,18,Week 18,401873179,Los Angeles Chargers,Denver Broncos,2027-01-10T05:00Z,False,DraftKings,-1.5,DEN -1.5,41.5,,,,,,,,,,2026-09-08T13:56:59Z
2026,18,Week 18,401873176,Detroit Lions,Green Bay Packers,2027-01-10T05:00Z,False,DraftKings,-2.5,GB -2.5,47.5,,,,,,,,,,2026-09-08T13:56:59Z
2026,18,Week 18,401873177,Jacksonville Jaguars,Indianapolis Colts,2027-01-10T05:00Z,False,DraftKings,-1.5,IND -1.5,46.5,,,,,,,,,,2026-09-08T13:56:59Z
2026,18,Week 18,401873178,Las Vegas Raiders,Kansas City Chiefs,2027-01-10T05:00Z,False,DraftKings,-8.5,KC -8.5,40.5,,,,,,,,,,2026-09-08T13:56:59Z
2026,18,Week 18,401873185,Seattle Seahawks,Los Angeles Rams,2027-01-10T05:00Z,False,DraftKings,-3.0,LAR -3,44.5,,,,,,,,,,2026-09-08T13:56:59Z
2026,18,Week 18,401873173,Chicago Bears,Minnesota Vikings,2027-01-10T05:00Z,False,DraftKings,-1.5,MIN -1.5,43.5,,,,,,,,,,2026-09-08T13:56:59Z
2026,18,Week 18,401873180,Miami Dolphins,New England Patriots,2027-01-10T05:00Z,False,DraftKings,-10.5,NE -10.5,42.5,,,,,,,,,,2026-09-08T13:56:59Z
2026,18,Week 18,401873186,Tampa Bay Buccaneers,New Orleans Saints,2027-01-10T05:00Z,False,DraftKings,1.5,TB -1.5,43.5,,,,,,,,,,2026-09-08T13:56:59Z
2026,18,Week 18,401873182,Philadelphia Eagles,New York Giants,2027-01-10T05:00Z,False,DraftKings,3.0,PHI -3,41.5,,,,,,,,,,2026-09-08T13:56:59Z
2026,18,Week 18,401873184,San Francisco 49ers,Arizona Cardinals,2027-01-10T05:00Z,False,DraftKings,8.5,SF -8.5,44.5,,,,,,,,,,2026-09-08T13:56:59Z
2026,18,Week 18,401873175,Dallas Cowboys,Washington Commanders,2027-01-10T05:00Z,False,DraftKings,1.5,DAL -1.5,49.5,,,,,,,,,,2026-09-08T13:56:59Z
2026,18,Week 18,401873172,Atlanta Falcons,Carolina Panthers,2027-01-10T05:00Z,False,DraftKings,-2.5,CAR -2.5,41.5,,,,,,,,,,2026-09-08T13:56:59Z
2026,18,Week 18,401873183,Pittsburgh Steelers,Baltimore Ravens,2027-01-10T05:00Z,False,DraftKings,-5.5,BAL -5.5,43.5,,,,,,,,,,2026-09-08T13:56:59Z
2026,18,Week 18,401873187,Tennessee Titans,Houston Texans,2027-01-10T05:00Z,False,DraftKings,-7.0,HOU -7,39.5,,,,,,,,,,2026-09-08T13:56:59Z
2026,1,Week 1,401872656,New England Patriots,Seattle Seahawks,2026-09-10T00:20Z,False,DraftKings,-3.0,SEA -3,44.5,,,,,,,,,,2026-09-08T14:03:32Z
2026,1,Week 1,401872657,San Francisco 49ers,Los Angeles Rams,2026-09-11T00:35Z,True,DraftKings,-3.5,LAR -3.5,48.5,,,,,,,,,,2026-09-08T14:03:32Z
2026,1,Week 1,401872925,Tampa Bay Buccaneers,Cincinnati Bengals,2026-09-13T17:00Z,False,DraftKings,-3.5,CIN -3.5,50.5,,,,,,,,,,2026-09-08T14:03:32Z
2026,1,Week 1,401872923,New Orleans Saints,Detroit Lions,2026-09-13T17:00Z,False,DraftKings,-7.0,DET -7,49.5,,,,,,,,,,2026-09-08T14:03:32Z
2026,1,Week 1,401872924,New York Jets,Tennessee Titans,2026-09-13T17:00Z,False,DraftKings,-1.5,TEN -1.5,39.5,,,,,,,,,,2026-09-08T14:03:32Z
2026,1,Week 1,401872659,Baltimore Ravens,Indianapolis Colts,2026-09-13T17:00Z,False,DraftKings,3.5,BAL -3.5,47.5,,,,,,,,,,2026-09-08T14:03:32Z
2026,1,Week 1,401872658,Atlanta Falcons,Pittsburgh Steelers,2026-09-13T17:00Z,False,DraftKings,-3.0,PIT -3,42.5,,,,,,,,,,2026-09-08T14:03:32Z
2026,1,Week 1,401872661,Chicago Bears,Carolina Panthers,2026-09-13T17:00Z,False,DraftKings,3.0,CHI -3,47.5,,,,,,,,,,2026-09-08T14:03:32Z
2026,1,Week 1,401872922,Cleveland Browns,Jacksonville Jaguars,2026-09-13T17:00Z,False,DraftKings,-8.5,JAX -8.5,40.5,,,,,,,,,,2026-09-08T14:03:32Z
2026,1,Week 1,401872660,Buffalo Bills,Houston Texans,2026-09-13T17:00Z,False,DraftKings,1.5,BUF -1.5,44.5,,,,,,,,,,2026-09-08T14:03:32Z
2026,1,Week 1,401872928,Miami Dolphins,Las Vegas Raiders,2026-09-13T20:25Z,False,DraftKings,-3.5,LV -3.5,41.5,,,,,,,,,,2026-09-08T14:03:32Z
2026,1,Week 1,401872927,Green Bay Packers,Minnesota Vikings,2026-09-13T20:25Z,False,DraftKings,-1.5,MIN -1.5,46.5,,,,,,,,,,2026-09-08T14:03:32Z
2026,1,Week 1,401872929,Washington Commanders,Philadelphia Eagles,2026-09-13T20:25Z,False,DraftKings,-5.5,PHI -5.5,44.5,,,,,,,,,,2026-09-08T14:03:32Z
2026,1,Week 1,401872926,Arizona Cardinals,Los Angeles Chargers,2026-09-13T20:25Z,False,DraftKings,-10.0,LAC -10,47.5,,,,,,,,,,2026-09-08T14:03:32Z
2026,1,Week 1,401872930,Dallas Cowboys,New York Giants,2026-09-14T00:20Z,False,DraftKings,3.0,DAL -3,48.5,,,,,,,,,,2026-09-08T14:03:32Z
2026,1,Week 1,401872931,Denver Broncos,Kansas City Chiefs,2026-09-15T00:15Z,False,DraftKings,-3.0,KC -3,43.5,,,,,,,,,,2026-09-08T14:03:32Z
2026,2,Week 2,401872932,Detroit Lions,Buffalo Bills,2026-09-18T00:15Z,False,DraftKings,-3.0,BUF -3,52.5,,,,,,,,,,2026-09-08T14:03:32Z
2026,2,Week 2,401872933,Carolina Panthers,Atlanta Falcons,2026-09-20T17:00Z,False,DraftKings,-1.5,ATL -1.5,44.5,,,,,,,,,,2026-09-08T14:03:32Z
2026,2,Week 2,401872937,Minnesota Vikings,Chicago Bears,2026-09-20T17:00Z,False,DraftKings,-3.5,CHI -3.5,45.5,,,,,,,,,,2026-09-08T14:03:32Z
2026,2,Week 2,401872939,Philadelphia Eagles,Tennessee Titans,2026-09-20T17:00Z,False,DraftKings,4.5,PHI -4.5,42.5,,,,,,,,,,2026-09-08T14:03:32Z
2026,2,Week 2,401872946,Pittsburgh Steelers,New England Patriots,2026-09-20T17:00Z,False,DraftKings,-4.5,NE -4.5,43.5,,,,,,,,,,2026-09-08T14:03:32Z
2026,2,Week 2,401872936,Green Bay Packers,New York Jets,2026-09-20T17:00Z,False,DraftKings,5.5,GB -5.5,42.5,,,,,,,,,,2026-09-08T14:03:32Z
2026,2,Week 2,401872935,Cleveland Browns,Tampa Bay Buccaneers,2026-09-20T17:00Z,False,DraftKings,-6.5,TB -6.5,42.5,,,,,,,,,,2026-09-08T14:03:32Z
2026,2,Week 2,401872938,New Orleans Saints,Baltimore Ravens,2026-09-20T17:00Z,False,DraftKings,-7.5,BAL -7.5,46.5,,,,,,,,,,2026-09-08T14:03:32Z
2026,2,Week 2,401872934,Cincinnati Bengals,Houston Texans,2026-09-20T17:00Z,False,DraftKings,-2.5,HOU -2.5,46.5,,,,,,,,,,2026-09-08T14:03:32Z
2026,2,Week 2,401872940,Jacksonville Jaguars,Denver Broncos,2026-09-20T20:05Z,False,DraftKings,-3.0,DEN -3,43.5,,,,,,,,,,2026-09-08T14:03:32Z
2026,2,Week 2,401872941,Las Vegas Raiders,Los Angeles Chargers,2026-09-20T20:05Z,False,DraftKings,-8.5,LAC -8.5,42.5,,,,,,,,,,2026-09-08T14:03:32Z
2026,2,Week 2,401872944,Washington Commanders,Dallas Cowboys,2026-09-20T20:25Z,False,DraftKings,-4.5,DAL -4.5,51.5,,,,,,,,,,2026-09-08T14:03:32Z
2026,2,Week 2,401872943,Seattle Seahawks,Arizona Cardinals,2026-09-20T20:25Z,False,DraftKings,10.0,SEA -10,44.5,,,,,,,,,,2026-09-08T14:03:32Z
2026,2,Week 2,401872942,Miami Dolphins,San Francisco 49ers,2026-09-20T20:25Z,False,DraftKings,-10.5,SF -10.5,46.5,,,,,,,,,,2026-09-08T14:03:32Z
2026,2,Week 2,401872945,Indianapolis Colts,Kansas City Chiefs,2026-09-21T00:20Z,False,DraftKings,-6.5,KC -6.5,47.5,,,,,,,,,,2026-09-08T14:03:32Z
2026,2,Week 2,401872947,New York Giants,Los Angeles Rams,2026-09-22T00:15Z,False,DraftKings,-8.5,LAR -8.5,48.5,,,,,,,,,,2026-09-08T14:03:32Z
2026,3,Week 3,401872948,Atlanta Falcons,Green Bay Packers,2026-09-25T00:15Z,False,DraftKings,-7.5,GB -7.5,46.5,,,,,,,,,,2026-09-08T14:03:32Z
2026,3,Week 3,401872953,Los Angeles Chargers,Buffalo Bills,2026-09-27T17:00Z,False,DraftKings,-3.0,BUF -3,48.5,,,,,,,,,,2026-09-08T14:03:32Z
2026,3,Week 3,401872949,Carolina Panthers,Cleveland Browns,2026-09-27T17:00Z,False,DraftKings,1.5,CAR -1.5,39.5,,,,,,,,,,2026-09-08T14:03:32Z
2026,3,Week 3,401872954,New York Jets,Detroit Lions,2026-09-27T17:00Z,False,DraftKings,-9.5,DET -9.5,45.5,,,,,,,,,,2026-09-08T14:03:32Z
2026,3,Week 3,401872951,Houston Texans,Indianapolis Colts,2026-09-27T17:00Z,False,DraftKings,1.5,HOU -1.5,45.5,,,,,,,,,,2026-09-08T14:03:32Z
2026,3,Week 3,401872952,Kansas City Chiefs,Miami Dolphins,2026-09-27T17:00Z,False,DraftKings,7.5,KC -7.5,44.5,,,,,,,,,,2026-09-08T14:03:32Z
2026,3,Week 3,401872956,Tennessee Titans,New York Giants,2026-09-27T17:00Z,False,DraftKings,-3.0,NYG -3,44.5,,,,,,,,,,2026-09-08T14:03:32Z
2026,3,Week 3,401872950,Cincinnati Bengals,Pittsburgh Steelers,2026-09-27T17:00Z,False,DraftKings,1.5,CIN -1.5,46.5,,,,,,,,,,2026-09-08T14:03:32Z
2026,3,Week 3,401872955,Seattle Seahawks,Washington Commanders,2026-09-27T17:00Z,False,DraftKings,3.5,SEA -3.5,46.5,,,,,,,,,,2026-09-08T14:03:32Z
2026,3,Week 3,401872957,New England Patriots,Jacksonville Jaguars,2026-09-27T17:00Z,False,DraftKings,-1.5,JAX -1.5,45.5,,,,,,,,,,2026-09-08T14:03:32Z
2026,3,Week 3,401872958,Arizona Cardinals,San Francisco 49ers,2026-09-27T20:05Z,False,DraftKings,-11.5,SF -11.5,46.5,,,,,,,,,,2026-09-08T14:03:32Z
2026,3,Week 3,401872959,Minnesota Vikings,Tampa Bay Buccaneers,2026-09-27T20:05Z,False,DraftKings,,,44.5,,,,,,,,,,2026-09-08T14:03:32Z
2026,3,Week 3,401872960,Baltimore Ravens,Dallas Cowboys,2026-09-27T20:25Z,True,DraftKings,2.5,BAL -2.5,51.5,,,,,,,,,,2026-09-08T14:03:32Z
2026,3,Week 3,401872961,Las Vegas Raiders,New Orleans Saints,2026-09-27T20:25Z,False,DraftKings,-3.5,NO -3.5,42.5,,,,,,,,,,2026-09-08T14:03:32Z
2026,3,Week 3,401872962,Los Angeles Rams,Denver Broncos,2026-09-28T00:20Z,False,DraftKings,3.0,LAR -3,45.5,,,,,,,,,,2026-09-08T14:03:32Z
2026,3,Week 3,401872963,Philadelphia Eagles,Chicago Bears,2026-09-29T00:15Z,False,DraftKings,-1.5,CHI -1.5,46.5,,,,,,,,,,2026-09-08T14:03:32Z
2026,2,Week 2,401872932,Detroit Lions,Buffalo Bills,2026-09-18T00:15Z,False,DraftKings,-3.0,BUF -3,52.5,,,,,,,,,,2026-09-08T14:03:42Z
2026,2,Week 2,401872933,Carolina Panthers,Atlanta Falcons,2026-09-20T17:00Z,False,DraftKings,-1.5,ATL -1.5,44.5,,,,,,,,,,2026-09-08T14:03:42Z
2026,2,Week 2,401872937,Minnesota Vikings,Chicago Bears,2026-09-20T17:00Z,False,DraftKings,-3.5,CHI -3.5,45.5,,,,,,,,,,2026-09-08T14:03:42Z
2026,2,Week 2,401872939,Philadelphia Eagles,Tennessee Titans,2026-09-20T17:00Z,False,DraftKings,4.5,PHI -4.5,42.5,,,,,,,,,,2026-09-08T14:03:42Z
2026,2,Week 2,401872946,Pittsburgh Steelers,New England Patriots,2026-09-20T17:00Z,False,DraftKings,-4.5,NE -4.5,43.5,,,,,,,,,,2026-09-08T14:03:42Z
2026,2,Week 2,401872936,Green Bay Packers,New York Jets,2026-09-20T17:00Z,False,DraftKings,5.5,GB -5.5,42.5,,,,,,,,,,2026-09-08T14:03:42Z
2026,2,Week 2,401872935,Cleveland Browns,Tampa Bay Buccaneers,2026-09-20T17:00Z,False,DraftKings,-6.5,TB -6.5,42.5,,,,,,,,,,2026-09-08T14:03:42Z
2026,2,Week 2,401872938,New Orleans Saints,Baltimore Ravens,2026-09-20T17:00Z,False,DraftKings,-7.5,BAL -7.5,46.5,,,,,,,,,,2026-09-08T14:03:42Z
2026,2,Week 2,401872934,Cincinnati Bengals,Houston Texans,2026-09-20T17:00Z,False,DraftKings,-2.5,HOU -2.5,46.5,,,,,,,,,,2026-09-08T14:03:42Z
2026,2,Week 2,401872940,Jacksonville Jaguars,Denver Broncos,2026-09-20T20:05Z,False,DraftKings,-3.0,DEN -3,43.5,,,,,,,,,,2026-09-08T14:03:42Z
2026,2,Week 2,401872941,Las Vegas Raiders,Los Angeles Chargers,2026-09-20T20:05Z,False,DraftKings,-8.5,LAC -8.5,42.5,,,,,,,,,,2026-09-08T14:03:42Z
2026,2,Week 2,401872944,Washington Commanders,Dallas Cowboys,2026-09-20T20:25Z,False,DraftKings,-4.5,DAL -4.5,51.5,,,,,,,,,,2026-09-08T14:03:42Z
2026,2,Week 2,401872943,Seattle Seahawks,Arizona Cardinals,2026-09-20T20:25Z,False,DraftKings,10.0,SEA -10,44.5,,,,,,,,,,2026-09-08T14:03:42Z
2026,2,Week 2,401872942,Miami Dolphins,San Francisco 49ers,2026-09-20T20:25Z,False,DraftKings,-10.5,SF -10.5,46.5,,,,,,,,,,2026-09-08T14:03:42Z
2026,2,Week 2,401872945,Indianapolis Colts,Kansas City Chiefs,2026-09-21T00:20Z,False,DraftKings,-6.5,KC -6.5,47.5,,,,,,,,,,2026-09-08T14:03:42Z
2026,2,Week 2,401872947,New York Giants,Los Angeles Rams,2026-09-22T00:15Z,False,DraftKings,-8.5,LAR -8.5,48.5,,,,,,,,,,2026-09-08T14:03:42Z
2026,2,Week 2,401872932,Detroit Lions,Buffalo Bills,2026-09-18T00:15Z,False,DraftKings,-3.0,BUF -3,52.5,,,,,,,,,,2026-09-08T14:03:50Z
2026,2,Week 2,401872933,Carolina Panthers,Atlanta Falcons,2026-09-20T17:00Z,False,DraftKings,-1.5,ATL -1.5,44.5,,,,,,,,,,2026-09-08T14:03:50Z
2026,2,Week 2,401872937,Minnesota Vikings,Chicago Bears,2026-09-20T17:00Z,False,DraftKings,-3.5,CHI -3.5,45.5,,,,,,,,,,2026-09-08T14:03:50Z
2026,2,Week 2,401872939,Philadelphia Eagles,Tennessee Titans,2026-09-20T17:00Z,False,DraftKings,4.5,PHI -4.5,42.5,,,,,,,,,,2026-09-08T14:03:50Z
2026,2,Week 2,401872946,Pittsburgh Steelers,New England Patriots,2026-09-20T17:00Z,False,DraftKings,-4.5,NE -4.5,43.5,,,,,,,,,,2026-09-08T14:03:50Z
2026,2,Week 2,401872936,Green Bay Packers,New York Jets,2026-09-20T17:00Z,False,DraftKings,5.5,GB -5.5,42.5,,,,,,,,,,2026-09-08T14:03:50Z
2026,2,Week 2,401872935,Cleveland Browns,Tampa Bay Buccaneers,2026-09-20T17:00Z,False,DraftKings,-6.5,TB -6.5,42.5,,,,,,,,,,2026-09-08T14:03:50Z
2026,2,Week 2,401872938,New Orleans Saints,Baltimore Ravens,2026-09-20T17:00Z,False,DraftKings,-7.5,BAL -7.5,46.5,,,,,,,,,,2026-09-08T14:03:50Z
2026,2,Week 2,401872934,Cincinnati Bengals,Houston Texans,2026-09-20T17:00Z,False,DraftKings,-2.5,HOU -2.5,46.5,,,,,,,,,,2026-09-08T14:03:50Z
2026,2,Week 2,401872940,Jacksonville Jaguars,Denver Broncos,2026-09-20T20:05Z,False,DraftKings,-3.0,DEN -3,43.5,,,,,,,,,,2026-09-08T14:03:50Z
2026,2,Week 2,401872941,Las Vegas Raiders,Los Angeles Chargers,2026-09-20T20:05Z,False,DraftKings,-8.5,LAC -8.5,42.5,,,,,,,,,,2026-09-08T14:03:50Z
2026,2,Week 2,401872944,Washington Commanders,Dallas Cowboys,2026-09-20T20:25Z,False,DraftKings,-4.5,DAL -4.5,51.5,,,,,,,,,,2026-09-08T14:03:50Z
2026,2,Week 2,401872943,Seattle Seahawks,Arizona Cardinals,2026-09-20T20:25Z,False,DraftKings,10.0,SEA -10,44.5,,,,,,,,,,2026-09-08T14:03:50Z
2026,2,Week 2,401872942,Miami Dolphins,San Francisco 49ers,2026-09-20T20:25Z,False,DraftKings,-10.5,SF -10.5,46.5,,,,,,,,,,2026-09-08T14:03:50Z
2026,2,Week 2,401872945,Indianapolis Colts,Kansas City Chiefs,2026-09-21T00:20Z,False,DraftKings,-6.5,KC -6.5,47.5,,,,,,,,,,2026-09-08T14:03:50Z
2026,2,Week 2,401872947,New York Giants,Los Angeles Rams,2026-09-22T00:15Z,False,DraftKings,-8.5,LAR -8.5,48.5,,,,,,,,,,2026-09-08T14:03:50Z
2026,2,Week 2,401872932,Detroit Lions,Buffalo Bills,2026-09-18T00:15Z,False,DraftKings,-3.0,BUF -3,52.5,136,-162,0.4066302458405761,0.593369754159424,-3.0,136.0,-162.0,59.605,83.2,2026-09-08T14:04:18Z
2026,2,Week 2,401872933,Carolina Panthers,Atlanta Falcons,2026-09-20T17:00Z,False,DraftKings,-1.5,ATL -1.5,44.5,105,-125,0.4675324675324675,0.5324675324675325,-1.5,100.0,-120.0,58.379000000000005,23.702,2026-09-08T14:04:18Z
2026,2,Week 2,401872937,Minnesota Vikings,Chicago Bears,2026-09-20T17:00Z,False,DraftKings,-3.5,CHI -3.5,45.5,160,-192,0.3690596562184025,0.6309403437815976,-3.5,154.0,-185.0,58.857000000000006,52.464,2026-09-08T14:04:18Z
2026,2,Week 2,401872939,Philadelphia Eagles,Tennessee Titans,2026-09-20T17:00Z,False,DraftKings,4.5,PHI -4.5,42.5,-218,180,0.6574752261956054,0.34252477380439467,4.5,-218.0,180.0,32.439,42.419,2026-09-08T14:04:18Z
2026,2,Week 2,401872946,Pittsburgh Steelers,New England Patriots,2026-09-20T17:00Z,False,DraftKings,-4.5,NE -4.5,43.5,180,-218,0.34252477380439467,0.6574752261956054,-4.5,185.0,-225.0,62.982000000000006,56.332,2026-09-08T14:04:18Z
2026,2,Week 2,401872936,Green Bay Packers,New York Jets,2026-09-20T17:00Z,False,DraftKings,5.5,GB -5.5,42.5,-245,200,0.6805555555555556,0.3194444444444444,6.5,-285.0,230.0,28.603,42.873,2026-09-08T14:04:18Z
2026,2,Week 2,401872935,Cleveland Browns,Tampa Bay Buccaneers,2026-09-20T17:00Z,False,DraftKings,-6.5,TB -6.5,42.5,225,-278,0.2949668357393679,0.705033164260632,-5.5,200.0,-245.0,71.505,28.751,2026-09-08T14:04:18Z
2026,2,Week 2,401872938,New Orleans Saints,Baltimore Ravens,2026-09-20T17:00Z,False,DraftKings,-7.5,BAL -7.5,46.5,280,-355,0.2522172949002217,0.7477827050997783,-7.5,300.0,-380.0,75.96300000000001,51.446,2026-09-08T14:04:18Z
2026,2,Week 2,401872934,Cincinnati Bengals,Houston Texans,2026-09-20T17:00Z,False,DraftKings,-2.5,HOU -2.5,46.5,114,-135,0.448558885283451,0.551441114716549,-2.5,114.0,-135.0,54.48499999999999,70.118,2026-09-08T14:04:18Z
2026,2,Week 2,401872940,Jacksonville Jaguars,Denver Broncos,2026-09-20T20:05Z,False,DraftKings,-3.0,DEN -3,43.5,130,-155,0.4170073589533933,0.5829926410466066,-2.5,120.0,-142.0,55.469,64.861,2026-09-08T14:04:18Z
2026,2,Week 2,401872941,Las Vegas Raiders,Los Angeles Chargers,2026-09-20T20:05Z,False,DraftKings,-8.5,LAC -8.5,42.5,285,-360,0.2491874322860238,0.7508125677139762,-8.5,330.0,-425.0,80.268,44.033,2026-09-08T14:04:18Z
2026,2,Week 2,401872944,Washington Commanders,Dallas Cowboys,2026-09-20T20:25Z,False,DraftKings,-4.5,DAL -4.5,51.5,170,-205,0.35527082119976705,0.644729178800233,-4.5,170.0,-205.0,66.826,54.05,2026-09-08T14:04:18Z
2026,2,Week 2,401872943,Seattle Seahawks,Arizona Cardinals,2026-09-20T20:25Z,False,DraftKings,10.0,SEA -10,44.5,-550,410,0.8118668596237336,0.18813314037626627,10.0,-500.0,380.0,24.807000000000002,45.44,2026-09-08T14:04:18Z
2026,2,Week 2,401872942,Miami Dolphins,San Francisco 49ers,2026-09-20T20:25Z,False,DraftKings,-10.5,SF -10.5,46.5,490,-675,0.16290068313189698,0.8370993168681029,-10.5,425.0,-575.0,82.402,41.595,2026-09-08T14:04:18Z
2026,2,Week 2,401872945,Indianapolis Colts,Kansas City Chiefs,2026-09-21T00:20Z,False,DraftKings,-6.5,KC -6.5,47.5,260,-325,0.26645768025078376,0.7335423197492164,-5.5,205.0,-250.0,64.748,62.764,2026-09-08T14:04:18Z
2026,2,Week 2,401872947,New York Giants,Los Angeles Rams,2026-09-22T00:15Z,False,DraftKings,-8.5,LAR -8.5,48.5,300,-380,0.24000000000000005,0.7600000000000001,-8.5,295.0,-375.0,78.78699999999999,66.881,2026-09-08T14:04:18Z
2026,1,Week 1,401872656,New England Patriots,Seattle Seahawks,2026-09-10T00:20Z,False,DraftKings,-3.0,SEA -3,44.5,142,-170,0.3962430290578221,0.6037569709421778,-3.5,160.0,-192.0,61.112,75.769,2026-09-08T14:05:53Z
2026,1,Week 1,401872657,San Francisco 49ers,Los Angeles Rams,2026-09-11T00:35Z,True,DraftKings,-3.5,LAR -3.5,48.5,160,-192,0.3690596562184025,0.6309403437815976,-2.5,130.0,-155.0,60.509,86.943,2026-09-08T14:05:53Z
2026,1,Week 1,401872925,Tampa Bay Buccaneers,Cincinnati Bengals,2026-09-13T17:00Z,False,DraftKings,-3.5,CIN -3.5,50.5,170,-205,0.35527082119976705,0.644729178800233,-3.5,164.0,-198.0,61.647,59.111,2026-09-08T14:05:53Z
2026,1,Week 1,401872923,New Orleans Saints,Detroit Lions,2026-09-13T17:00Z,False,DraftKings,-7.0,DET -7,49.5,245,-305,0.27792074112197634,0.7220792588780237,-7.0,260.0,-325.0,71.88799999999999,49.015,2026-09-08T14:05:53Z
2026,1,Week 1,401872924,New York Jets,Tennessee Titans,2026-09-13T17:00Z,False,DraftKings,-1.5,TEN -1.5,39.5,105,-125,0.4675324675324675,0.5324675324675325,-3.0,142.0,-170.0,57.56400000000001,10.26,2026-09-08T14:05:53Z
2026,1,Week 1,401872659,Baltimore Ravens,Indianapolis Colts,2026-09-13T17:00Z,False,DraftKings,3.5,BAL -3.5,47.5,-175,145,0.6092362344582594,0.39076376554174075,3.5,-185.0,154.0,40.637,64.975,2026-09-08T14:05:53Z
2026,1,Week 1,401872658,Atlanta Falcons,Pittsburgh Steelers,2026-09-13T17:00Z,False,DraftKings,-3.0,PIT -3,42.5,145,-175,0.39076376554174075,0.6092362344582594,-3.0,145.0,-175.0,58.903000000000006,37.065,2026-09-08T14:05:53Z
2026,1,Week 1,401872661,Chicago Bears,Carolina Panthers,2026-09-13T17:00Z,False,DraftKings,3.0,CHI -3,47.5,-155,130,0.5829926410466066,0.4170073589533933,2.5,-135.0,114.0,40.039,41.672,2026-09-08T14:05:53Z
2026,1,Week 1,401872922,Cleveland Browns,Jacksonville Jaguars,2026-09-13T17:00Z,False,DraftKings,-8.5,JAX -8.5,40.5,340,-440,0.21809369951534735,0.7819063004846527,-7.0,230.0,-285.0,77.31,35.718,2026-09-08T14:05:53Z
2026,1,Week 1,401872660,Buffalo Bills,Houston Texans,2026-09-13T17:00Z,False,DraftKings,1.5,BUF -1.5,44.5,-115,-105,0.5108342361863488,0.4891657638136511,1.5,-112.0,-108.0,46.148,80.199,2026-09-08T14:05:53Z
2026,1,Week 1,401872928,Miami Dolphins,Las Vegas Raiders,2026-09-13T20:25Z,False,DraftKings,-3.5,LV -3.5,41.5,154,-185,0.3775334481388264,0.6224665518611737,-3.0,150.0,-180.0,59.84,5.854,2026-09-08T14:05:53Z
2026,1,Week 1,401872927,Green Bay Packers,Minnesota Vikings,2026-09-13T20:25Z,False,DraftKings,-1.5,MIN -1.5,46.5,105,-125,0.4675324675324675,0.5324675324675325,1.5,-125.0,105.0,43.094,61.478,2026-09-08T14:05:53Z
2026,1,Week 1,401872929,Washington Commanders,Philadelphia Eagles,2026-09-13T20:25Z,False,DraftKings,-5.5,PHI -5.5,44.5,180,-218,0.34252477380439467,0.6574752261956054,-5.5,195.0,-238.0,66.46600000000001,53.126,2026-09-08T14:05:53Z
2026,1,Week 1,401872926,Arizona Cardinals,Los Angeles Chargers,2026-09-13T20:25Z,False,DraftKings,-10.0,LAC -10,47.5,380,-500,0.19999999999999998,0.7999999999999999,-11.5,470.0,-625.0,80.78999999999999,42.754,2026-09-08T14:05:53Z
2026,1,Week 1,401872930,Dallas Cowboys,New York Giants,2026-09-14T00:20Z,False,DraftKings,3.0,DAL -3,48.5,-162,136,0.593369754159424,0.4066302458405761,2.5,-130.0,110.0,42.43,51.292,2026-09-08T14:05:53Z
2026,1,Week 1,401872931,Denver Broncos,Kansas City Chiefs,2026-09-15T00:15Z,False,DraftKings,-3.0,KC -3,43.5,124,-148,0.42794036443953615,0.5720596355604638,-2.5,130.0,-155.0,58.501000000000005,71.663,2026-09-08T14:05:53Z
2026,2,Week 2,401872932,Detroit Lions,Buffalo Bills,2026-09-18T00:15Z,False,DraftKings,-3.0,BUF -3,52.5,,,,,,,,,,2026-09-08T14:05:53Z
2026,2,Week 2,401872933,Carolina Panthers,Atlanta Falcons,2026-09-20T17:00Z,False,DraftKings,-1.5,ATL -1.5,44.5,,,,,,,,,,2026-09-08T14:05:53Z
2026,2,Week 2,401872937,Minnesota Vikings,Chicago Bears,2026-09-20T17:00Z,False,DraftKings,-3.5,CHI -3.5,45.5,,,,,,,,,,2026-09-08T14:05:53Z
2026,2,Week 2,401872939,Philadelphia Eagles,Tennessee Titans,2026-09-20T17:00Z,False,DraftKings,4.5,PHI -4.5,42.5,,,,,,,,,,2026-09-08T14:05:53Z
2026,2,Week 2,401872946,Pittsburgh Steelers,New England Patriots,2026-09-20T17:00Z,False,DraftKings,-4.5,NE -4.5,43.5,,,,,,,,,,2026-09-08T14:05:53Z
2026,2,Week 2,401872936,Green Bay Packers,New York Jets,2026-09-20T17:00Z,False,DraftKings,5.5,GB -5.5,42.5,,,,,,,,,,2026-09-08T14:05:53Z
2026,2,Week 2,401872935,Cleveland Browns,Tampa Bay Buccaneers,2026-09-20T17:00Z,False,DraftKings,-6.5,TB -6.5,42.5,,,,,,,,,,2026-09-08T14:05:53Z
2026,2,Week 2,401872938,New Orleans Saints,Baltimore Ravens,2026-09-20T17:00Z,False,DraftKings,-7.5,BAL -7.5,46.5,,,,,,,,,,2026-09-08T14:05:53Z
2026,2,Week 2,401872934,Cincinnati Bengals,Houston Texans,2026-09-20T17:00Z,False,DraftKings,-2.5,HOU -2.5,46.5,,,,,,,,,,2026-09-08T14:05:53Z
2026,2,Week 2,401872940,Jacksonville Jaguars,Denver Broncos,2026-09-20T20:05Z,False,DraftKings,-3.0,DEN -3,43.5,,,,,,,,,,2026-09-08T14:05:53Z
2026,2,Week 2,401872941,Las Vegas Raiders,Los Angeles Chargers,2026-09-20T20:05Z,False,DraftKings,-8.5,LAC -8.5,42.5,,,,,,,,,,2026-09-08T14:05:53Z
2026,2,Week 2,401872944,Washington Commanders,Dallas Cowboys,2026-09-20T20:25Z,False,DraftKings,-4.5,DAL -4.5,51.5,,,,,,,,,,2026-09-08T14:05:53Z
2026,2,Week 2,401872943,Seattle Seahawks,Arizona Cardinals,2026-09-20T20:25Z,False,DraftKings,10.0,SEA -10,44.5,,,,,,,,,,2026-09-08T14:05:53Z
2026,2,Week 2,401872942,Miami Dolphins,San Francisco 49ers,2026-09-20T20:25Z,False,DraftKings,-10.5,SF -10.5,46.5,,,,,,,,,,2026-09-08T14:05:53Z
2026,2,Week 2,401872945,Indianapolis Colts,Kansas City Chiefs,2026-09-21T00:20Z,False,DraftKings,-6.5,KC -6.5,47.5,,,,,,,,,,2026-09-08T14:05:53Z
2026,2,Week 2,401872947,New York Giants,Los Angeles Rams,2026-09-22T00:15Z,False,DraftKings,-8.5,LAR -8.5,48.5,,,,,,,,,,2026-09-08T14:05:53Z
2026,3,Week 3,401872948,Atlanta Falcons,Green Bay Packers,2026-09-25T00:15Z,False,DraftKings,-7.5,GB -7.5,46.5,,,,,,,,,,2026-09-08T14:05:53Z
2026,3,Week 3,401872953,Los Angeles Chargers,Buffalo Bills,2026-09-27T17:00Z,False,DraftKings,-3.0,BUF -3,48.5,,,,,,,,,,2026-09-08T14:05:53Z
2026,3,Week 3,401872949,Carolina Panthers,Cleveland Browns,2026-09-27T17:00Z,False,DraftKings,1.5,CAR -1.5,39.5,,,,,,,,,,2026-09-08T14:05:53Z
2026,3,Week 3,401872954,New York Jets,Detroit Lions,2026-09-27T17:00Z,False,DraftKings,-9.5,DET -9.5,45.5,,,,,,,,,,2026-09-08T14:05:53Z
2026,3,Week 3,401872951,Houston Texans,Indianapolis Colts,2026-09-27T17:00Z,False,DraftKings,1.5,HOU -1.5,45.5,,,,,,,,,,2026-09-08T14:05:53Z
2026,3,Week 3,401872952,Kansas City Chiefs,Miami Dolphins,2026-09-27T17:00Z,False,DraftKings,7.5,KC -7.5,44.5,,,,,,,,,,2026-09-08T14:05:53Z
2026,3,Week 3,401872956,Tennessee Titans,New York Giants,2026-09-27T17:00Z,False,DraftKings,-3.0,NYG -3,44.5,,,,,,,,,,2026-09-08T14:05:53Z
2026,3,Week 3,401872950,Cincinnati Bengals,Pittsburgh Steelers,2026-09-27T17:00Z,False,DraftKings,1.5,CIN -1.5,46.5,,,,,,,,,,2026-09-08T14:05:53Z
2026,3,Week 3,401872955,Seattle Seahawks,Washington Commanders,2026-09-27T17:00Z,False,DraftKings,3.5,SEA -3.5,46.5,,,,,,,,,,2026-09-08T14:05:53Z
2026,3,Week 3,401872957,New England Patriots,Jacksonville Jaguars,2026-09-27T17:00Z,False,DraftKings,-1.5,JAX -1.5,45.5,,,,,,,,,,2026-09-08T14:05:53Z
2026,3,Week 3,401872958,Arizona Cardinals,San Francisco 49ers,2026-09-27T20:05Z,False,DraftKings,-11.5,SF -11.5,46.5,,,,,,,,,,2026-09-08T14:05:53Z
2026,3,Week 3,401872959,Minnesota Vikings,Tampa Bay Buccaneers,2026-09-27T20:05Z,False,DraftKings,,,44.5,,,,,,,,,,2026-09-08T14:05:53Z
2026,3,Week 3,401872960,Baltimore Ravens,Dallas Cowboys,2026-09-27T20:25Z,True,DraftKings,2.5,BAL -2.5,51.5,,,,,,,,,,2026-09-08T14:05:53Z
2026,3,Week 3,401872961,Las Vegas Raiders,New Orleans Saints,2026-09-27T20:25Z,False,DraftKings,-3.5,NO -3.5,42.5,,,,,,,,,,2026-09-08T14:05:53Z
2026,3,Week 3,401872962,Los Angeles Rams,Denver Broncos,2026-09-28T00:20Z,False,DraftKings,3.0,LAR -3,45.5,,,,,,,,,,2026-09-08T14:05:53Z
2026,3,Week 3,401872963,Philadelphia Eagles,Chicago Bears,2026-09-29T00:15Z,False,DraftKings,-1.5,CHI -1.5,46.5,,,,,,,,,,2026-09-08T14:05:53Z
2026,4,Week 4,401872964,Pittsburgh Steelers,Cleveland Browns,2026-10-02T00:15Z,False,DraftKings,2.5,PIT -2.5,40.5,,,,,,,,,,2026-09-08T14:05:53Z
2026,4,Week 4,401872965,Indianapolis Colts,Washington Commanders,2026-10-04T13:30Z,True,DraftKings,-1.5,WSH -1.5,50.5,,,,,,,,,,2026-09-08T14:05:53Z
2026,4,Week 4,401872971,New England Patriots,Buffalo Bills,2026-10-04T17:00Z,False,DraftKings,-3.0,BUF -3,49.5,,,,,,,,,,2026-09-08T14:05:53Z
2026,4,Week 4,401872972,New York Jets,Chicago Bears,2026-10-04T17:00Z,False,DraftKings,-8.5,CHI -8.5,45.5,,,,,,,,,,2026-09-08T14:05:53Z
2026,4,Week 4,401872969,Jacksonville Jaguars,Cincinnati Bengals,2026-10-04T17:00Z,False,DraftKings,-2.5,CIN -2.5,51.5,,,,,,,,,,2026-09-08T14:05:53Z
2026,4,Week 4,401872966,Arizona Cardinals,New York Giants,2026-10-04T17:00Z,False,DraftKings,-7.0,NYG -7,45.5,,,,,,,,,,2026-09-08T14:05:53Z
2026,4,Week 4,401872970,Los Angeles Rams,Philadelphia Eagles,2026-10-04T17:00Z,False,DraftKings,1.5,LAR -1.5,47.5,,,,,,,,,,2026-09-08T14:05:53Z
2026,4,Week 4,401872968,Green Bay Packers,Tampa Bay Buccaneers,2026-10-04T17:00Z,False,DraftKings,1.5,GB -1.5,47.5,,,,,,,,,,2026-09-08T14:05:53Z
2026,4,Week 4,401872973,Tennessee Titans,Baltimore Ravens,2026-10-04T17:00Z,False,DraftKings,-8.5,BAL -8.5,47.5,,,,,,,,,,2026-09-08T14:05:53Z
2026,4,Week 4,401872967,Dallas Cowboys,Houston Texans,2026-10-04T17:00Z,False,DraftKings,-2.5,HOU -2.5,47.5,,,,,,,,,,2026-09-08T14:05:53Z
2026,4,Week 4,401872974,Miami Dolphins,Minnesota Vikings,2026-10-04T20:05Z,False,DraftKings,-7.5,MIN -7.5,43.5,,,,,,,,,,2026-09-08T14:05:53Z
2026,4,Week 4,401872976,Kansas City Chiefs,Las Vegas Raiders,2026-10-04T20:25Z,False,DraftKings,5.5,KC -5.5,43.5,,,,,,,,,,2026-09-08T14:05:53Z
2026,4,Week 4,401872975,Denver Broncos,San Francisco 49ers,2026-10-04T20:25Z,False,DraftKings,-2.5,SF -2.5,46.5,,,,,,,,,,2026-09-08T14:05:53Z
2026,4,Week 4,401872977,Los Angeles Chargers,Seattle Seahawks,2026-10-04T20:25Z,False,DraftKings,-3.0,SEA -3,45.5,,,,,,,,,,2026-09-08T14:05:53Z
2026,4,Week 4,401872978,Detroit Lions,Carolina Panthers,2026-10-05T00:20Z,False,DraftKings,3.0,DET -3,47.5,,,,,,,,,,2026-09-08T14:05:53Z
2026,4,Week 4,401872979,Atlanta Falcons,New Orleans Saints,2026-10-06T00:15Z,False,DraftKings,-2.5,NO -2.5,45.5,,,,,,,,,,2026-09-08T14:05:53Z
2026,5,Week 5,401872980,Tampa Bay Buccaneers,Dallas Cowboys,2026-10-09T00:15Z,False,DraftKings,-3.5,DAL -3.5,52.5,,,,,,,,,,2026-09-08T14:05:53Z
2026,5,Week 5,401872981,Philadelphia Eagles,Jacksonville Jaguars,2026-10-11T13:30Z,True,DraftKings,1.5,PHI -1.5,45.5,,,,,,,,,,2026-09-08T14:05:53Z
2026,5,Week 5,401872984,Houston Texans,Tennessee Titans,2026-10-11T17:00Z,False,DraftKings,3.5,HOU -3.5,43.5,,,,,,,,,,2026-09-08T14:05:53Z
2026,5,Week 5,401872982,Cincinnati Bengals,Miami Dolphins,2026-10-11T17:00Z,False,DraftKings,6.0,CIN -6,49.5,,,,,,,,,,2026-09-08T14:05:53Z
2026,5,Week 5,401872986,Las Vegas Raiders,New England Patriots,2026-10-11T17:00Z,False,DraftKings,-8.5,NE -8.5,44.5,,,,,,,,,,2026-09-08T14:05:53Z
2026,5,Week 5,401872987,Minnesota Vikings,New Orleans Saints,2026-10-11T17:00Z,False,DraftKings,1.5,MIN -1.5,44.5,,,,,,,,,,2026-09-08T14:05:53Z
2026,5,Week 5,401872983,Cleveland Browns,New York Jets,2026-10-11T17:00Z,False,DraftKings,-1.5,NYJ -1.5,39.5,,,,,,,,,,2026-09-08T14:05:53Z
2026,5,Week 5,401872985,Indianapolis Colts,Pittsburgh Steelers,2026-10-11T17:00Z,False,DraftKings,-2.5,PIT -2.5,47.5,,,,,,,,,,2026-09-08T14:05:53Z
2026,5,Week 5,401872988,New York Giants,Washington Commanders,2026-10-11T17:00Z,False,DraftKings,-1.5,WSH -1.5,48.5,,,,,,,,,,2026-09-08T14:05:53Z
2026,5,Week 5,401872989,Denver Broncos,Los Angeles Chargers,2026-10-11T20:05Z,False,DraftKings,-2.5,LAC -2.5,44.5,,,,,,,,,,2026-09-08T14:05:53Z
2026,5,Week 5,401872990,Chicago Bears,Green Bay Packers,2026-10-11T20:25Z,False,DraftKings,-3.0,GB -3,49.5,,,,,,,,,,2026-09-08T14:05:53Z
2026,5,Week 5,401872991,Detroit Lions,Arizona Cardinals,2026-10-11T20:25Z,False,DraftKings,8.5,DET -8.5,48.5,,,,,,,,,,2026-09-08T14:05:53Z
2026,5,Week 5,401872992,San Francisco 49ers,Seattle Seahawks,2026-10-11T20:25Z,False,DraftKings,-3.5,SEA -3.5,48.5,,,,,,,,,,2026-09-08T14:05:53Z
2026,5,Week 5,401872993,Baltimore Ravens,Atlanta Falcons,2026-10-12T00:20Z,False,DraftKings,4.5,BAL -4.5,48.5,,,,,,,,,,2026-09-08T14:05:53Z
2026,5,Week 5,401872994,Buffalo Bills,Los Angeles Rams,2026-10-13T00:15Z,False,DraftKings,-3.0,LAR -3,53.5,,,,,,,,,,2026-09-08T14:05:53Z
2026,6,Week 6,401872995,Seattle Seahawks,Denver Broncos,2026-10-16T00:15Z,False,DraftKings,1.5,SEA -1.5,43.5,,,,,,,,,,2026-09-08T14:05:53Z
2026,6,Week 6,401872996,Houston Texans,Jacksonville Jaguars,2026-10-18T13:30Z,True,DraftKings,-1.5,JAX -1.5,42.5,,,,,,,,,,2026-09-08T14:05:53Z
2026,6,Week 6,401872999,Chicago Bears,Atlanta Falcons,2026-10-18T17:00Z,False,DraftKings,3.0,CHI -3,47.5,,,,,,,,,,2026-09-08T14:05:53Z
2026,6,Week 6,401872997,Baltimore Ravens,Cleveland Browns,2026-10-18T17:00Z,False,DraftKings,6.5,BAL -6.5,44.5,,,,,,,,,,2026-09-08T14:05:53Z
2026,6,Week 6,401873003,Tennessee Titans,Indianapolis Colts,2026-10-18T17:00Z,False,DraftKings,-3.5,IND -3.5,47.5,,,,,,,,,,2026-09-08T14:05:53Z
2026,6,Week 6,401873001,New York Jets,New England Patriots,2026-10-18T17:00Z,False,DraftKings,-9.5,NE -9.5,42.5,,,,,,,,,,2026-09-08T14:05:53Z
2026,6,Week 6,401873000,New Orleans Saints,New York Giants,2026-10-18T17:00Z,False,DraftKings,-2.5,NYG -2.5,44.5,,,,,,,,,,2026-09-08T14:05:53Z
2026,6,Week 6,401872998,Carolina Panthers,Philadelphia Eagles,2026-10-18T17:00Z,False,DraftKings,-6.5,PHI -6.5,43.5,,,,,,,,,,2026-09-08T14:05:53Z
2026,6,Week 6,401873002,Pittsburgh Steelers,Tampa Bay Buccaneers,2026-10-18T17:00Z,False,DraftKings,-1.5,TB -1.5,45.5,,,,,,,,,,2026-09-08T14:05:53Z
2026,6,Week 6,401873004,Arizona Cardinals,Los Angeles Rams,2026-10-18T20:05Z,False,DraftKings,-13.5,LAR -13.5,47.5,,,,,,,,,,2026-09-08T14:05:53Z
2026,6,Week 6,401873006,Los Angeles Chargers,Kansas City Chiefs,2026-10-18T20:25Z,False,DraftKings,-2.5,KC -2.5,46.5,,,,,,,,,,2026-09-08T14:05:53Z
2026,6,Week 6,401873005,Buffalo Bills,Las Vegas Raiders,2026-10-18T20:25Z,False,DraftKings,6.5,BUF -6.5,47.5,,,,,,,,,,2026-09-08T14:05:53Z
2026,6,Week 6,401873007,Dallas Cowboys,Green Bay Packers,2026-10-19T00:20Z,False,DraftKings,-3.0,GB -3,51.5,,,,,,,,,,2026-09-08T14:05:53Z
2026,6,Week 6,401873008,Washington Commanders,San Francisco 49ers,2026-10-20T00:15Z,False,DraftKings,-5.5,SF -5.5,50.5,,,,,,,,,,2026-09-08T14:05:53Z
2026,7,Week 7,401873010,New England Patriots,Chicago Bears,2026-10-23T00:15Z,False,DraftKings,-1.5,CHI -1.5,47.5,,,,,,,,,,2026-09-08T14:05:53Z
2026,7,Week 7,401873011,Pittsburgh Steelers,New Orleans Saints,2026-10-25T13:30Z,True,DraftKings,2.5,PIT -2.5,42.5,,,,,,,,,,2026-09-08T14:05:53Z
2026,7,Week 7,401873017,San Francisco 49ers,Atlanta Falcons,2026-10-25T17:00Z,False,DraftKings,4.5,SF -4.5,47.5,,,,,,,,,,2026-09-08T14:05:53Z
2026,7,Week 7,401873013,Cleveland Browns,Tennessee Titans,2026-10-25T17:00Z,False,DraftKings,-2.5,TEN -2.5,40.5,,,,,,,,,,2026-09-08T14:05:53Z
2026,7,Week 7,401873014,Indianapolis Colts,Minnesota Vikings,2026-10-25T17:00Z,False,DraftKings,-2.5,MIN -2.5,46.5,,,,,,,,,,2026-09-08T14:05:53Z
2026,7,Week 7,401873015,Miami Dolphins,New York Jets,2026-10-25T17:00Z,False,DraftKings,-2.5,NYJ -2.5,41.5,,,,,,,,,,2026-09-08T14:05:53Z
2026,7,Week 7,401873018,Tampa Bay Buccaneers,Carolina Panthers,2026-10-25T17:00Z,False,DraftKings,1.5,TB -1.5,45.5,,,,,,,,,,2026-09-08T14:05:53Z
2026,7,Week 7,401873012,Cincinnati Bengals,Baltimore Ravens,2026-10-25T17:00Z,False,DraftKings,-3.5,BAL -3.5,51.5,,,,,,,,,,2026-09-08T14:05:53Z
2026,7,Week 7,401873016,New York Giants,Houston Texans,2026-10-25T17:00Z,False,DraftKings,-5.5,HOU -5.5,43.5,,,,,,,,,,2026-09-08T14:05:53Z
2026,7,Week 7,401873019,Denver Broncos,Arizona Cardinals,2026-10-25T20:05Z,False,DraftKings,7.5,DEN -7.5,43.5,,,,,,,,,,2026-09-08T14:05:53Z
2026,7,Week 7,401873020,Green Bay Packers,Detroit Lions,2026-10-25T20:25Z,False,DraftKings,-2.5,DET -2.5,50.5,,,,,,,,,,2026-09-08T14:05:53Z
2026,7,Week 7,401873021,Los Angeles Rams,Las Vegas Raiders,2026-10-25T20:25Z,False,DraftKings,7.5,LAR -7.5,46.5,,,,,,,,,,2026-09-08T14:05:53Z
2026,7,Week 7,401873022,Kansas City Chiefs,Seattle Seahawks,2026-10-26T00:20Z,False,DraftKings,-3.0,SEA -3,45.5,,,,,,,,,,2026-09-08T14:05:53Z
2026,7,Week 7,401873009,Dallas Cowboys,Philadelphia Eagles,2026-10-27T00:15Z,False,DraftKings,-3.0,PHI -3,48.5,,,,,,,,,,2026-09-08T14:05:53Z
2026,8,Week 8,401873023,Carolina Panthers,Green Bay Packers,2026-10-30T00:15Z,False,DraftKings,-7.0,GB -7,45.5,,,,,,,,,,2026-09-08T14:05:53Z
2026,8,Week 8,401873026,Baltimore Ravens,Buffalo Bills,2026-11-01T18:00Z,False,DraftKings,-2.5,BUF -2.5,51.5,,,,,,,,,,2026-09-08T14:05:53Z
2026,8,Week 8,401873031,Tennessee Titans,Cincinnati Bengals,2026-11-01T18:00Z,False,DraftKings,-6.5,CIN -6.5,49.5,,,,,,,,,,2026-09-08T14:05:53Z
2026,8,Week 8,401873024,Arizona Cardinals,Dallas Cowboys,2026-11-01T18:00Z,False,DraftKings,-10.5,DAL -10.5,47.5,,,,,,,,,,2026-09-08T14:05:53Z
2026,8,Week 8,401873030,Minnesota Vikings,Detroit Lions,2026-11-01T18:00Z,False,DraftKings,-4.5,DET -4.5,47.5,,,,,,,,,,2026-09-08T14:05:53Z
2026,8,Week 8,401873029,Las Vegas Raiders,New York Jets,2026-11-01T18:00Z,False,DraftKings,-1.5,NYJ -1.5,40.5,,,,,,,,,,2026-09-08T14:05:53Z
2026,8,Week 8,401873027,Cleveland Browns,Pittsburgh Steelers,2026-11-01T18:00Z,False,DraftKings,-6.0,PIT -6,39.5,,,,,,,,,,2026-09-08T14:05:53Z
2026,8,Week 8,401873025,Atlanta Falcons,Tampa Bay Buccaneers,2026-11-01T18:00Z,False,DraftKings,-4.5,TB -4.5,46.5,,,,,,,,,,2026-09-08T14:05:53Z
2026,8,Week 8,401873028,Indianapolis Colts,Jacksonville Jaguars,2026-11-01T18:00Z,False,DraftKings,-4.5,JAX -4.5,49.5,,,,,,,,,,2026-09-08T14:05:53Z
2026,8,Week 8,401873032,Los Angeles Chargers,Los Angeles Rams,2026-11-01T21:05Z,False,DraftKings,-4.5,LAR -4.5,48.5,,,,,,,,,,2026-09-08T14:05:53Z
2026,8,Week 8,401873033,Kansas City Chiefs,Denver Broncos,2026-11-01T21:25Z,False,DraftKings,-1.5,DEN -1.5,43.5,,,,,,,,,,2026-09-08T14:05:53Z
2026,8,Week 8,401873034,New England Patriots,Miami Dolphins,2026-11-01T21:25Z,False,DraftKings,7.0,NE -7,45.5,,,,,,,,,,2026-09-08T14:05:53Z
2026,8,Week 8,401873035,Philadelphia Eagles,Washington Commanders,2026-11-02T01:20Z,False,DraftKings,1.5,PHI -1.5,46.5,,,,,,,,,,2026-09-08T14:05:53Z
2026,8,Week 8,401873036,Chicago Bears,Seattle Seahawks,2026-11-03T01:15Z,False,DraftKings,-4.5,SEA -4.5,47.5,,,,,,,,,,2026-09-08T14:05:53Z
2026,9,Week 9,401873037,Jacksonville Jaguars,Baltimore Ravens,2026-11-06T01:15Z,False,DraftKings,-4.5,BAL -4.5,49.5,,,,,,,,,,2026-09-08T14:05:53Z
2026,9,Week 9,401873038,Cincinnati Bengals,Atlanta Falcons,2026-11-08T14:30Z,True,DraftKings,5.5,CIN -5.5,49.5,,,,,,,,,,2026-09-08T14:05:53Z
2026,9,Week 9,401873040,Dallas Cowboys,Indianapolis Colts,2026-11-08T18:00Z,False,DraftKings,1.5,DAL -1.5,52.5,,,,,,,,,,2026-09-08T14:05:53Z
2026,9,Week 9,401873045,New York Jets,Kansas City Chiefs,2026-11-08T18:00Z,False,DraftKings,-9.5,KC -9.5,41.5,,,,,,,,,,2026-09-08T14:05:53Z
2026,9,Week 9,401873042,Detroit Lions,Miami Dolphins,2026-11-08T18:00Z,False,DraftKings,6.5,DET -6.5,47.5,,,,,,,,,,2026-09-08T14:05:53Z
2026,9,Week 9,401873039,Cleveland Browns,New Orleans Saints,2026-11-08T18:00Z,False,DraftKings,-3.5,NO -3.5,41.5,,,,,,,,,,2026-09-08T14:05:53Z
2026,9,Week 9,401873044,New York Giants,Philadelphia Eagles,2026-11-08T18:00Z,False,DraftKings,-5.5,PHI -5.5,44.5,,,,,,,,,,2026-09-08T14:05:53Z
2026,9,Week 9,401873043,Los Angeles Rams,Washington Commanders,2026-11-08T18:00Z,False,DraftKings,4.5,LAR -4.5,50.5,,,,,,,,,,2026-09-08T14:05:53Z
2026,9,Week 9,401873041,Denver Broncos,Carolina Panthers,2026-11-08T18:00Z,False,DraftKings,3.0,DEN -3,42.5,,,,,,,,,,2026-09-08T14:05:53Z
2026,9,Week 9,401873046,Houston Texans,Los Angeles Chargers,2026-11-08T21:05Z,False,DraftKings,-2.5,LAC -2.5,43.5,,,,,,,,,,2026-09-08T14:05:53Z
2026,9,Week 9,401873047,Las Vegas Raiders,San Francisco 49ers,2026-11-08T21:05Z,False,DraftKings,-8.5,SF -8.5,46.5,,,,,,,,,,2026-09-08T14:05:53Z
2026,9,Week 9,401873049,Green Bay Packers,New England Patriots,2026-11-08T21:25Z,False,DraftKings,-1.5,NE -1.5,46.5,,,,,,,,,,2026-09-08T14:05:53Z
2026,9,Week 9,401873048,Arizona Cardinals,Seattle Seahawks,2026-11-08T21:25Z,False,DraftKings,-13.5,SEA -13.5,45.5,,,,,,,,,,2026-09-08T14:05:53Z
2026,9,Week 9,401873050,Tampa Bay Buccaneers,Chicago Bears,2026-11-09T01:20Z,False,DraftKings,-3.5,CHI -3.5,48.5,,,,,,,,,,2026-09-08T14:05:53Z
2026,9,Week 9,401873051,Buffalo Bills,Minnesota Vikings,2026-11-10T01:15Z,False,DraftKings,3.0,BUF -3,48.5,,,,,,,,,,2026-09-08T14:05:53Z
2026,10,Week 10,401873052,Washington Commanders,New York Giants,2026-11-13T01:15Z,False,DraftKings,-1.5,NYG -1.5,47.5,,,,,,,,,,2026-09-08T14:05:53Z
2026,10,Week 10,401873053,New England Patriots,Detroit Lions,2026-11-15T14:30Z,True,DraftKings,-1.5,DET -1.5,48.5,,,,,,,,,,2026-09-08T14:05:53Z
2026,10,Week 10,401873058,Kansas City Chiefs,Atlanta Falcons,2026-11-15T18:00Z,False,DraftKings,4.5,KC -4.5,45.5,,,,,,,,,,2026-09-08T14:05:53Z
2026,10,Week 10,401873056,Houston Texans,Cleveland Browns,2026-11-15T18:00Z,False,DraftKings,4.5,HOU -4.5,38.5,,,,,,,,,,2026-09-08T14:05:53Z
2026,10,Week 10,401873060,Minnesota Vikings,Green Bay Packers,2026-11-15T18:00Z,False,DraftKings,-4.5,GB -4.5,45.5,,,,,,,,,,2026-09-08T14:05:53Z
2026,10,Week 10,401873057,Jacksonville Jaguars,Tennessee Titans,2026-11-15T18:00Z,False,DraftKings,2.5,JAX -2.5,45.5,,,,,,,,,,2026-09-08T14:05:53Z
2026,10,Week 10,401873059,Miami Dolphins,Indianapolis Colts,2026-11-15T18:00Z,False,DraftKings,-6.5,IND -6.5,47.5,,,,,,,,,,2026-09-08T14:05:53Z
2026,10,Week 10,401873055,Carolina Panthers,New Orleans Saints,2026-11-15T18:00Z,False,DraftKings,-1.5,NO -1.5,43.5,,,,,,,,,,2026-09-08T14:05:53Z
2026,10,Week 10,401873054,Buffalo Bills,New York Jets,2026-11-15T18:00Z,False,DraftKings,7.0,BUF -7,46.5,,,,,,,,,,2026-09-08T14:05:53Z
2026,10,Week 10,401873062,Seattle Seahawks,Las Vegas Raiders,2026-11-15T21:05Z,False,DraftKings,7.0,SEA -7,43.5,,,,,,,,,,2026-09-08T14:05:53Z
2026,10,Week 10,401873061,Los Angeles Rams,Arizona Cardinals,2026-11-15T21:05Z,False,DraftKings,10.5,LAR -10.5,47.5,,,,,,,,,,2026-09-08T14:05:53Z
2026,10,Week 10,401873063,San Francisco 49ers,Dallas Cowboys,2026-11-15T21:25Z,False,DraftKings,-1.5,DAL -1.5,52.5,,,,,,,,,,2026-09-08T14:05:53Z
2026,10,Week 10,401873064,Pittsburgh Steelers,Cincinnati Bengals,2026-11-16T01:20Z,False,DraftKings,-3.5,CIN -3.5,47.5,,,,,,,,,,2026-09-08T14:05:53Z
2026,10,Week 10,401873065,Los Angeles Chargers,Baltimore Ravens,2026-11-17T01:15Z,False,DraftKings,-3.5,BAL -3.5,47.5,,,,,,,,,,2026-09-08T14:05:53Z
2026,11,Week 11,401873066,Indianapolis Colts,Houston Texans,2026-11-20T01:15Z,False,DraftKings,-5.5,HOU -5.5,45.5,,,,,,,,,,2026-09-08T14:05:53Z
2026,11,Week 11,401873070,Miami Dolphins,Buffalo Bills,2026-11-22T18:00Z,False,DraftKings,-11.5,BUF -11.5,47.5,,,,,,,,,,2026-09-08T14:05:53Z
2026,11,Week 11,401873071,New Orleans Saints,Chicago Bears,2026-11-22T18:00Z,False,DraftKings,-6.5,CHI -6.5,46.5,,,,,,,,,,2026-09-08T14:05:53Z
2026,11,Week 11,401873073,Tennessee Titans,Dallas Cowboys,2026-11-22T18:00Z,False,DraftKings,-6.5,DAL -6.5,48.5,,,,,,,,,,2026-09-08T14:05:53Z
2026,11,Week 11,401873072,Tampa Bay Buccaneers,Detroit Lions,2026-11-22T18:00Z,False,DraftKings,-4.5,DET -4.5,49.5,,,,,,,,,,2026-09-08T14:05:53Z
2026,11,Week 11,401873067,Arizona Cardinals,Kansas City Chiefs,2026-11-22T18:00Z,False,DraftKings,-11.5,KC -11.5,44.5,,,,,,,,,,2026-09-08T14:05:53Z
2026,11,Week 11,401873069,Jacksonville Jaguars,New York Giants,2026-11-22T18:00Z,False,DraftKings,1.5,JAX -1.5,46.5,,,,,,,,,,2026-09-08T14:05:53Z
2026,11,Week 11,401873068,Baltimore Ravens,Carolina Panthers,2026-11-22T18:00Z,False,DraftKings,4.5,BAL -4.5,46.5,,,,,,,,,,2026-09-08T14:05:53Z
2026,11,Week 11,401873074,New York Jets,Los Angeles Chargers,2026-11-22T21:05Z,False,DraftKings,-9.5,LAC -9.5,41.5,,,,,,,,,,2026-09-08T14:05:53Z
2026,11,Week 11,401873075,Las Vegas Raiders,Denver Broncos,2026-11-22T21:25Z,False,DraftKings,-7.5,DEN -7.5,41.5,,,,,,,,,,2026-09-08T14:05:53Z
2026,11,Week 11,401873076,Pittsburgh Steelers,Philadelphia Eagles,2026-11-22T21:25Z,False,DraftKings,-5.5,PHI -5.5,42.5,,,,,,,,,,2026-09-08T14:05:53Z
2026,11,Week 11,401873077,Minnesota Vikings,San Francisco 49ers,2026-11-23T01:20Z,True,DraftKings,-3.5,SF -3.5,46.5,,,,,,,,,,2026-09-08T14:05:53Z
2026,11,Week 11,401873078,Cincinnati Bengals,Washington Commanders,2026-11-24T01:15Z,False,DraftKings,1.5,CIN -1.5,52.5,,,,,,,,,,2026-09-08T14:05:53Z
2026,12,Week 12,401873079,Green Bay Packers,Los Angeles Rams,2026-11-26T01:00Z,False,DraftKings,-4.5,LAR -4.5,48.5,,,,,,,,,,2026-09-08T14:05:53Z
2026,12,Week 12,401873081,Chicago Bears,Detroit Lions,2026-11-26T18:00Z,False,DraftKings,-2.5,DET -2.5,52.5,,,,,,,,,,2026-09-08T14:05:53Z
2026,12,Week 12,401873080,Philadelphia Eagles,Dallas Cowboys,2026-11-26T21:30Z,False,DraftKings,-1.5,DAL -1.5,49.5,,,,,,,,,,2026-09-08T14:05:53Z
2026,12,Week 12,401873082,Kansas City Chiefs,Buffalo Bills,2026-11-27T01:20Z,False,DraftKings,-2.5,BUF -2.5,50.5,,,,,,,,,,2026-09-08T14:05:53Z
2026,12,Week 12,401873083,Denver Broncos,Pittsburgh Steelers,2026-11-27T20:00Z,False,DraftKings,1.5,DEN -1.5,39.5,,,,,,,,,,2026-09-08T14:05:53Z
2026,12,Week 12,401873087,New Orleans Saints,Cincinnati Bengals,2026-11-29T18:00Z,False,DraftKings,-6.5,CIN -6.5,48.5,,,,,,,,,,2026-09-08T14:05:53Z
2026,12,Week 12,401873086,Las Vegas Raiders,Cleveland Browns,2026-11-29T18:00Z,False,DraftKings,-1.5,CLE -1.5,39.5,,,,,,,,,,2026-09-08T14:05:53Z
2026,12,Week 12,401873088,New York Giants,Indianapolis Colts,2026-11-29T18:00Z,False,DraftKings,-2.5,IND -2.5,47.5,,,,,,,,,,2026-09-08T14:05:53Z
2026,12,Week 12,401873089,New York Jets,Miami Dolphins,2026-11-29T18:00Z,False,DraftKings,-1.5,MIA -1.5,40.5,,,,,,,,,,2026-09-08T14:05:53Z
2026,12,Week 12,401873084,Atlanta Falcons,Minnesota Vikings,2026-11-29T18:00Z,False,DraftKings,-4.5,MIN -4.5,43.5,,,,,,,,,,2026-09-08T14:05:53Z
2026,12,Week 12,401873085,Baltimore Ravens,Houston Texans,2026-11-29T18:00Z,False,DraftKings,-1.5,HOU -1.5,45.5,,,,,,,,,,2026-09-08T14:05:53Z
2026,12,Week 12,401873090,Tennessee Titans,Jacksonville Jaguars,2026-11-29T21:05Z,False,DraftKings,-5.5,JAX -5.5,45.5,,,,,,,,,,2026-09-08T14:05:53Z
2026,12,Week 12,401873092,Washington Commanders,Arizona Cardinals,2026-11-29T21:25Z,False,DraftKings,4.5,WSH -4.5,47.5,,,,,,,,,,2026-09-08T14:05:53Z
2026,12,Week 12,401873091,Seattle Seahawks,San Francisco 49ers,2026-11-29T21:25Z,False,DraftKings,-1.5,SF -1.5,46.5,,,,,,,,,,2026-09-08T14:05:53Z
2026,12,Week 12,401873093,New England Patriots,Los Angeles Chargers,2026-11-30T01:20Z,False,DraftKings,-1.5,LAC -1.5,45.5,,,,,,,,,,2026-09-08T14:05:53Z
2026,12,Week 12,401873094,Carolina Panthers,Tampa Bay Buccaneers,2026-12-01T01:15Z,False,DraftKings,-3.5,TB -3.5,44.5,,,,,,,,,,2026-09-08T14:05:53Z
2026,13,Week 13,401873096,Kansas City Chiefs,Los Angeles Rams,2026-12-04T01:15Z,False,DraftKings,-3.5,LAR -3.5,47.5,,,,,,,,,,2026-09-08T14:05:53Z
2026,13,Week 13,401873098,Detroit Lions,Atlanta Falcons,2026-12-06T18:00Z,False,DraftKings,3.5,DET -3.5,48.5,,,,,,,,,,2026-09-08T14:05:53Z
2026,13,Week 13,401873100,Jacksonville Jaguars,Chicago Bears,2026-12-06T18:00Z,False,DraftKings,-3.0,CHI -3,47.5,,,,,,,,,,2026-09-08T14:05:53Z
2026,13,Week 13,401873097,Cincinnati Bengals,Cleveland Browns,2026-12-06T18:00Z,False,DraftKings,4.5,CIN -4.5,45.5,,,,,,,,,,2026-09-08T14:05:53Z
2026,13,Week 13,401873102,Washington Commanders,Tennessee Titans,2026-12-06T18:00Z,False,DraftKings,1.5,WSH -1.5,46.5,,,,,,,,,,2026-09-08T14:05:53Z
2026,13,Week 13,401873099,Green Bay Packers,New Orleans Saints,2026-12-06T18:00Z,False,DraftKings,4.5,GB -4.5,45.5,,,,,,,,,,2026-09-08T14:05:53Z
2026,13,Week 13,401873095,San Francisco 49ers,New York Giants,2026-12-06T18:00Z,False,DraftKings,3.0,SF -3,47.5,,,,,,,,,,2026-09-08T14:05:53Z
2026,13,Week 13,401873101,Los Angeles Chargers,Tampa Bay Buccaneers,2026-12-06T18:00Z,False,DraftKings,2.5,LAC -2.5,46.5,,,,,,,,,,2026-09-08T14:05:53Z
2026,13,Week 13,401873103,Miami Dolphins,Denver Broncos,2026-12-06T21:05Z,False,DraftKings,-9.5,DEN -9.5,42.5,,,,,,,,,,2026-09-08T14:05:53Z
2026,13,Week 13,401873104,Philadelphia Eagles,Arizona Cardinals,2026-12-06T21:05Z,False,DraftKings,8.5,PHI -8.5,43.5,,,,,,,,,,2026-09-08T14:05:53Z
2026,13,Week 13,401873106,Carolina Panthers,Minnesota Vikings,2026-12-06T21:25Z,False,DraftKings,-3.5,MIN -3.5,42.5,,,,,,,,,,2026-09-08T14:05:53Z
2026,13,Week 13,401873105,Buffalo Bills,New England Patriots,2026-12-06T21:25Z,False,DraftKings,-1.5,NE -1.5,48.5,,,,,,,,,,2026-09-08T14:05:53Z
2026,13,Week 13,401873107,Houston Texans,Pittsburgh Steelers,2026-12-07T01:20Z,False,DraftKings,1.5,HOU -1.5,41.5,,,,,,,,,,2026-09-08T14:05:53Z
2026,13,Week 13,401873108,Dallas Cowboys,Seattle Seahawks,2026-12-08T01:15Z,False,DraftKings,-4.5,SEA -4.5,48.5,,,,,,,,,,2026-09-08T14:05:53Z
2026,14,Week 14,401873109,Minnesota Vikings,New England Patriots,2026-12-11T01:15Z,False,DraftKings,-4.5,NE -4.5,43.5,,,,,,,,,,2026-09-08T14:05:53Z
2026,14,Week 14,401873110,Atlanta Falcons,Cleveland Browns,2026-12-13T18:00Z,False,DraftKings,-1.5,CLE -1.5,40.5,,,,,,,,,,2026-09-08T14:05:53Z
2026,14,Week 14,401873117,Tennessee Titans,Detroit Lions,2026-12-13T18:00Z,False,DraftKings,-7.5,DET -7.5,47.5,,,,,,,,,,2026-09-08T14:05:53Z
2026,14,Week 14,401873111,Chicago Bears,Miami Dolphins,2026-12-13T18:00Z,False,DraftKings,5.5,CHI -5.5,46.5,,,,,,,,,,2026-09-08T14:05:53Z
2026,14,Week 14,401873112,Denver Broncos,New York Jets,2026-12-13T18:00Z,False,DraftKings,5.5,DEN -5.5,39.5,,,,,,,,,,2026-09-08T14:05:53Z
2026,14,Week 14,401873114,Indianapolis Colts,Philadelphia Eagles,2026-12-13T18:00Z,False,DraftKings,-5.5,PHI -5.5,46.5,,,,,,,,,,2026-09-08T14:05:53Z
2026,14,Week 14,401873113,Houston Texans,Washington Commanders,2026-12-13T18:00Z,False,DraftKings,1.5,HOU -1.5,44.5,,,,,,,,,,2026-09-08T14:05:53Z
2026,14,Week 14,401873115,New Orleans Saints,Carolina Panthers,2026-12-13T18:00Z,False,DraftKings,-2.5,CAR -2.5,43.5,,,,,,,,,,2026-09-08T14:05:53Z
2026,14,Week 14,401873116,Tampa Bay Buccaneers,Baltimore Ravens,2026-12-13T18:00Z,False,DraftKings,-6.0,BAL -6,48.5,,,,,,,,,,2026-09-08T14:05:53Z
2026,14,Week 14,401873118,Los Angeles Chargers,Las Vegas Raiders,2026-12-13T21:05Z,False,DraftKings,5.5,LAC -5.5,43.5,,,,,,,,,,2026-09-08T14:05:53Z
2026,14,Week 14,401873119,Kansas City Chiefs,Cincinnati Bengals,2026-12-13T21:25Z,False,DraftKings,-1.5,CIN -1.5,48.5,,,,,,,,,,2026-09-08T14:05:53Z
2026,14,Week 14,401873120,Los Angeles Rams,San Francisco 49ers,2026-12-13T21:25Z,False,DraftKings,2.5,LAR -2.5,49.5,,,,,,,,,,2026-09-08T14:05:53Z
2026,14,Week 14,401873121,New York Giants,Seattle Seahawks,2026-12-13T21:25Z,False,DraftKings,-7.5,SEA -7.5,45.5,,,,,,,,,,2026-09-08T14:05:53Z
2026,14,Week 14,401873122,Buffalo Bills,Green Bay Packers,2026-12-14T01:20Z,False,DraftKings,-1.5,GB -1.5,49.5,,,,,,,,,,2026-09-08T14:05:53Z
2026,14,Week 14,401873123,Pittsburgh Steelers,Jacksonville Jaguars,2026-12-15T01:15Z,False,DraftKings,-3.0,JAX -3,44.5,,,,,,,,,,2026-09-08T14:05:53Z
2026,15,Week 15,401873124,San Francisco 49ers,Los Angeles Chargers,2026-12-18T01:15Z,False,DraftKings,-2.5,LAC -2.5,47.5,,,,,,,,,,2026-09-08T14:05:53Z
2026,15,Week 15,401873125,Seattle Seahawks,Philadelphia Eagles,2026-12-19T22:00Z,False,DraftKings,-1.5,PHI -1.5,43.5,,,,,,,,,,2026-09-08T14:05:53Z
2026,15,Week 15,401873126,Chicago Bears,Buffalo Bills,2026-12-20T01:20Z,False,DraftKings,-3.5,BUF -3.5,51.5,,,,,,,,,,2026-09-08T14:05:53Z
2026,15,Week 15,401873133,Miami Dolphins,Green Bay Packers,2026-12-20T18:00Z,False,DraftKings,-10.5,GB -10.5,45.5,,,,,,,,,,2026-09-08T14:05:53Z
2026,15,Week 15,401873131,Indianapolis Colts,Tennessee Titans,2026-12-20T18:00Z,False,DraftKings,1.5,IND -1.5,47.5,,,,,,,,,,2026-09-08T14:05:53Z
2026,15,Week 15,401873130,Cleveland Browns,New York Giants,2026-12-20T18:00Z,False,DraftKings,-4.5,NYG -4.5,40.5,,,,,,,,,,2026-09-08T14:05:53Z
2026,15,Week 15,401873128,Baltimore Ravens,Pittsburgh Steelers,2026-12-20T18:00Z,False,DraftKings,2.5,BAL -2.5,46.5,,,,,,,,,,2026-09-08T14:05:53Z
2026,15,Week 15,401873134,New Orleans Saints,Tampa Bay Buccaneers,2026-12-20T18:00Z,False,DraftKings,-3.5,TB -3.5,45.5,,,,,,,,,,2026-09-08T14:05:53Z
2026,15,Week 15,401873127,Atlanta Falcons,Washington Commanders,2026-12-20T18:00Z,False,DraftKings,-3.5,WSH -3.5,46.5,,,,,,,,,,2026-09-08T14:05:53Z
2026,15,Week 15,401873129,Cincinnati Bengals,Carolina Panthers,2026-12-20T18:00Z,False,DraftKings,2.5,CIN -2.5,47.5,,,,,,,,,,2026-09-08T14:05:53Z
2026,15,Week 15,401873132,Jacksonville Jaguars,Houston Texans,2026-12-20T18:00Z,False,DraftKings,-3.0,HOU -3,43.5,,,,,,,,,,2026-09-08T14:05:53Z
2026,15,Week 15,401873135,New York Jets,Arizona Cardinals,2026-12-20T21:05Z,False,DraftKings,1.5,NYJ -1.5,41.5,,,,,,,,,,2026-09-08T14:05:53Z
2026,15,Week 15,401873137,Denver Broncos,Las Vegas Raiders,2026-12-20T21:25Z,False,DraftKings,4.5,DEN -4.5,41.5,,,,,,,,,,2026-09-08T14:05:53Z
2026,15,Week 15,401873136,Dallas Cowboys,Los Angeles Rams,2026-12-20T21:25Z,False,DraftKings,-6.0,LAR -6,52.5,,,,,,,,,,2026-09-08T14:05:53Z
2026,15,Week 15,401873138,Detroit Lions,Minnesota Vikings,2026-12-21T01:20Z,False,DraftKings,1.5,DET -1.5,46.5,,,,,,,,,,2026-09-08T14:05:53Z
2026,15,Week 15,401873139,New England Patriots,Kansas City Chiefs,2026-12-22T01:15Z,False,DraftKings,-2.5,KC -2.5,45.5,,,,,,,,,,2026-09-08T14:05:53Z
2026,16,Week 16,401873140,Houston Texans,Philadelphia Eagles,2026-12-25T01:15Z,False,DraftKings,-2.5,PHI -2.5,37.5,,,,,,,,,,2026-09-08T14:05:53Z
2026,16,Week 16,401873141,Green Bay Packers,Chicago Bears,2026-12-25T18:00Z,False,DraftKings,-1.5,CHI -1.5,47.5,,,,,,,,,,2026-09-08T14:05:53Z
2026,16,Week 16,401873142,Buffalo Bills,Denver Broncos,2026-12-25T21:30Z,False,DraftKings,1.5,BUF -1.5,46.5,,,,,,,,,,2026-09-08T14:05:53Z
2026,16,Week 16,401873143,Los Angeles Rams,Seattle Seahawks,2026-12-26T01:15Z,False,DraftKings,-1.5,SEA -1.5,47.5,,,,,,,,,,2026-09-08T14:05:53Z
2026,16,Week 16,401873146,Tampa Bay Buccaneers,Atlanta Falcons,2026-12-27T05:00Z,False,DraftKings,1.5,TB -1.5,45.5,,,,,,,,,,2026-09-08T14:05:53Z
2026,16,Week 16,401873145,Cincinnati Bengals,Indianapolis Colts,2026-12-27T05:00Z,False,DraftKings,1.5,CIN -1.5,52.5,,,,,,,,,,2026-09-08T14:05:53Z
2026,16,Week 16,401873147,Washington Commanders,Minnesota Vikings,2026-12-27T05:00Z,False,DraftKings,-2.5,MIN -2.5,46.5,,,,,,,,,,2026-09-08T14:05:53Z
2026,16,Week 16,401873144,Carolina Panthers,Pittsburgh Steelers,2026-12-27T05:00Z,False,DraftKings,-3.5,PIT -3.5,41.5,,,,,,,,,,2026-09-08T14:05:53Z
2026,16,Week 16,401873150,Los Angeles Chargers,Miami Dolphins,2026-12-27T18:00Z,False,DraftKings,7.0,LAC -7,45.5,,,,,,,,,,2026-09-08T14:05:53Z
2026,16,Week 16,401873148,Arizona Cardinals,New Orleans Saints,2026-12-27T18:00Z,False,DraftKings,-5.5,NO -5.5,44.5,,,,,,,,,,2026-09-08T14:05:53Z
2026,16,Week 16,401873151,New England Patriots,New York Jets,2026-12-27T18:00Z,False,DraftKings,6.5,NE -6.5,40.5,,,,,,,,,,2026-09-08T14:05:53Z
2026,16,Week 16,401873149,Cleveland Browns,Baltimore Ravens,2026-12-27T18:00Z,False,DraftKings,-10.0,BAL -10,43.5,,,,,,,,,,2026-09-08T14:05:53Z
2026,16,Week 16,401873152,Tennessee Titans,Las Vegas Raiders,2026-12-27T21:05Z,False,DraftKings,-1.5,LV -1.5,42.5,,,,,,,,,,2026-09-08T14:05:53Z
2026,16,Week 16,401873153,San Francisco 49ers,Kansas City Chiefs,2026-12-27T21:25Z,False,DraftKings,-3.0,KC -3,46.5,,,,,,,,,,2026-09-08T14:05:53Z
2026,16,Week 16,401873154,Jacksonville Jaguars,Dallas Cowboys,2026-12-28T01:20Z,False,DraftKings,-3.0,DAL -3,51.5,,,,,,,,,,2026-09-08T14:05:53Z
2026,16,Week 16,401873155,New York Giants,Detroit Lions,2026-12-29T01:15Z,False,DraftKings,-4.5,DET -4.5,49.5,,,,,,,,,,2026-09-08T14:05:53Z
2026,17,Week 17,401873156,Baltimore Ravens,Cincinnati Bengals,2027-01-01T01:15Z,False,DraftKings,-2.5,CIN -2.5,51.5,,,,,,,,,,2026-09-08T14:05:53Z
2026,17,Week 17,401873157,Denver Broncos,New England Patriots,2027-01-03T05:00Z,False,DraftKings,-2.5,NE -2.5,42.5,,,,,,,,,,2026-09-08T14:05:53Z
2026,17,Week 17,401873158,Kansas City Chiefs,Los Angeles Chargers,2027-01-03T05:00Z,False,DraftKings,-1.5,LAC -1.5,45.5,,,,,,,,,,2026-09-08T14:05:53Z
2026,17,Week 17,401873159,Los Angeles Rams,Tampa Bay Buccaneers,2027-01-03T05:00Z,False,DraftKings,4.5,LAR -4.5,48.5,,,,,,,,,,2026-09-08T14:05:53Z
2026,17,Week 17,401873160,Washington Commanders,Jacksonville Jaguars,2027-01-03T05:00Z,False,DraftKings,-3.5,JAX -3.5,48.5,,,,,,,,,,2026-09-08T14:05:53Z
2026,17,Week 17,401873164,New Orleans Saints,Atlanta Falcons,2027-01-03T18:00Z,False,DraftKings,-1.5,ATL -1.5,44.5,,,,,,,,,,2026-09-08T14:05:53Z
2026,17,Week 17,401873162,Indianapolis Colts,Cleveland Browns,2027-01-03T18:00Z,False,DraftKings,2.5,IND -2.5,43.5,,,,,,,,,,2026-09-08T14:05:53Z
2026,17,Week 17,401873165,New York Giants,Dallas Cowboys,2027-01-03T18:00Z,False,DraftKings,-4.5,DAL -4.5,49.5,,,,,,,,,,2026-09-08T14:05:53Z
2026,17,Week 17,401873166,Pittsburgh Steelers,Tennessee Titans,2027-01-03T18:00Z,False,DraftKings,1.5,PIT -1.5,42.5,,,,,,,,,,2026-09-08T14:05:53Z
2026,17,Week 17,401873161,Buffalo Bills,Miami Dolphins,2027-01-03T18:00Z,False,DraftKings,7.5,BUF -7.5,47.5,,,,,,,,,,2026-09-08T14:05:53Z
2026,17,Week 17,401873163,Minnesota Vikings,New York Jets,2027-01-03T18:00Z,False,DraftKings,3.5,MIN -3.5,39.5,,,,,,,,,,2026-09-08T14:05:53Z
2026,17,Week 17,401873167,Seattle Seahawks,Carolina Panthers,2027-01-03T18:00Z,False,DraftKings,5.5,SEA -5.5,42.5,,,,,,,,,,2026-09-08T14:05:53Z
2026,17,Week 17,401873168,Las Vegas Raiders,Arizona Cardinals,2027-01-03T21:05Z,False,DraftKings,1.5,LV -1.5,42.5,,,,,,,,,,2026-09-08T14:05:53Z
2026,17,Week 17,401873169,Detroit Lions,Chicago Bears,2027-01-03T21:25Z,False,DraftKings,-1.5,CHI -1.5,49.5,,,,,,,,,,2026-09-08T14:05:53Z
2026,17,Week 17,401873170,Philadelphia Eagles,San Francisco 49ers,2027-01-04T01:20Z,False,DraftKings,-1.5,SF -1.5,45.5,,,,,,,,,,2026-09-08T14:05:53Z
2026,17,Week 17,401873171,Houston Texans,Green Bay Packers,2027-01-05T01:15Z,False,DraftKings,-2.5,GB -2.5,42.5,,,,,,,,,,2026-09-08T14:05:53Z
2026,18,Week 18,401873181,New York Jets,Buffalo Bills,2027-01-10T05:00Z,False,DraftKings,-10.0,BUF -10,43.5,,,,,,,,,,2026-09-08T14:05:53Z
2026,18,Week 18,401873174,Cleveland Browns,Cincinnati Bengals,2027-01-10T05:00Z,False,DraftKings,-7.5,CIN -7.5,43.5,,,,,,,,,,2026-09-08T14:05:53Z
2026,18,Week 18,401873179,Los Angeles Chargers,Denver Broncos,2027-01-10T05:00Z,False,DraftKings,-1.5,DEN -1.5,41.5,,,,,,,,,,2026-09-08T14:05:53Z
2026,18,Week 18,401873176,Detroit Lions,Green Bay Packers,2027-01-10T05:00Z,False,DraftKings,-2.5,GB -2.5,47.5,,,,,,,,,,2026-09-08T14:05:53Z
2026,18,Week 18,401873177,Jacksonville Jaguars,Indianapolis Colts,2027-01-10T05:00Z,False,DraftKings,-1.5,IND -1.5,46.5,,,,,,,,,,2026-09-08T14:05:53Z
2026,18,Week 18,401873178,Las Vegas Raiders,Kansas City Chiefs,2027-01-10T05:00Z,False,DraftKings,-8.5,KC -8.5,40.5,,,,,,,,,,2026-09-08T14:05:53Z
2026,18,Week 18,401873185,Seattle Seahawks,Los Angeles Rams,2027-01-10T05:00Z,False,DraftKings,-3.0,LAR -3,44.5,,,,,,,,,,2026-09-08T14:05:53Z
2026,18,Week 18,401873173,Chicago Bears,Minnesota Vikings,2027-01-10T05:00Z,False,DraftKings,-1.5,MIN -1.5,43.5,,,,,,,,,,2026-09-08T14:05:53Z
2026,18,Week 18,401873180,Miami Dolphins,New England Patriots,2027-01-10T05:00Z,False,DraftKings,-10.5,NE -10.5,42.5,,,,,,,,,,2026-09-08T14:05:53Z
2026,18,Week 18,401873186,Tampa Bay Buccaneers,New Orleans Saints,2027-01-10T05:00Z,False,DraftKings,1.5,TB -1.5,43.5,,,,,,,,,,2026-09-08T14:05:53Z
2026,18,Week 18,401873182,Philadelphia Eagles,New York Giants,2027-01-10T05:00Z,False,DraftKings,3.0,PHI -3,41.5,,,,,,,,,,2026-09-08T14:05:53Z
2026,18,Week 18,401873184,San Francisco 49ers,Arizona Cardinals,2027-01-10T05:00Z,False,DraftKings,8.5,SF -8.5,44.5,,,,,,,,,,2026-09-08T14:05:53Z
2026,18,Week 18,401873175,Dallas Cowboys,Washington Commanders,2027-01-10T05:00Z,False,DraftKings,1.5,DAL -1.5,49.5,,,,,,,,,,2026-09-08T14:05:53Z
2026,18,Week 18,401873172,Atlanta Falcons,Carolina Panthers,2027-01-10T05:00Z,False,DraftKings,-2.5,CAR -2.5,41.5,,,,,,,,,,2026-09-08T14:05:53Z
2026,18,Week 18,401873183,Pittsburgh Steelers,Baltimore Ravens,2027-01-10T05:00Z,False,DraftKings,-5.5,BAL -5.5,43.5,,,,,,,,,,2026-09-08T14:05:53Z
2026,18,Week 18,401873187,Tennessee Titans,Houston Texans,2027-01-10T05:00Z,False,DraftKings,-7.0,HOU -7,39.5,,,,,,,,,,2026-09-08T14:05:53Z
2026,1,Week 1,401872656,New England Patriots,Seattle Seahawks,2026-09-10T00:20Z,False,DraftKings,-3.0,SEA -3,44.5,142,-170,0.3962430290578221,0.6037569709421778,-3.5,160.0,-192.0,61.112,75.769,2026-09-08T14:11:09Z
2026,1,Week 1,401872657,San Francisco 49ers,Los Angeles Rams,2026-09-11T00:35Z,True,DraftKings,-3.5,LAR -3.5,48.5,160,-192,0.3690596562184025,0.6309403437815976,-2.5,130.0,-155.0,60.509,86.943,2026-09-08T14:11:09Z
2026,1,Week 1,401872925,Tampa Bay Buccaneers,Cincinnati Bengals,2026-09-13T17:00Z,False,DraftKings,-3.5,CIN -3.5,50.5,170,-205,0.35527082119976705,0.644729178800233,-3.5,164.0,-198.0,61.647,59.111,2026-09-08T14:11:09Z
2026,1,Week 1,401872923,New Orleans Saints,Detroit Lions,2026-09-13T17:00Z,False,DraftKings,-7.0,DET -7,49.5,245,-305,0.27792074112197634,0.7220792588780237,-7.0,260.0,-325.0,71.88799999999999,49.015,2026-09-08T14:11:09Z
2026,1,Week 1,401872924,New York Jets,Tennessee Titans,2026-09-13T17:00Z,False,DraftKings,-1.5,TEN -1.5,39.5,105,-125,0.4675324675324675,0.5324675324675325,-3.0,142.0,-170.0,57.56400000000001,10.26,2026-09-08T14:11:09Z
2026,1,Week 1,401872659,Baltimore Ravens,Indianapolis Colts,2026-09-13T17:00Z,False,DraftKings,3.5,BAL -3.5,47.5,-175,145,0.6092362344582594,0.39076376554174075,3.5,-185.0,154.0,40.637,64.975,2026-09-08T14:11:09Z
2026,1,Week 1,401872658,Atlanta Falcons,Pittsburgh Steelers,2026-09-13T17:00Z,False,DraftKings,-3.0,PIT -3,42.5,145,-175,0.39076376554174075,0.6092362344582594,-3.0,145.0,-175.0,58.903000000000006,37.065,2026-09-08T14:11:09Z
2026,1,Week 1,401872661,Chicago Bears,Carolina Panthers,2026-09-13T17:00Z,False,DraftKings,3.0,CHI -3,47.5,-155,130,0.5829926410466066,0.4170073589533933,2.5,-135.0,114.0,40.039,41.672,2026-09-08T14:11:09Z
2026,1,Week 1,401872922,Cleveland Browns,Jacksonville Jaguars,2026-09-13T17:00Z,False,DraftKings,-8.5,JAX -8.5,40.5,340,-440,0.21809369951534735,0.7819063004846527,-7.0,230.0,-285.0,77.31,35.718,2026-09-08T14:11:09Z
2026,1,Week 1,401872660,Buffalo Bills,Houston Texans,2026-09-13T17:00Z,False,DraftKings,1.5,BUF -1.5,44.5,-115,-105,0.5108342361863488,0.4891657638136511,1.5,-112.0,-108.0,46.148,80.199,2026-09-08T14:11:09Z
2026,1,Week 1,401872928,Miami Dolphins,Las Vegas Raiders,2026-09-13T20:25Z,False,DraftKings,-3.5,LV -3.5,41.5,154,-185,0.3775334481388264,0.6224665518611737,-3.0,150.0,-180.0,59.84,5.854,2026-09-08T14:11:09Z
2026,1,Week 1,401872927,Green Bay Packers,Minnesota Vikings,2026-09-13T20:25Z,False,DraftKings,-1.5,MIN -1.5,46.5,105,-125,0.4675324675324675,0.5324675324675325,1.5,-125.0,105.0,43.094,61.478,2026-09-08T14:11:09Z
2026,1,Week 1,401872929,Washington Commanders,Philadelphia Eagles,2026-09-13T20:25Z,False,DraftKings,-5.5,PHI -5.5,44.5,180,-218,0.34252477380439467,0.6574752261956054,-5.5,195.0,-238.0,66.46600000000001,53.126,2026-09-08T14:11:09Z
2026,1,Week 1,401872926,Arizona Cardinals,Los Angeles Chargers,2026-09-13T20:25Z,False,DraftKings,-10.0,LAC -10,47.5,380,-500,0.19999999999999998,0.7999999999999999,-11.5,470.0,-625.0,80.78999999999999,42.754,2026-09-08T14:11:09Z
2026,1,Week 1,401872930,Dallas Cowboys,New York Giants,2026-09-14T00:20Z,False,DraftKings,3.0,DAL -3,48.5,-162,136,0.593369754159424,0.4066302458405761,2.5,-130.0,110.0,42.43,51.292,2026-09-08T14:11:09Z
2026,1,Week 1,401872931,Denver Broncos,Kansas City Chiefs,2026-09-15T00:15Z,False,DraftKings,-3.0,KC -3,43.5,124,-148,0.42794036443953615,0.5720596355604638,-2.5,130.0,-155.0,58.501000000000005,71.663,2026-09-08T14:11:09Z
2026,2,Week 2,401872932,Detroit Lions,Buffalo Bills,2026-09-18T00:15Z,False,DraftKings,-3.0,BUF -3,52.5,136,-162,0.4066302458405761,0.593369754159424,-3.0,136.0,-162.0,59.605,83.2,2026-09-08T14:11:09Z
2026,2,Week 2,401872933,Carolina Panthers,Atlanta Falcons,2026-09-20T17:00Z,False,DraftKings,-1.5,ATL -1.5,44.5,105,-125,0.4675324675324675,0.5324675324675325,-1.5,100.0,-120.0,58.379000000000005,23.702,2026-09-08T14:11:09Z
2026,2,Week 2,401872937,Minnesota Vikings,Chicago Bears,2026-09-20T17:00Z,False,DraftKings,-3.5,CHI -3.5,45.5,160,-192,0.3690596562184025,0.6309403437815976,-3.5,154.0,-185.0,58.857000000000006,52.464,2026-09-08T14:11:09Z
2026,2,Week 2,401872939,Philadelphia Eagles,Tennessee Titans,2026-09-20T17:00Z,False,DraftKings,4.5,PHI -4.5,42.5,-218,180,0.6574752261956054,0.34252477380439467,4.5,-218.0,180.0,32.439,42.419,2026-09-08T14:11:09Z
2026,2,Week 2,401872946,Pittsburgh Steelers,New England Patriots,2026-09-20T17:00Z,False,DraftKings,-4.5,NE -4.5,43.5,180,-218,0.34252477380439467,0.6574752261956054,-4.5,185.0,-225.0,62.982000000000006,56.332,2026-09-08T14:11:09Z
2026,2,Week 2,401872936,Green Bay Packers,New York Jets,2026-09-20T17:00Z,False,DraftKings,5.5,GB -5.5,42.5,-245,200,0.6805555555555556,0.3194444444444444,6.5,-285.0,230.0,28.603,42.873,2026-09-08T14:11:09Z
2026,2,Week 2,401872935,Cleveland Browns,Tampa Bay Buccaneers,2026-09-20T17:00Z,False,DraftKings,-6.5,TB -6.5,42.5,225,-278,0.2949668357393679,0.705033164260632,-5.5,200.0,-245.0,71.505,28.751,2026-09-08T14:11:09Z
2026,2,Week 2,401872938,New Orleans Saints,Baltimore Ravens,2026-09-20T17:00Z,False,DraftKings,-7.5,BAL -7.5,46.5,280,-355,0.2522172949002217,0.7477827050997783,-7.5,300.0,-380.0,75.96300000000001,51.446,2026-09-08T14:11:09Z
2026,2,Week 2,401872934,Cincinnati Bengals,Houston Texans,2026-09-20T17:00Z,False,DraftKings,-2.5,HOU -2.5,46.5,114,-135,0.448558885283451,0.551441114716549,-2.5,114.0,-135.0,54.48499999999999,70.118,2026-09-08T14:11:09Z
2026,2,Week 2,401872940,Jacksonville Jaguars,Denver Broncos,2026-09-20T20:05Z,False,DraftKings,-3.0,DEN -3,43.5,130,-155,0.4170073589533933,0.5829926410466066,-2.5,120.0,-142.0,55.469,64.861,2026-09-08T14:11:09Z
2026,2,Week 2,401872941,Las Vegas Raiders,Los Angeles Chargers,2026-09-20T20:05Z,False,DraftKings,-8.5,LAC -8.5,42.5,285,-360,0.2491874322860238,0.7508125677139762,-8.5,330.0,-425.0,80.268,44.033,2026-09-08T14:11:09Z
2026,2,Week 2,401872944,Washington Commanders,Dallas Cowboys,2026-09-20T20:25Z,False,DraftKings,-4.5,DAL -4.5,51.5,170,-205,0.35527082119976705,0.644729178800233,-4.5,170.0,-205.0,66.826,54.05,2026-09-08T14:11:09Z
2026,2,Week 2,401872943,Seattle Seahawks,Arizona Cardinals,2026-09-20T20:25Z,False,DraftKings,10.0,SEA -10,44.5,-550,410,0.8118668596237336,0.18813314037626627,10.0,-500.0,380.0,24.807000000000002,45.44,2026-09-08T14:11:09Z
2026,2,Week 2,401872942,Miami Dolphins,San Francisco 49ers,2026-09-20T20:25Z,False,DraftKings,-10.5,SF -10.5,46.5,490,-675,0.16290068313189698,0.8370993168681029,-10.5,425.0,-575.0,82.402,41.595,2026-09-08T14:11:09Z
2026,2,Week 2,401872945,Indianapolis Colts,Kansas City Chiefs,2026-09-21T00:20Z,False,DraftKings,-6.5,KC -6.5,47.5,260,-325,0.26645768025078376,0.7335423197492164,-5.5,205.0,-250.0,64.748,62.764,2026-09-08T14:11:09Z
2026,2,Week 2,401872947,New York Giants,Los Angeles Rams,2026-09-22T00:15Z,False,DraftKings,-8.5,LAR -8.5,48.5,300,-380,0.24000000000000005,0.7600000000000001,-8.5,295.0,-375.0,78.78699999999999,66.881,2026-09-08T14:11:09Z
2026,3,Week 3,401872948,Atlanta Falcons,Green Bay Packers,2026-09-25T00:15Z,False,DraftKings,-7.5,GB -7.5,46.5,295,-375,0.2428115015974441,0.7571884984025559,-7.5,285.0,-360.0,69.67999999999999,54.68,2026-09-08T14:11:09Z
2026,3,Week 3,401872953,Los Angeles Chargers,Buffalo Bills,2026-09-27T17:00Z,False,DraftKings,-3.0,BUF -3,48.5,136,-162,0.4066302458405761,0.593369754159424,-2.5,120.0,-142.0,60.402,84.878,2026-09-08T14:11:09Z
2026,3,Week 3,401872949,Carolina Panthers,Cleveland Browns,2026-09-27T17:00Z,False,DraftKings,1.5,CAR -1.5,39.5,-122,102,0.5260865852617197,0.4739134147382802,1.5,-120.0,100.0,46.117000000000004,12.524,2026-09-08T14:11:09Z
2026,3,Week 3,401872954,New York Jets,Detroit Lions,2026-09-27T17:00Z,False,DraftKings,-9.5,DET -9.5,45.5,320,-410,0.22849462365591394,0.771505376344086,-9.5,340.0,-440.0,79.08800000000001,43.66,2026-09-08T14:11:09Z
2026,3,Week 3,401872951,Houston Texans,Indianapolis Colts,2026-09-27T17:00Z,False,DraftKings,1.5,HOU -1.5,45.5,-122,102,0.5260865852617197,0.4739134147382802,1.5,-130.0,110.0,47.535,54.786,2026-09-08T14:11:09Z
2026,3,Week 3,401872952,Kansas City Chiefs,Miami Dolphins,2026-09-27T17:00Z,False,DraftKings,7.5,KC -7.5,44.5,-440,340,0.7819063004846527,0.21809369951534735,7.0,-340.0,270.0,24.974,38.914,2026-09-08T14:11:09Z
2026,3,Week 3,401872956,Tennessee Titans,New York Giants,2026-09-27T17:00Z,False,DraftKings,-3.0,NYG -3,44.5,140,-166,0.4003612281757977,0.5996387718242023,-3.0,145.0,-175.0,62.272000000000006,22.783,2026-09-08T14:11:09Z
2026,3,Week 3,401872950,Cincinnati Bengals,Pittsburgh Steelers,2026-09-27T17:00Z,False,DraftKings,1.5,CIN -1.5,46.5,-125,105,0.5324675324675325,0.4675324675324675,1.5,-115.0,-105.0,45.139,55.319,2026-09-08T14:11:09Z
2026,3,Week 3,401872955,Seattle Seahawks,Washington Commanders,2026-09-27T17:00Z,False,DraftKings,3.5,SEA -3.5,46.5,-192,160,0.6309403437815976,0.3690596562184025,3.5,-198.0,164.0,37.552,60.029,2026-09-08T14:11:09Z
2026,3,Week 3,401872957,New England Patriots,Jacksonville Jaguars,2026-09-27T17:00Z,False,DraftKings,-1.5,JAX -1.5,45.5,-102,-118,0.4826358742837298,0.5173641257162701,-1.5,-102.0,-118.0,54.945,65.737,2026-09-08T14:11:09Z
2026,3,Week 3,401872958,Arizona Cardinals,San Francisco 49ers,2026-09-27T20:05Z,False,DraftKings,-11.5,SF -11.5,46.5,470,-650,0.16835016835016833,0.8316498316498315,-11.5,470.0,-650.0,80.501,42.457,2026-09-08T14:11:09Z
2026,3,Week 3,401872959,Minnesota Vikings,Tampa Bay Buccaneers,2026-09-27T20:05Z,False,DraftKings,,,44.5,105,-125,0.4675324675324675,0.5324675324675325,,105.0,-125.0,55.794,48.807,2026-09-08T14:11:09Z
2026,3,Week 3,401872960,Baltimore Ravens,Dallas Cowboys,2026-09-27T20:25Z,True,DraftKings,2.5,BAL -2.5,51.5,-135,114,0.551441114716549,0.448558885283451,2.5,-135.0,114.0,43.869,77.948,2026-09-08T14:11:09Z
2026,3,Week 3,401872961,Las Vegas Raiders,New Orleans Saints,2026-09-27T20:25Z,False,DraftKings,-3.5,NO -3.5,42.5,154,-185,0.3775334481388264,0.6224665518611737,-3.0,140.0,-166.0,61.70099999999999,15.005,2026-09-08T14:11:09Z
2026,3,Week 3,401872962,Los Angeles Rams,Denver Broncos,2026-09-28T00:20Z,False,DraftKings,3.0,LAR -3,45.5,-155,130,0.5829926410466066,0.4170073589533933,2.5,-142.0,120.0,38.527,81.228,2026-09-08T14:11:09Z
2026,3,Week 3,401872963,Philadelphia Eagles,Chicago Bears,2026-09-29T00:15Z,False,DraftKings,-1.5,CHI -1.5,46.5,-102,-118,0.4826358742837298,0.5173641257162701,-1.5,-102.0,-118.0,49.664,65.551,2026-09-08T14:11:09Z
2026,4,Week 4,401872964,Pittsburgh Steelers,Cleveland Browns,2026-10-02T00:15Z,False,DraftKings,2.5,PIT -2.5,40.5,-135,114,0.551441114716549,0.448558885283451,2.5,-135.0,114.0,36.056,25.416,2026-09-08T14:11:09Z
2026,4,Week 4,401872965,Indianapolis Colts,Washington Commanders,2026-10-04T13:30Z,True,DraftKings,-1.5,WSH -1.5,50.5,-102,-118,0.4826358742837298,0.5173641257162701,-1.5,-110.0,-110.0,45.862,41.575,2026-09-08T14:11:09Z
2026,4,Week 4,401872971,New England Patriots,Buffalo Bills,2026-10-04T17:00Z,False,DraftKings,-3.0,BUF -3,49.5,136,-162,0.4066302458405761,0.593369754159424,-3.0,136.0,-162.0,63.863,77.896,2026-09-08T14:11:09Z
2026,4,Week 4,401872972,New York Jets,Chicago Bears,2026-10-04T17:00Z,False,DraftKings,-8.5,CHI -8.5,45.5,330,-425,0.22316684378320936,0.7768331562167907,-8.5,300.0,-380.0,74.923,33.312,2026-09-08T14:11:09Z
2026,4,Week 4,401872969,Jacksonville Jaguars,Cincinnati Bengals,2026-10-04T17:00Z,False,DraftKings,-2.5,CIN -2.5,51.5,114,-135,0.448558885283451,0.551441114716549,-2.5,114.0,-135.0,56.80500000000001,67.28,2026-09-08T14:11:09Z
2026,4,Week 4,401872966,Arizona Cardinals,New York Giants,2026-10-04T17:00Z,False,DraftKings,-7.0,NYG -7,45.5,260,-325,0.26645768025078376,0.7335423197492164,-7.0,260.0,-325.0,67.81,19.444,2026-09-08T14:11:09Z
2026,4,Week 4,401872970,Los Angeles Rams,Philadelphia Eagles,2026-10-04T17:00Z,False,DraftKings,1.5,LAR -1.5,47.5,-125,105,0.5324675324675325,0.4675324675324675,1.5,-118.0,-102.0,41.191,83.591,2026-09-08T14:11:09Z
2026,4,Week 4,401872968,Green Bay Packers,Tampa Bay Buccaneers,2026-10-04T17:00Z,False,DraftKings,1.5,GB -1.5,47.5,-125,105,0.5324675324675325,0.4675324675324675,1.5,-125.0,105.0,44.369,64.672,2026-09-08T14:11:09Z
2026,4,Week 4,401872973,Tennessee Titans,Baltimore Ravens,2026-10-04T17:00Z,False,DraftKings,-8.5,BAL -8.5,47.5,310,-395,0.23409789548356585,0.7659021045164341,-8.5,310.0,-395.0,79.746,47.637,2026-09-08T14:11:09Z
2026,4,Week 4,401872967,Dallas Cowboys,Houston Texans,2026-10-04T17:00Z,False,DraftKings,-2.5,HOU -2.5,47.5,114,-135,0.448558885283451,0.551441114716549,-2.5,114.0,-135.0,54.527,70.46,2026-09-08T14:11:09Z
2026,4,Week 4,401872974,Miami Dolphins,Minnesota Vikings,2026-10-04T20:05Z,False,DraftKings,-7.5,MIN -7.5,43.5,320,-410,0.22849462365591394,0.771505376344086,-7.5,310.0,-395.0,74.53999999999999,23.727,2026-09-08T14:11:09Z
2026,4,Week 4,401872976,Kansas City Chiefs,Las Vegas Raiders,2026-10-04T20:25Z,False,DraftKings,5.5,KC -5.5,43.5,-250,205,0.6853932584269663,0.31460674157303364,5.5,-258.0,210.0,30.123,42.417,2026-09-08T14:11:09Z
2026,4,Week 4,401872975,Denver Broncos,San Francisco 49ers,2026-10-04T20:25Z,False,DraftKings,-2.5,SF -2.5,46.5,114,-135,0.448558885283451,0.551441114716549,-2.5,114.0,-135.0,59.655,72.799,2026-09-08T14:11:09Z
2026,4,Week 4,401872977,Los Angeles Chargers,Seattle Seahawks,2026-10-04T20:25Z,False,DraftKings,-3.0,SEA -3,45.5,145,-175,0.39076376554174075,0.6092362344582594,-3.0,136.0,-162.0,57.975,82.811,2026-09-08T14:11:09Z
2026,4,Week 4,401872978,Detroit Lions,Carolina Panthers,2026-10-05T00:20Z,False,DraftKings,3.0,DET -3,47.5,-162,136,0.593369754159424,0.4066302458405761,3.0,-162.0,136.0,35.150999999999996,48.117,2026-09-08T14:11:09Z
2026,4,Week 4,401872979,Atlanta Falcons,New Orleans Saints,2026-10-06T00:15Z,False,DraftKings,-2.5,NO -2.5,45.5,114,-135,0.448558885283451,0.551441114716549,-2.5,114.0,-135.0,51.002,27.102,2026-09-08T14:11:09Z
2026,5,Week 5,401872980,Tampa Bay Buccaneers,Dallas Cowboys,2026-10-09T00:15Z,False,DraftKings,-3.5,DAL -3.5,52.5,170,-205,0.35527082119976705,0.644729178800233,-3.5,170.0,-205.0,63.086,60.035,2026-09-08T14:11:09Z
2026,5,Week 5,401872981,Philadelphia Eagles,Jacksonville Jaguars,2026-10-11T13:30Z,True,DraftKings,1.5,PHI -1.5,45.5,-125,105,0.5324675324675325,0.4675324675324675,2.5,-130.0,110.0,46.554,69.041,2026-09-08T14:11:09Z
2026,5,Week 5,401872984,Houston Texans,Tennessee Titans,2026-10-11T17:00Z,False,DraftKings,3.5,HOU -3.5,43.5,-192,160,0.6309403437815976,0.3690596562184025,3.5,-192.0,160.0,35.547000000000004,37.885,2026-09-08T14:11:09Z
2026,5,Week 5,401872982,Cincinnati Bengals,Miami Dolphins,2026-10-11T17:00Z,False,DraftKings,6.0,CIN -6,49.5,-270,220,0.7001620745542949,0.299837925445705,5.5,-250.0,205.0,27.147,35.333,2026-09-08T14:11:09Z
2026,5,Week 5,401872986,Las Vegas Raiders,New England Patriots,2026-10-11T17:00Z,False,DraftKings,-8.5,NE -8.5,44.5,310,-395,0.23409789548356585,0.7659021045164341,-8.5,330.0,-425.0,75.006,37.286,2026-09-08T14:11:09Z
2026,5,Week 5,401872987,Minnesota Vikings,New Orleans Saints,2026-10-11T17:00Z,False,DraftKings,1.5,MIN -1.5,44.5,-125,105,0.5324675324675325,0.4675324675324675,1.5,-120.0,100.0,47.160999999999994,34.239,2026-09-08T14:11:09Z
2026,5,Week 5,401872983,Cleveland Browns,New York Jets,2026-10-11T17:00Z,False,DraftKings,-1.5,NYJ -1.5,39.5,110,-130,0.4572564612326044,0.5427435387673957,-1.5,105.0,-125.0,56.815000000000005,6.79,2026-09-08T14:11:09Z
2026,5,Week 5,401872985,Indianapolis Colts,Pittsburgh Steelers,2026-10-11T17:00Z,False,DraftKings,-2.5,PIT -2.5,47.5,120,-142,0.43650793650793646,0.5634920634920635,-2.5,114.0,-135.0,53.969,45.781,2026-09-08T14:11:09Z
2026,5,Week 5,401872988,New York Giants,Washington Commanders,2026-10-11T17:00Z,False,DraftKings,-1.5,WSH -1.5,48.5,110,-130,0.4572564612326044,0.5427435387673957,-2.5,114.0,-135.0,55.315000000000005,36.118,2026-09-08T14:11:09Z
2026,5,Week 5,401872989,Denver Broncos,Los Angeles Chargers,2026-10-11T20:05Z,False,DraftKings,-2.5,LAC -2.5,44.5,114,-135,0.448558885283451,0.551441114716549,-2.5,120.0,-142.0,59.653,73.184,2026-09-08T14:11:09Z
2026,5,Week 5,401872990,Chicago Bears,Green Bay Packers,2026-10-11T20:25Z,False,DraftKings,-3.0,GB -3,49.5,140,-166,0.4003612281757977,0.5996387718242023,-3.0,140.0,-166.0,59.675,70.755,2026-09-08T14:11:09Z
2026,5,Week 5,401872991,Detroit Lions,Arizona Cardinals,2026-10-11T20:25Z,False,DraftKings,8.5,DET -8.5,48.5,-395,310,0.7659021045164341,0.23409789548356585,8.5,-395.0,310.0,27.833999999999996,40.721,2026-09-08T14:11:09Z
2026,5,Week 5,401872992,San Francisco 49ers,Seattle Seahawks,2026-10-11T20:25Z,False,DraftKings,-3.5,SEA -3.5,48.5,170,-205,0.35527082119976705,0.644729178800233,-3.5,164.0,-198.0,56.989000000000004,81.46,2026-09-08T14:11:09Z
2026,5,Week 5,401872993,Baltimore Ravens,Atlanta Falcons,2026-10-12T00:20Z,False,DraftKings,4.5,BAL -4.5,48.5,-205,170,0.644729178800233,0.35527082119976705,4.5,-218.0,180.0,35.943000000000005,55.564,2026-09-08T14:11:09Z
2026,5,Week 5,401872994,Buffalo Bills,Los Angeles Rams,2026-10-13T00:15Z,False,DraftKings,-3.0,LAR -3,53.5,140,-166,0.4003612281757977,0.5996387718242023,-3.0,130.0,-155.0,60.559,92.371,2026-09-08T14:11:09Z
2026,6,Week 6,401872995,Seattle Seahawks,Denver Broncos,2026-10-16T00:15Z,False,DraftKings,1.5,SEA -1.5,43.5,-130,110,0.5427435387673957,0.4572564612326044,2.5,-130.0,110.0,46.885,75.352,2026-09-08T14:11:09Z
2026,6,Week 6,401872996,Houston Texans,Jacksonville Jaguars,2026-10-18T13:30Z,True,DraftKings,-1.5,JAX -1.5,42.5,-108,-112,0.4956702459300312,0.5043297540699688,1.5,-115.0,-105.0,48.265,64.33,2026-09-08T14:11:09Z
2026,6,Week 6,401872999,Chicago Bears,Atlanta Falcons,2026-10-18T17:00Z,False,DraftKings,3.0,CHI -3,47.5,-155,130,0.5829926410466066,0.4170073589533933,3.0,-166.0,140.0,44.926,45.967,2026-09-08T14:11:09Z
2026,6,Week 6,401872997,Baltimore Ravens,Cleveland Browns,2026-10-18T17:00Z,False,DraftKings,6.5,BAL -6.5,44.5,-250,205,0.6853932584269663,0.31460674157303364,6.5,-270.0,220.0,24.692,44.797,2026-09-08T14:11:09Z
2026,6,Week 6,401873003,Tennessee Titans,Indianapolis Colts,2026-10-18T17:00Z,False,DraftKings,-3.5,IND -3.5,47.5,164,-198,0.3630958183058778,0.6369041816941223,-3.5,160.0,-192.0,66.081,29.202,2026-09-08T14:11:09Z
2026,6,Week 6,401873001,New York Jets,New England Patriots,2026-10-18T17:00Z,False,DraftKings,-9.5,NE -9.5,42.5,340,-440,0.21809369951534735,0.7819063004846527,-9.5,350.0,-455.0,75.667,37.583,2026-09-08T14:11:09Z
2026,6,Week 6,401873000,New Orleans Saints,New York Giants,2026-10-18T17:00Z,False,DraftKings,-2.5,NYG -2.5,44.5,120,-142,0.43650793650793646,0.5634920634920635,-2.5,124.0,-148.0,57.729,26.877,2026-09-08T14:11:09Z
2026,6,Week 6,401872998,Carolina Panthers,Philadelphia Eagles,2026-10-18T17:00Z,False,DraftKings,-6.5,PHI -6.5,43.5,225,-278,0.2949668357393679,0.705033164260632,-6.5,230.0,-285.0,69.991,45.203,2026-09-08T14:11:09Z
2026,6,Week 6,401873002,Pittsburgh Steelers,Tampa Bay Buccaneers,2026-10-18T17:00Z,False,DraftKings,-1.5,TB -1.5,45.5,105,-125,0.4675324675324675,0.5324675324675325,-1.5,105.0,-125.0,55.947,48.442,2026-09-08T14:11:09Z
2026,6,Week 6,401873004,Arizona Cardinals,Los Angeles Rams,2026-10-18T20:05Z,False,DraftKings,-13.5,LAR -13.5,47.5,525,-750,0.15349887133182846,0.8465011286681716,-13.5,500.0,-700.0,86.91499999999999,50.838,2026-09-08T14:11:09Z
2026,6,Week 6,401873006,Los Angeles Chargers,Kansas City Chiefs,2026-10-18T20:25Z,False,DraftKings,-2.5,KC -2.5,46.5,120,-142,0.43650793650793646,0.5634920634920635,-2.5,114.0,-135.0,55.596999999999994,79.032,2026-09-08T14:11:09Z
2026,6,Week 6,401873005,Buffalo Bills,Las Vegas Raiders,2026-10-18T20:25Z,False,DraftKings,6.5,BUF -6.5,47.5,-270,220,0.7001620745542949,0.299837925445705,6.5,-285.0,230.0,25.918999999999997,48.453,2026-09-08T14:11:09Z
2026,6,Week 6,401873007,Dallas Cowboys,Green Bay Packers,2026-10-19T00:20Z,False,DraftKings,-3.0,GB -3,51.5,142,-170,0.3962430290578221,0.6037569709421778,-3.0,140.0,-166.0,57.216,72.971,2026-09-08T14:11:09Z
2026,6,Week 6,401873008,Washington Commanders,San Francisco 49ers,2026-10-20T00:15Z,False,DraftKings,-5.5,SF -5.5,50.5,200,-245,0.3194444444444444,0.6805555555555556,-5.5,205.0,-250.0,69.606,57.856,2026-09-08T14:11:09Z
2026,7,Week 7,401873010,New England Patriots,Chicago Bears,2026-10-23T00:15Z,False,DraftKings,-1.5,CHI -1.5,47.5,105,-125,0.4675324675324675,0.5324675324675325,-1.5,100.0,-120.0,53.249,62.246,2026-09-08T14:11:09Z
2026,7,Week 7,401873011,Pittsburgh Steelers,New Orleans Saints,2026-10-25T13:30Z,True,DraftKings,2.5,PIT -2.5,42.5,-142,120,0.5634920634920635,0.43650793650793646,2.5,-135.0,114.0,40.685,33.643,2026-09-08T14:11:09Z
2026,7,Week 7,401873017,San Francisco 49ers,Atlanta Falcons,2026-10-25T17:00Z,False,DraftKings,4.5,SF -4.5,47.5,-225,185,0.6636481241914618,0.33635187580853815,4.5,-218.0,180.0,39.715,52.97,2026-09-08T14:11:09Z
2026,7,Week 7,401873013,Cleveland Browns,Tennessee Titans,2026-10-25T17:00Z,False,DraftKings,-2.5,TEN -2.5,40.5,114,-135,0.448558885283451,0.551441114716549,-2.5,120.0,-142.0,58.513000000000005,9.095,2026-09-08T14:11:09Z
2026,7,Week 7,401873014,Indianapolis Colts,Minnesota Vikings,2026-10-25T17:00Z,False,DraftKings,-2.5,MIN -2.5,46.5,120,-142,0.43650793650793646,0.5634920634920635,-3.0,136.0,-162.0,54.244,47.52,2026-09-08T14:11:09Z
2026,7,Week 7,401873015,Miami Dolphins,New York Jets,2026-10-25T17:00Z,False,DraftKings,-2.5,NYJ -2.5,41.5,120,-142,0.43650793650793646,0.5634920634920635,-2.5,120.0,-142.0,59.565,4.658,2026-09-08T14:11:09Z
2026,7,Week 7,401873018,Tampa Bay Buccaneers,Carolina Panthers,2026-10-25T17:00Z,False,DraftKings,1.5,TB -1.5,45.5,-125,105,0.5324675324675325,0.4675324675324675,1.5,-118.0,-102.0,45.009,33.767,2026-09-08T14:11:09Z
2026,7,Week 7,401873012,Cincinnati Bengals,Baltimore Ravens,2026-10-25T17:00Z,False,DraftKings,-3.5,BAL -3.5,51.5,154,-185,0.3775334481388264,0.6224665518611737,-3.5,160.0,-192.0,58.192,75.462,2026-09-08T14:11:09Z
2026,7,Week 7,401873016,New York Giants,Houston Texans,2026-10-25T17:00Z,False,DraftKings,-5.5,HOU -5.5,43.5,195,-238,0.3249687530045188,0.6750312469954812,-5.5,195.0,-238.0,65.135,54.762,2026-09-08T14:11:09Z
2026,7,Week 7,401873019,Denver Broncos,Arizona Cardinals,2026-10-25T20:05Z,False,DraftKings,7.5,DEN -7.5,43.5,-360,285,0.7508125677139762,0.2491874322860238,7.5,-360.0,285.0,30.968,35.889,2026-09-08T14:11:09Z
2026,7,Week 7,401873020,Green Bay Packers,Detroit Lions,2026-10-25T20:25Z,False,DraftKings,-2.5,DET -2.5,50.5,114,-135,0.448558885283451,0.551441114716549,-1.5,105.0,-125.0,55.977,77.928,2026-09-08T14:11:09Z
2026,7,Week 7,401873021,Los Angeles Rams,Las Vegas Raiders,2026-10-25T20:25Z,False,DraftKings,7.5,LAR -7.5,46.5,-345,275,0.7440690150970525,0.2559309849029475,7.5,-360.0,285.0,20.775,53.079,2026-09-08T14:11:09Z
2026,7,Week 7,401873022,Kansas City Chiefs,Seattle Seahawks,2026-10-26T00:20Z,False,DraftKings,-3.0,SEA -3,45.5,145,-175,0.39076376554174075,0.6092362344582594,-3.0,130.0,-155.0,58.206,80.642,2026-09-08T14:11:09Z
2026,7,Week 7,401873009,Dallas Cowboys,Philadelphia Eagles,2026-10-27T00:15Z,False,DraftKings,-3.0,PHI -3,48.5,136,-162,0.4066302458405761,0.593369754159424,-3.0,136.0,-162.0,55.464,69.536,2026-09-08T14:11:09Z
2026,8,Week 8,401873023,Carolina Panthers,Green Bay Packers,2026-10-30T00:15Z,False,DraftKings,-7.0,GB -7,45.5,275,-345,0.2559309849029475,0.7440690150970525,-7.0,260.0,-325.0,72.37400000000001,48.414,2026-09-08T14:11:09Z
2026,8,Week 8,401873026,Baltimore Ravens,Buffalo Bills,2026-11-01T18:00Z,False,DraftKings,-2.5,BUF -2.5,51.5,114,-135,0.448558885283451,0.551441114716549,-2.5,114.0,-135.0,57.784,86.553,2026-09-08T14:11:09Z
2026,8,Week 8,401873031,Tennessee Titans,Cincinnati Bengals,2026-11-01T18:00Z,False,DraftKings,-6.5,CIN -6.5,49.5,235,-290,0.28644876973925815,0.7135512302607419,-6.5,220.0,-270.0,72.37,41.252,2026-09-08T14:11:09Z
2026,8,Week 8,401873024,Arizona Cardinals,Dallas Cowboys,2026-11-01T18:00Z,False,DraftKings,-10.5,DAL -10.5,47.5,410,-550,0.18813314037626627,0.8118668596237336,-10.5,380.0,-500.0,77.73400000000001,38.564,2026-09-08T14:11:09Z
2026,8,Week 8,401873030,Minnesota Vikings,Detroit Lions,2026-11-01T18:00Z,False,DraftKings,-4.5,DET -4.5,47.5,185,-225,0.33635187580853815,0.6636481241914618,-4.5,185.0,-225.0,64.33,62.087,2026-09-08T14:11:09Z
2026,8,Week 8,401873029,Las Vegas Raiders,New York Jets,2026-11-01T18:00Z,False,DraftKings,-1.5,NYJ -1.5,40.5,105,-125,0.4675324675324675,0.5324675324675325,-1.5,105.0,-125.0,53.886,7.802,2026-09-08T14:11:09Z
2026,8,Week 8,401873027,Cleveland Browns,Pittsburgh Steelers,2026-11-01T18:00Z,False,DraftKings,-6.0,PIT -6,39.5,215,-265,0.30423004792665137,0.6957699520733487,-5.5,200.0,-245.0,71.975,24.354,2026-09-08T14:11:09Z
2026,8,Week 8,401873025,Atlanta Falcons,Tampa Bay Buccaneers,2026-11-01T18:00Z,False,DraftKings,-4.5,TB -4.5,46.5,180,-218,0.34252477380439467,0.6574752261956054,-4.5,185.0,-225.0,59.339,41.553,2026-09-08T14:11:09Z
2026,8,Week 8,401873028,Indianapolis Colts,Jacksonville Jaguars,2026-11-01T18:00Z,False,DraftKings,-4.5,JAX -4.5,49.5,185,-225,0.33635187580853815,0.6636481241914618,-4.5,180.0,-218.0,62.68,57.528,2026-09-08T14:11:09Z
2026,8,Week 8,401873032,Los Angeles Chargers,Los Angeles Rams,2026-11-01T21:05Z,False,DraftKings,-4.5,LAR -4.5,48.5,164,-198,0.3630958183058778,0.6369041816941223,-3.5,160.0,-192.0,63.586,88.712,2026-09-08T14:11:09Z
2026,8,Week 8,401873033,Kansas City Chiefs,Denver Broncos,2026-11-01T21:25Z,False,DraftKings,-1.5,DEN -1.5,43.5,105,-125,0.4675324675324675,0.5324675324675325,-1.5,-102.0,-118.0,50.949,70.421,2026-09-08T14:11:09Z
2026,8,Week 8,401873034,New England Patriots,Miami Dolphins,2026-11-01T21:25Z,False,DraftKings,7.0,NE -7,45.5,-355,280,0.7477827050997783,0.2522172949002217,7.0,-325.0,260.0,27.256000000000004,34.708,2026-09-08T14:11:09Z
2026,8,Week 8,401873035,Philadelphia Eagles,Washington Commanders,2026-11-02T01:20Z,False,DraftKings,1.5,PHI -1.5,46.5,-125,105,0.5324675324675325,0.4675324675324675,2.5,-135.0,114.0,42.68,53.291,2026-09-08T14:11:09Z
2026,8,Week 8,401873036,Chicago Bears,Seattle Seahawks,2026-11-03T01:15Z,False,DraftKings,-4.5,SEA -4.5,47.5,180,-218,0.34252477380439467,0.6574752261956054,-4.5,180.0,-218.0,62.531000000000006,74.47,2026-09-08T14:11:09Z
2026,9,Week 9,401873037,Jacksonville Jaguars,Baltimore Ravens,2026-11-06T01:15Z,False,DraftKings,-4.5,BAL -4.5,49.5,170,-205,0.35527082119976705,0.644729178800233,-4.5,180.0,-218.0,62.656,73.605,2026-09-08T14:11:09Z
2026,9,Week 9,401873038,Cincinnati Bengals,Atlanta Falcons,2026-11-08T14:30Z,True,DraftKings,5.5,CIN -5.5,49.5,-230,190,0.6690070210631895,0.33099297893681046,4.5,-225.0,185.0,38.332,48.145,2026-09-08T14:11:09Z
2026,9,Week 9,401873040,Dallas Cowboys,Indianapolis Colts,2026-11-08T18:00Z,False,DraftKings,1.5,DAL -1.5,52.5,-125,105,0.5324675324675325,0.4675324675324675,1.5,-125.0,105.0,46.531,57.486,2026-09-08T14:11:09Z
2026,9,Week 9,401873045,New York Jets,Kansas City Chiefs,2026-11-08T18:00Z,False,DraftKings,-9.5,KC -9.5,41.5,360,-470,0.20863836017569545,0.7913616398243045,-9.5,360.0,-470.0,78.804,42.575,2026-09-08T14:11:09Z
2026,9,Week 9,401873042,Detroit Lions,Miami Dolphins,2026-11-08T18:00Z,False,DraftKings,6.5,DET -6.5,47.5,-278,225,0.705033164260632,0.2949668357393679,6.5,-270.0,220.0,25.785000000000004,39.6,2026-09-08T14:11:09Z
2026,9,Week 9,401873039,Cleveland Browns,New Orleans Saints,2026-11-08T18:00Z,False,DraftKings,-3.5,NO -3.5,41.5,160,-192,0.3690596562184025,0.6309403437815976,-3.5,160.0,-192.0,64.069,14.895,2026-09-08T14:11:09Z
2026,9,Week 9,401873044,New York Giants,Philadelphia Eagles,2026-11-08T18:00Z,False,DraftKings,-5.5,PHI -5.5,44.5,195,-238,0.3249687530045188,0.6750312469954812,-5.5,195.0,-238.0,65.659,54.504,2026-09-08T14:11:09Z
2026,9,Week 9,401873043,Los Angeles Rams,Washington Commanders,2026-11-08T18:00Z,False,DraftKings,4.5,LAR -4.5,50.5,-225,185,0.6636481241914618,0.33635187580853815,4.5,-205.0,170.0,31.968999999999998,65.794,2026-09-08T14:11:09Z
2026,9,Week 9,401873041,Denver Broncos,Carolina Panthers,2026-11-08T18:00Z,False,DraftKings,3.0,DEN -3,42.5,-162,136,0.593369754159424,0.4066302458405761,3.0,-162.0,136.0,40.201,42.904,2026-09-08T14:11:09Z
2026,9,Week 9,401873046,Houston Texans,Los Angeles Chargers,2026-11-08T21:05Z,False,DraftKings,-2.5,LAC -2.5,43.5,120,-142,0.43650793650793646,0.5634920634920635,-1.5,110.0,-130.0,57.321999999999996,71.876,2026-09-08T14:11:09Z
2026,9,Week 9,401873047,Las Vegas Raiders,San Francisco 49ers,2026-11-08T21:05Z,False,DraftKings,-8.5,SF -8.5,46.5,330,-425,0.22316684378320936,0.7768331562167907,-8.5,330.0,-425.0,78.89,44.237,2026-09-08T14:11:09Z
2026,9,Week 9,401873049,Green Bay Packers,New England Patriots,2026-11-08T21:25Z,False,DraftKings,-1.5,NE -1.5,46.5,105,-125,0.4675324675324675,0.5324675324675325,-1.5,105.0,-125.0,50.671,72.996,2026-09-08T14:11:09Z
2026,9,Week 9,401873048,Arizona Cardinals,Seattle Seahawks,2026-11-08T21:25Z,False,DraftKings,-13.5,SEA -13.5,45.5,575,-850,0.14205607476635515,0.8579439252336449,-13.5,525.0,-750.0,81.54599999999999,45.089,2026-09-08T14:11:09Z
2026,9,Week 9,401873050,Tampa Bay Buccaneers,Chicago Bears,2026-11-09T01:20Z,False,DraftKings,-3.5,CHI -3.5,48.5,160,-192,0.3690596562184025,0.6309403437815976,-3.5,160.0,-192.0,58.452000000000005,53.203,2026-09-08T14:11:09Z
2026,9,Week 9,401873051,Buffalo Bills,Minnesota Vikings,2026-11-10T01:15Z,False,DraftKings,3.0,BUF -3,48.5,-170,142,0.6037569709421778,0.3962430290578221,3.0,-155.0,130.0,37.486999999999995,66.676,2026-09-08T14:11:09Z
2026,10,Week 10,401873052,Washington Commanders,New York Giants,2026-11-13T01:15Z,False,DraftKings,-1.5,NYG -1.5,47.5,105,-125,0.4675324675324675,0.5324675324675325,-1.5,105.0,-125.0,53.535999999999994,34.883,2026-09-08T14:11:09Z
2026,10,Week 10,401873053,New England Patriots,Detroit Lions,2026-11-15T14:30Z,True,DraftKings,-1.5,DET -1.5,48.5,105,-125,0.4675324675324675,0.5324675324675325,-1.5,105.0,-125.0,54.459999999999994,72.051,2026-09-08T14:11:09Z
2026,10,Week 10,401873058,Kansas City Chiefs,Atlanta Falcons,2026-11-15T18:00Z,False,DraftKings,4.5,KC -4.5,45.5,-225,185,0.6636481241914618,0.33635187580853815,4.5,-225.0,185.0,40.343,51.783,2026-09-08T14:11:09Z
2026,10,Week 10,401873056,Houston Texans,Cleveland Browns,2026-11-15T18:00Z,False,DraftKings,4.5,HOU -4.5,38.5,-205,170,0.644729178800233,0.35527082119976705,4.5,-218.0,180.0,31.727,34.522,2026-09-08T14:11:09Z
2026,10,Week 10,401873060,Minnesota Vikings,Green Bay Packers,2026-11-15T18:00Z,False,DraftKings,-4.5,GB -4.5,45.5,200,-245,0.3194444444444444,0.6805555555555556,-4.5,185.0,-225.0,64.621,61.812,2026-09-08T14:11:09Z
2026,10,Week 10,401873057,Jacksonville Jaguars,Tennessee Titans,2026-11-15T18:00Z,False,DraftKings,2.5,JAX -2.5,45.5,-135,114,0.551441114716549,0.448558885283451,2.5,-135.0,114.0,38.854,37.827,2026-09-08T14:11:09Z
2026,10,Week 10,401873059,Miami Dolphins,Indianapolis Colts,2026-11-15T18:00Z,False,DraftKings,-6.5,IND -6.5,47.5,250,-310,0.27424749163879597,0.725752508361204,-6.5,235.0,-290.0,74.57000000000001,24.276,2026-09-08T14:11:09Z
2026,10,Week 10,401873055,Carolina Panthers,New Orleans Saints,2026-11-15T18:00Z,False,DraftKings,-1.5,NO -1.5,43.5,-102,-118,0.4826358742837298,0.5173641257162701,-1.5,105.0,-125.0,56.385,20.751,2026-09-08T14:11:09Z
2026,10,Week 10,401873054,Buffalo Bills,New York Jets,2026-11-15T18:00Z,False,DraftKings,7.0,BUF -7,46.5,-340,270,0.740871613663133,0.2591283863368669,7.0,-340.0,270.0,25.621,47.862,2026-09-08T14:11:09Z
2026,10,Week 10,401873062,Seattle Seahawks,Las Vegas Raiders,2026-11-15T21:05Z,False,DraftKings,7.0,SEA -7,43.5,-310,250,0.725752508361204,0.27424749163879597,7.0,-340.0,270.0,27.761000000000003,47.212,2026-09-08T14:11:09Z
2026,10,Week 10,401873061,Los Angeles Rams,Arizona Cardinals,2026-11-15T21:05Z,False,DraftKings,10.5,LAR -10.5,47.5,-470,360,0.7913616398243045,0.20863836017569545,10.5,-535.0,400.0,19.951,50.828,2026-09-08T14:11:09Z
2026,10,Week 10,401873063,San Francisco 49ers,Dallas Cowboys,2026-11-15T21:25Z,False,DraftKings,-1.5,DAL -1.5,52.5,-102,-118,0.4826358742837298,0.5173641257162701,-1.5,100.0,-120.0,51.427,74.771,2026-09-08T14:11:09Z
2026,10,Week 10,401873064,Pittsburgh Steelers,Cincinnati Bengals,2026-11-16T01:20Z,False,DraftKings,-3.5,CIN -3.5,47.5,160,-192,0.3690596562184025,0.6309403437815976,-3.5,160.0,-192.0,60.153999999999996,58.717,2026-09-08T14:11:09Z
2026,10,Week 10,401873065,Los Angeles Chargers,Baltimore Ravens,2026-11-17T01:15Z,False,DraftKings,-3.5,BAL -3.5,47.5,150,-180,0.3835616438356164,0.6164383561643836,-2.5,120.0,-142.0,56.766000000000005,81.769,2026-09-08T14:11:09Z
2026,11,Week 11,401873066,Indianapolis Colts,Houston Texans,2026-11-20T01:15Z,False,DraftKings,-5.5,HOU -5.5,45.5,200,-245,0.3194444444444444,0.6805555555555556,-5.5,195.0,-238.0,62.377,60.219,2026-09-08T14:11:09Z
2026,11,Week 11,401873070,Miami Dolphins,Buffalo Bills,2026-11-22T18:00Z,False,DraftKings,-11.5,BUF -11.5,47.5,470,-650,0.16835016835016833,0.8316498316498315,-11.5,440.0,-600.0,84.726,46.065,2026-09-08T14:11:09Z
2026,11,Week 11,401873071,New Orleans Saints,Chicago Bears,2026-11-22T18:00Z,False,DraftKings,-6.5,CHI -6.5,46.5,230,-285,0.2904564315352697,0.7095435684647302,-6.5,225.0,-278.0,67.469,39.725,2026-09-08T14:11:09Z
2026,11,Week 11,401873073,Tennessee Titans,Dallas Cowboys,2026-11-22T18:00Z,False,DraftKings,-6.5,DAL -6.5,48.5,230,-285,0.2904564315352697,0.7095435684647302,-6.5,235.0,-290.0,73.263,42.236,2026-09-08T14:11:09Z
2026,11,Week 11,401873072,Tampa Bay Buccaneers,Detroit Lions,2026-11-22T18:00Z,False,DraftKings,-4.5,DET -4.5,49.5,185,-225,0.33635187580853815,0.6636481241914618,-4.5,190.0,-230.0,62.727,63.563,2026-09-08T14:11:09Z
2026,11,Week 11,401873067,Arizona Cardinals,Kansas City Chiefs,2026-11-22T18:00Z,False,DraftKings,-11.5,KC -11.5,44.5,440,-600,0.17766497461928932,0.8223350253807106,-11.5,440.0,-600.0,80.062,41.194,2026-09-08T14:11:09Z
2026,11,Week 11,401873069,Jacksonville Jaguars,New York Giants,2026-11-22T18:00Z,False,DraftKings,1.5,JAX -1.5,46.5,-125,105,0.5324675324675325,0.4675324675324675,1.5,-125.0,105.0,45.532000000000004,48.945,2026-09-08T14:11:09Z
2026,11,Week 11,401873068,Baltimore Ravens,Carolina Panthers,2026-11-22T18:00Z,False,DraftKings,4.5,BAL -4.5,46.5,-218,180,0.6574752261956054,0.34252477380439467,4.5,-218.0,180.0,33.894000000000005,51.692,2026-09-08T14:11:09Z
2026,11,Week 11,401873074,New York Jets,Los Angeles Chargers,2026-11-22T21:05Z,False,DraftKings,-9.5,LAC -9.5,41.5,330,-425,0.22316684378320936,0.7768331562167907,-9.5,340.0,-440.0,78.17,43.833,2026-09-08T14:11:09Z
2026,11,Week 11,401873075,Las Vegas Raiders,Denver Broncos,2026-11-22T21:25Z,False,DraftKings,-7.5,DEN -7.5,41.5,270,-340,0.2591283863368669,0.740871613663133,-8.5,330.0,-425.0,76.23,37.116,2026-09-08T14:11:09Z
2026,11,Week 11,401873076,Pittsburgh Steelers,Philadelphia Eagles,2026-11-22T21:25Z,False,DraftKings,-5.5,PHI -5.5,42.5,200,-245,0.3194444444444444,0.6805555555555556,-5.5,205.0,-250.0,62.651,57.885,2026-09-08T14:11:09Z
2026,11,Week 11,401873077,Minnesota Vikings,San Francisco 49ers,2026-11-23T01:20Z,True,DraftKings,-3.5,SF -3.5,46.5,160,-192,0.3690596562184025,0.6309403437815976,-3.5,170.0,-205.0,61.549,62.923,2026-09-08T14:11:09Z
2026,11,Week 11,401873078,Cincinnati Bengals,Washington Commanders,2026-11-24T01:15Z,False,DraftKings,1.5,CIN -1.5,52.5,-125,105,0.5324675324675325,0.4675324675324675,1.5,-125.0,105.0,43.653,51.482,2026-09-08T14:11:09Z
2026,12,Week 12,401873079,Green Bay Packers,Los Angeles Rams,2026-11-26T01:00Z,False,DraftKings,-4.5,LAR -4.5,48.5,185,-225,0.33635187580853815,0.6636481241914618,-3.5,164.0,-198.0,64.591,87.14,2026-09-08T14:11:09Z
2026,12,Week 12,401873081,Chicago Bears,Detroit Lions,2026-11-26T18:00Z,False,DraftKings,-2.5,DET -2.5,52.5,120,-142,0.43650793650793646,0.5634920634920635,-2.5,114.0,-135.0,59.17,70.91,2026-09-08T14:11:09Z
2026,12,Week 12,401873080,Philadelphia Eagles,Dallas Cowboys,2026-11-26T21:30Z,False,DraftKings,-1.5,DAL -1.5,49.5,105,-125,0.4675324675324675,0.5324675324675325,-1.5,100.0,-120.0,52.93600000000001,72.385,2026-09-08T14:11:09Z
2026,12,Week 12,401873082,Kansas City Chiefs,Buffalo Bills,2026-11-27T01:20Z,False,DraftKings,-2.5,BUF -2.5,50.5,124,-148,0.42794036443953615,0.5720596355604638,-2.5,114.0,-135.0,59.599999999999994,82.572,2026-09-08T14:11:09Z
2026,12,Week 12,401873083,Denver Broncos,Pittsburgh Steelers,2026-11-27T20:00Z,False,DraftKings,1.5,DEN -1.5,39.5,-122,102,0.5260865852617197,0.4739134147382802,1.5,-118.0,-102.0,49.032,54.282,2026-09-08T14:11:09Z
2026,12,Week 12,401873087,New Orleans Saints,Cincinnati Bengals,2026-11-29T18:00Z,False,DraftKings,-6.5,CIN -6.5,48.5,235,-290,0.28644876973925815,0.7135512302607419,-6.5,235.0,-290.0,69.57799999999999,45.241,2026-09-08T14:11:09Z
2026,12,Week 12,401873086,Las Vegas Raiders,Cleveland Browns,2026-11-29T18:00Z,False,DraftKings,-1.5,CLE -1.5,39.5,102,-122,0.4739134147382802,0.5260865852617197,-2.5,110.0,-130.0,54.410000000000004,6.36,2026-09-08T14:11:09Z
2026,12,Week 12,401873088,New York Giants,Indianapolis Colts,2026-11-29T18:00Z,False,DraftKings,-2.5,IND -2.5,47.5,114,-135,0.448558885283451,0.551441114716549,-2.5,114.0,-135.0,57.992999999999995,42.433,2026-09-08T14:11:09Z
2026,12,Week 12,401873089,New York Jets,Miami Dolphins,2026-11-29T18:00Z,False,DraftKings,-1.5,MIA -1.5,40.5,105,-125,0.4675324675324675,0.5324675324675325,-1.5,105.0,-125.0,49.049,5.464,2026-09-08T14:11:09Z
2026,12,Week 12,401873084,Atlanta Falcons,Minnesota Vikings,2026-11-29T18:00Z,False,DraftKings,-4.5,MIN -4.5,43.5,180,-218,0.34252477380439467,0.6574752261956054,-4.5,180.0,-218.0,57.286,38.276,2026-09-08T14:11:09Z
2026,12,Week 12,401873085,Baltimore Ravens,Houston Texans,2026-11-29T18:00Z,False,DraftKings,-1.5,HOU -1.5,45.5,102,-122,0.4739134147382802,0.5260865852617197,-1.5,-102.0,-118.0,50.104000000000006,77.638,2026-09-08T14:11:09Z
2026,12,Week 12,401873090,Tennessee Titans,Jacksonville Jaguars,2026-11-29T21:05Z,False,DraftKings,-5.5,JAX -5.5,45.5,195,-238,0.3249687530045188,0.6750312469954812,-5.5,210.0,-258.0,70.638,38.832,2026-09-08T14:11:09Z
2026,12,Week 12,401873092,Washington Commanders,Arizona Cardinals,2026-11-29T21:25Z,False,DraftKings,4.5,WSH -4.5,47.5,-218,180,0.6574752261956054,0.34252477380439467,4.5,-218.0,180.0,41.406,20.209,2026-09-08T14:11:09Z
2026,12,Week 12,401873091,Seattle Seahawks,San Francisco 49ers,2026-11-29T21:25Z,False,DraftKings,-1.5,SF -1.5,46.5,-110,-110,0.5,0.5,-1.5,-108.0,-112.0,52.20399999999999,82.682,2026-09-08T14:11:09Z
2026,12,Week 12,401873093,New England Patriots,Los Angeles Chargers,2026-11-30T01:20Z,False,DraftKings,-1.5,LAC -1.5,45.5,105,-125,0.4675324675324675,0.5324675324675325,-2.5,114.0,-135.0,58.553999999999995,73.259,2026-09-08T14:11:09Z
2026,12,Week 12,401873094,Carolina Panthers,Tampa Bay Buccaneers,2026-12-01T01:15Z,False,DraftKings,-3.5,TB -3.5,44.5,160,-192,0.3690596562184025,0.6309403437815976,-3.5,160.0,-192.0,63.904,35.365,2026-09-08T14:11:09Z
2026,13,Week 13,401873096,Kansas City Chiefs,Los Angeles Rams,2026-12-04T01:15Z,False,DraftKings,-3.5,LAR -3.5,47.5,170,-205,0.35527082119976705,0.644729178800233,-3.5,160.0,-192.0,64.652,85.722,2026-09-08T14:11:09Z
2026,13,Week 13,401873098,Detroit Lions,Atlanta Falcons,2026-12-06T18:00Z,False,DraftKings,3.5,DET -3.5,48.5,-185,154,0.6224665518611737,0.3775334481388264,3.5,-185.0,154.0,40.38,52.222,2026-09-08T14:11:09Z
2026,13,Week 13,401873100,Jacksonville Jaguars,Chicago Bears,2026-12-06T18:00Z,False,DraftKings,-3.0,CHI -3,47.5,130,-155,0.4170073589533933,0.5829926410466066,-2.5,120.0,-142.0,54.824,61.562,2026-09-08T14:11:09Z
2026,13,Week 13,401873097,Cincinnati Bengals,Cleveland Browns,2026-12-06T18:00Z,False,DraftKings,4.5,CIN -4.5,45.5,-218,180,0.6574752261956054,0.34252477380439467,4.5,-218.0,180.0,31.447000000000003,36.966,2026-09-08T14:11:09Z
2026,13,Week 13,401873102,Washington Commanders,Tennessee Titans,2026-12-06T18:00Z,False,DraftKings,1.5,WSH -1.5,46.5,-125,105,0.5324675324675325,0.4675324675324675,1.5,-118.0,-102.0,46.327,24.084,2026-09-08T14:11:09Z
2026,13,Week 13,401873099,Green Bay Packers,New Orleans Saints,2026-12-06T18:00Z,False,DraftKings,4.5,GB -4.5,45.5,-225,185,0.6636481241914618,0.33635187580853815,4.5,-230.0,190.0,35.474,50.297,2026-09-08T14:11:09Z
2026,13,Week 13,401873095,San Francisco 49ers,New York Giants,2026-12-06T18:00Z,False,DraftKings,3.0,SF -3,47.5,-166,140,0.5996387718242023,0.4003612281757977,3.0,-162.0,136.0,40.492,55.604,2026-09-08T14:11:09Z
2026,13,Week 13,401873101,Los Angeles Chargers,Tampa Bay Buccaneers,2026-12-06T18:00Z,False,DraftKings,2.5,LAC -2.5,46.5,-142,120,0.5634920634920635,0.43650793650793646,1.5,-125.0,105.0,45.222,65.609,2026-09-08T14:11:09Z
2026,13,Week 13,401873103,Miami Dolphins,Denver Broncos,2026-12-06T21:05Z,False,DraftKings,-9.5,DEN -9.5,42.5,350,-455,0.2132564841498559,0.7867435158501441,-9.5,380.0,-500.0,79.953,34.206,2026-09-08T14:11:09Z
2026,13,Week 13,401873104,Philadelphia Eagles,Arizona Cardinals,2026-12-06T21:05Z,False,DraftKings,8.5,PHI -8.5,43.5,-395,310,0.7659021045164341,0.23409789548356585,8.5,-425.0,330.0,28.749999999999996,39.399,2026-09-08T14:11:09Z
2026,13,Week 13,401873106,Carolina Panthers,Minnesota Vikings,2026-12-06T21:25Z,False,DraftKings,-3.5,MIN -3.5,42.5,160,-192,0.3690596562184025,0.6309403437815976,-3.5,164.0,-198.0,63.946000000000005,32.244,2026-09-08T14:11:09Z
2026,13,Week 13,401873105,Buffalo Bills,New England Patriots,2026-12-06T21:25Z,False,DraftKings,-1.5,NE -1.5,48.5,102,-122,0.4739134147382802,0.5260865852617197,-1.5,-105.0,-115.0,45.131,77.408,2026-09-08T14:11:09Z
2026,13,Week 13,401873107,Houston Texans,Pittsburgh Steelers,2026-12-07T01:20Z,False,DraftKings,1.5,HOU -1.5,41.5,-122,102,0.5260865852617197,0.4739134147382802,1.5,-118.0,-102.0,48.519,53.246,2026-09-08T14:11:09Z
2026,13,Week 13,401873108,Dallas Cowboys,Seattle Seahawks,2026-12-08T01:15Z,False,DraftKings,-4.5,SEA -4.5,48.5,185,-225,0.33635187580853815,0.6636481241914618,-4.5,185.0,-225.0,60.214,76.635,2026-09-08T14:11:09Z
2026,14,Week 14,401873109,Minnesota Vikings,New England Patriots,2026-12-11T01:15Z,False,DraftKings,-4.5,NE -4.5,43.5,180,-218,0.34252477380439467,0.6574752261956054,-4.5,185.0,-225.0,60.514,56.474,2026-09-08T14:11:09Z
2026,14,Week 14,401873110,Atlanta Falcons,Cleveland Browns,2026-12-13T18:00Z,False,DraftKings,-1.5,CLE -1.5,40.5,105,-125,0.4675324675324675,0.5324675324675325,-1.5,-102.0,-118.0,41.705999999999996,18.712,2026-09-08T14:11:09Z
2026,14,Week 14,401873117,Tennessee Titans,Detroit Lions,2026-12-13T18:00Z,False,DraftKings,-7.5,DET -7.5,47.5,285,-360,0.2491874322860238,0.7508125677139762,-7.5,280.0,-355.0,72.869,45.146,2026-09-08T14:11:09Z
2026,14,Week 14,401873111,Chicago Bears,Miami Dolphins,2026-12-13T18:00Z,False,DraftKings,5.5,CHI -5.5,46.5,-245,200,0.6805555555555556,0.3194444444444444,5.5,-245.0,200.0,28.371000000000002,33.155,2026-09-08T14:11:09Z
2026,14,Week 14,401873112,Denver Broncos,New York Jets,2026-12-13T18:00Z,False,DraftKings,5.5,DEN -5.5,39.5,-230,190,0.6690070210631895,0.33099297893681046,5.5,-245.0,200.0,34.181,36.354,2026-09-08T14:11:09Z
2026,14,Week 14,401873114,Indianapolis Colts,Philadelphia Eagles,2026-12-13T18:00Z,False,DraftKings,-5.5,PHI -5.5,46.5,200,-245,0.3194444444444444,0.6805555555555556,-5.5,200.0,-245.0,62.23,59.899,2026-09-08T14:11:09Z
2026,14,Week 14,401873113,Houston Texans,Washington Commanders,2026-12-13T18:00Z,False,DraftKings,1.5,HOU -1.5,44.5,-122,102,0.5260865852617197,0.4739134147382802,2.5,-130.0,110.0,44.564,49.118,2026-09-08T14:11:09Z
2026,14,Week 14,401873115,New Orleans Saints,Carolina Panthers,2026-12-13T18:00Z,False,DraftKings,-2.5,CAR -2.5,43.5,114,-135,0.448558885283451,0.551441114716549,-2.5,120.0,-142.0,55.663,19.704,2026-09-08T14:11:09Z
2026,14,Week 14,401873116,Tampa Bay Buccaneers,Baltimore Ravens,2026-12-13T18:00Z,False,DraftKings,-6.0,BAL -6,48.5,210,-258,0.30920711694593195,0.690792883054068,-6.0,215.0,-265.0,68.76,65.7,2026-09-08T14:11:09Z
2026,14,Week 14,401873118,Los Angeles Chargers,Las Vegas Raiders,2026-12-13T21:05Z,False,DraftKings,5.5,LAC -5.5,43.5,-230,190,0.6690070210631895,0.33099297893681046,5.5,-245.0,200.0,31.349,44.262,2026-09-08T14:11:09Z
2026,14,Week 14,401873119,Kansas City Chiefs,Cincinnati Bengals,2026-12-13T21:25Z,False,DraftKings,-1.5,CIN -1.5,48.5,105,-125,0.4675324675324675,0.5324675324675325,-1.5,-105.0,-115.0,51.798,72.964,2026-09-08T14:11:09Z
2026,14,Week 14,401873120,Los Angeles Rams,San Francisco 49ers,2026-12-13T21:25Z,False,DraftKings,2.5,LAR -2.5,49.5,-130,110,0.5427435387673957,0.4572564612326044,1.5,-120.0,100.0,46.104,87.977,2026-09-08T14:11:09Z
2026,14,Week 14,401873121,New York Giants,Seattle Seahawks,2026-12-13T21:25Z,False,DraftKings,-7.5,SEA -7.5,45.5,295,-375,0.2428115015974441,0.7571884984025559,-7.5,280.0,-355.0,71.016,61.299,2026-09-08T14:11:09Z
2026,14,Week 14,401873122,Buffalo Bills,Green Bay Packers,2026-12-14T01:20Z,False,DraftKings,-1.5,GB -1.5,49.5,105,-125,0.4675324675324675,0.5324675324675325,-1.5,100.0,-120.0,48.881,82.899,2026-09-08T14:11:09Z
2026,14,Week 14,401873123,Pittsburgh Steelers,Jacksonville Jaguars,2026-12-15T01:15Z,False,DraftKings,-3.0,JAX -3,44.5,136,-162,0.4066302458405761,0.593369754159424,-3.0,140.0,-166.0,59.035000000000004,55.308,2026-09-08T14:11:09Z
2026,15,Week 15,401873124,San Francisco 49ers,Los Angeles Chargers,2026-12-18T01:15Z,False,DraftKings,-2.5,LAC -2.5,47.5,120,-142,0.43650793650793646,0.5634920634920635,-2.5,120.0,-142.0,53.322,78.875,2026-09-08T14:11:09Z
2026,15,Week 15,401873125,Seattle Seahawks,Philadelphia Eagles,2026-12-19T22:00Z,False,DraftKings,-1.5,PHI -1.5,43.5,105,-125,0.4675324675324675,0.5324675324675325,-1.5,-105.0,-115.0,50.361999999999995,77.554,2026-09-08T14:11:09Z
2026,15,Week 15,401873126,Chicago Bears,Buffalo Bills,2026-12-20T01:20Z,False,DraftKings,-3.5,BUF -3.5,51.5,154,-185,0.3775334481388264,0.6224665518611737,-3.5,154.0,-185.0,64.14,76.643,2026-09-08T14:11:09Z
2026,15,Week 15,401873133,Miami Dolphins,Green Bay Packers,2026-12-20T18:00Z,False,DraftKings,-10.5,GB -10.5,45.5,470,-650,0.16835016835016833,0.8316498316498315,-10.5,425.0,-575.0,81.95700000000001,39.988,2026-09-08T14:11:09Z
2026,15,Week 15,401873131,Indianapolis Colts,Tennessee Titans,2026-12-20T18:00Z,False,DraftKings,1.5,IND -1.5,47.5,-125,105,0.5324675324675325,0.4675324675324675,1.5,-125.0,105.0,44.505,30.252,2026-09-08T14:11:09Z
2026,15,Week 15,401873130,Cleveland Browns,New York Giants,2026-12-20T18:00Z,False,DraftKings,-4.5,NYG -4.5,40.5,180,-218,0.34252477380439467,0.6574752261956054,-4.5,185.0,-225.0,65.46600000000001,19.894,2026-09-08T14:11:09Z
2026,15,Week 15,401873128,Baltimore Ravens,Pittsburgh Steelers,2026-12-20T18:00Z,False,DraftKings,2.5,BAL -2.5,46.5,-148,124,0.5720596355604638,0.42794036443953615,2.5,-135.0,114.0,42.548,63.15,2026-09-08T14:11:09Z
2026,15,Week 15,401873134,New Orleans Saints,Tampa Bay Buccaneers,2026-12-20T18:00Z,False,DraftKings,-3.5,TB -3.5,45.5,164,-198,0.3630958183058778,0.6369041816941223,-3.5,170.0,-205.0,63.044999999999995,35.734,2026-09-08T14:11:09Z
2026,15,Week 15,401873127,Atlanta Falcons,Washington Commanders,2026-12-20T18:00Z,False,DraftKings,-3.5,WSH -3.5,46.5,154,-185,0.3775334481388264,0.6224665518611737,-3.5,154.0,-185.0,54.1,33.22,2026-09-08T14:11:09Z
2026,15,Week 15,401873129,Cincinnati Bengals,Carolina Panthers,2026-12-20T18:00Z,False,DraftKings,2.5,CIN -2.5,47.5,-148,124,0.5720596355604638,0.42794036443953615,2.5,-142.0,120.0,39.798,43.923,2026-09-08T14:11:09Z
2026,15,Week 15,401873132,Jacksonville Jaguars,Houston Texans,2026-12-20T18:00Z,False,DraftKings,-3.0,HOU -3,43.5,136,-162,0.4066302458405761,0.593369754159424,-3.0,130.0,-155.0,58.257999999999996,68.199,2026-09-08T14:11:09Z
2026,15,Week 15,401873135,New York Jets,Arizona Cardinals,2026-12-20T21:05Z,False,DraftKings,1.5,NYJ -1.5,41.5,-110,-110,0.5,0.5,1.5,-120.0,100.0,55.897,6.2,2026-09-08T14:11:09Z
2026,15,Week 15,401873137,Denver Broncos,Las Vegas Raiders,2026-12-20T21:25Z,False,DraftKings,4.5,DEN -4.5,41.5,-205,170,0.644729178800233,0.35527082119976705,4.5,-218.0,180.0,35.028999999999996,37.583,2026-09-08T14:11:09Z
2026,15,Week 15,401873136,Dallas Cowboys,Los Angeles Rams,2026-12-20T21:25Z,False,DraftKings,-6.0,LAR -6,52.5,200,-245,0.3194444444444444,0.6805555555555556,-5.5,195.0,-238.0,66.795,82.817,2026-09-08T14:11:09Z
2026,15,Week 15,401873138,Detroit Lions,Minnesota Vikings,2026-12-21T01:20Z,False,DraftKings,1.5,DET -1.5,46.5,-125,105,0.5324675324675325,0.4675324675324675,1.5,-125.0,105.0,45.247,60.587,2026-09-08T14:11:09Z
2026,15,Week 15,401873139,New England Patriots,Kansas City Chiefs,2026-12-22T01:15Z,False,DraftKings,-2.5,KC -2.5,45.5,120,-142,0.43650793650793646,0.5634920634920635,-2.5,120.0,-142.0,58.042,71.468,2026-09-08T14:11:09Z
2026,16,Week 16,401873140,Houston Texans,Philadelphia Eagles,2026-12-25T01:15Z,False,DraftKings,-2.5,PHI -2.5,37.5,114,-135,0.448558885283451,0.551441114716549,-2.5,114.0,-135.0,56.423,66.746,2026-09-08T14:11:09Z
2026,16,Week 16,401873141,Green Bay Packers,Chicago Bears,2026-12-25T18:00Z,False,DraftKings,-1.5,CHI -1.5,47.5,-102,-118,0.4826358742837298,0.5173641257162701,-1.5,-102.0,-120.0,49.485,68.362,2026-09-08T14:11:09Z
2026,16,Week 16,401873142,Buffalo Bills,Denver Broncos,2026-12-25T21:30Z,False,DraftKings,1.5,BUF -1.5,46.5,-130,110,0.5427435387673957,0.4572564612326044,1.5,-125.0,105.0,44.559,76.855,2026-09-08T14:11:09Z
2026,16,Week 16,401873143,Los Angeles Rams,Seattle Seahawks,2026-12-26T01:15Z,False,DraftKings,-1.5,SEA -1.5,47.5,110,-130,0.4572564612326044,0.5427435387673957,-1.5,100.0,-120.0,46.508,91.268,2026-09-08T14:11:09Z
2026,16,Week 16,401873146,Tampa Bay Buccaneers,Atlanta Falcons,2026-12-27T05:00Z,False,DraftKings,1.5,TB -1.5,45.5,-125,105,0.5324675324675325,0.4675324675324675,1.5,-125.0,105.0,51.881,38.062,2026-09-08T14:11:09Z
2026,16,Week 16,401873145,Cincinnati Bengals,Indianapolis Colts,2026-12-27T05:00Z,False,DraftKings,1.5,CIN -1.5,52.5,-125,105,0.5324675324675325,0.4675324675324675,1.5,-125.0,105.0,46.778999999999996,57.144,2026-09-08T14:11:09Z
2026,16,Week 16,401873147,Washington Commanders,Minnesota Vikings,2026-12-27T05:00Z,False,DraftKings,-2.5,MIN -2.5,46.5,114,-135,0.448558885283451,0.551441114716549,-2.5,120.0,-142.0,56.936,40.525,2026-09-08T14:11:09Z
2026,16,Week 16,401873144,Carolina Panthers,Pittsburgh Steelers,2026-12-27T05:00Z,False,DraftKings,-3.5,PIT -3.5,41.5,160,-192,0.3690596562184025,0.6309403437815976,-3.5,160.0,-192.0,65.046,30.877,2026-09-08T14:11:09Z
2026,16,Week 16,401873150,Los Angeles Chargers,Miami Dolphins,2026-12-27T18:00Z,False,DraftKings,7.0,LAC -7,45.5,-360,285,0.7508125677139762,0.2491874322860238,7.0,-340.0,270.0,24.657,41.606,2026-09-08T14:11:09Z
2026,16,Week 16,401873148,Arizona Cardinals,New Orleans Saints,2026-12-27T18:00Z,False,DraftKings,-5.5,NO -5.5,44.5,205,-250,0.31460674157303364,0.6853932584269663,-5.5,205.0,-250.0,63.36000000000001,13.687,2026-09-08T14:11:09Z
2026,16,Week 16,401873151,New England Patriots,New York Jets,2026-12-27T18:00Z,False,DraftKings,6.5,NE -6.5,40.5,-270,220,0.7001620745542949,0.299837925445705,6.5,-285.0,230.0,34.042,36.872,2026-09-08T14:11:09Z
2026,16,Week 16,401873149,Cleveland Browns,Baltimore Ravens,2026-12-27T18:00Z,False,DraftKings,-10.0,BAL -10,43.5,330,-425,0.22316684378320936,0.7768331562167907,-9.5,340.0,-440.0,79.728,44.462,2026-09-08T14:11:09Z
2026,16,Week 16,401873152,Tennessee Titans,Las Vegas Raiders,2026-12-27T21:05Z,False,DraftKings,-1.5,LV -1.5,42.5,105,-125,0.4675324675324675,0.5324675324675325,-1.5,105.0,-125.0,49.767,10.739,2026-09-08T14:11:09Z
2026,16,Week 16,401873153,San Francisco 49ers,Kansas City Chiefs,2026-12-27T21:25Z,False,DraftKings,-3.0,KC -3,46.5,136,-162,0.4066302458405761,0.593369754159424,-2.5,130.0,-155.0,53.535999999999994,76.853,2026-09-08T14:11:09Z
2026,16,Week 16,401873154,Jacksonville Jaguars,Dallas Cowboys,2026-12-28T01:20Z,False,DraftKings,-3.0,DAL -3,51.5,136,-162,0.4066302458405761,0.593369754159424,-2.5,120.0,-142.0,57.608000000000004,68.204,2026-09-08T14:11:09Z
2026,16,Week 16,401873155,New York Giants,Detroit Lions,2026-12-29T01:15Z,False,DraftKings,-4.5,DET -4.5,49.5,170,-205,0.35527082119976705,0.644729178800233,-5.5,200.0,-245.0,66.918,57.732,2026-09-08T14:11:09Z
2026,17,Week 17,401873156,Baltimore Ravens,Cincinnati Bengals,2027-01-01T01:15Z,False,DraftKings,-2.5,CIN -2.5,51.5,114,-135,0.448558885283451,0.551441114716549,-1.5,110.0,-130.0,49.961,77.024,2026-09-08T14:11:09Z
2026,17,Week 17,401873157,Denver Broncos,New England Patriots,2027-01-03T05:00Z,False,DraftKings,-2.5,NE -2.5,42.5,114,-135,0.448558885283451,0.551441114716549,-2.5,114.0,-135.0,54.403999999999996,66.957,2026-09-08T14:11:09Z
2026,17,Week 17,401873158,Kansas City Chiefs,Los Angeles Chargers,2027-01-03T05:00Z,False,DraftKings,-1.5,LAC -1.5,45.5,105,-125,0.4675324675324675,0.5324675324675325,-1.5,105.0,-125.0,55.496,77.86,2026-09-08T14:11:09Z
2026,17,Week 17,401873159,Los Angeles Rams,Tampa Bay Buccaneers,2027-01-03T05:00Z,False,DraftKings,4.5,LAR -4.5,48.5,-218,180,0.6574752261956054,0.34252477380439467,3.5,-185.0,154.0,34.671,73.554,2026-09-08T14:11:09Z
2026,17,Week 17,401873160,Washington Commanders,Jacksonville Jaguars,2027-01-03T05:00Z,False,DraftKings,-3.5,JAX -3.5,48.5,154,-185,0.3775334481388264,0.6224665518611737,-3.5,160.0,-192.0,62.382000000000005,50.795,2026-09-08T14:11:09Z
2026,17,Week 17,401873164,New Orleans Saints,Atlanta Falcons,2027-01-03T18:00Z,False,DraftKings,-1.5,ATL -1.5,44.5,102,-122,0.4739134147382802,0.5260865852617197,-1.5,105.0,-125.0,59.984,24.072,2026-09-08T14:11:09Z
2026,17,Week 17,401873162,Indianapolis Colts,Cleveland Browns,2027-01-03T18:00Z,False,DraftKings,2.5,IND -2.5,43.5,-135,114,0.551441114716549,0.448558885283451,1.5,-122.0,102.0,37.682,27.067,2026-09-08T14:11:09Z
2026,17,Week 17,401873165,New York Giants,Dallas Cowboys,2027-01-03T18:00Z,False,DraftKings,-4.5,DAL -4.5,49.5,180,-218,0.34252477380439467,0.6574752261956054,-4.5,180.0,-218.0,65.479,54.928,2026-09-08T14:11:09Z
2026,17,Week 17,401873166,Pittsburgh Steelers,Tennessee Titans,2027-01-03T18:00Z,False,DraftKings,1.5,PIT -1.5,42.5,-125,105,0.5324675324675325,0.4675324675324675,1.5,-125.0,105.0,42.01,28.542,2026-09-08T14:11:09Z
2026,17,Week 17,401873161,Buffalo Bills,Miami Dolphins,2027-01-03T18:00Z,False,DraftKings,7.5,BUF -7.5,47.5,-380,300,0.7600000000000001,0.24000000000000005,7.5,-355.0,280.0,21.141,45.507,2026-09-08T14:11:09Z
2026,17,Week 17,401873163,Minnesota Vikings,New York Jets,2027-01-03T18:00Z,False,DraftKings,3.5,MIN -3.5,39.5,-185,154,0.6224665518611737,0.3775334481388264,3.5,-185.0,154.0,38.804,26.99,2026-09-08T14:11:09Z
2026,17,Week 17,401873167,Seattle Seahawks,Carolina Panthers,2027-01-03T18:00Z,False,DraftKings,5.5,SEA -5.5,42.5,-245,200,0.6805555555555556,0.3194444444444444,5.5,-245.0,200.0,33.475,52.569,2026-09-08T14:11:09Z
2026,17,Week 17,401873168,Las Vegas Raiders,Arizona Cardinals,2027-01-03T21:05Z,False,DraftKings,1.5,LV -1.5,42.5,-130,110,0.5427435387673957,0.4572564612326044,1.5,-125.0,105.0,53.236000000000004,6.266,2026-09-08T14:11:09Z
2026,17,Week 17,401873169,Detroit Lions,Chicago Bears,2027-01-03T21:25Z,False,DraftKings,-1.5,CHI -1.5,49.5,102,-122,0.4739134147382802,0.5260865852617197,-1.5,105.0,-125.0,51.232,67.397,2026-09-08T14:11:09Z
2026,17,Week 17,401873170,Philadelphia Eagles,San Francisco 49ers,2027-01-04T01:20Z,False,DraftKings,-1.5,SF -1.5,45.5,105,-125,0.4675324675324675,0.5324675324675325,-1.5,105.0,-125.0,56.43,76.47,2026-09-08T14:11:09Z
2026,17,Week 17,401873171,Houston Texans,Green Bay Packers,2027-01-05T01:15Z,False,DraftKings,-2.5,GB -2.5,42.5,114,-135,0.448558885283451,0.551441114716549,-2.5,114.0,-135.0,56.84,70.688,2026-09-08T14:11:09Z
2026,18,Week 18,401873181,New York Jets,Buffalo Bills,2027-01-10T05:00Z,False,DraftKings,-10.0,BUF -10,43.5,360,-470,0.20863836017569545,0.7913616398243045,-9.5,360.0,-470.0,81.147,49.042,2026-09-08T14:11:09Z
2026,18,Week 18,401873174,Cleveland Browns,Cincinnati Bengals,2027-01-10T05:00Z,False,DraftKings,-7.5,CIN -7.5,43.5,285,-360,0.2491874322860238,0.7508125677139762,-7.5,280.0,-355.0,75.72,38.225,2026-09-08T14:11:09Z
2026,18,Week 18,401873179,Los Angeles Chargers,Denver Broncos,2027-01-10T05:00Z,False,DraftKings,-1.5,DEN -1.5,41.5,102,-122,0.4739134147382802,0.5260865852617197,-1.5,-102.0,-118.0,50.146,72.866,2026-09-08T14:11:09Z
2026,18,Week 18,401873176,Detroit Lions,Green Bay Packers,2027-01-10T05:00Z,False,DraftKings,-2.5,GB -2.5,47.5,114,-135,0.448558885283451,0.551441114716549,-2.5,120.0,-142.0,54.761,77.123,2026-09-08T14:11:09Z
2026,18,Week 18,401873177,Jacksonville Jaguars,Indianapolis Colts,2027-01-10T05:00Z,False,DraftKings,-1.5,IND -1.5,46.5,105,-125,0.4675324675324675,0.5324675324675325,-1.5,-105.0,-115.0,49.764,55.231,2026-09-08T14:11:09Z
2026,18,Week 18,401873178,Las Vegas Raiders,Kansas City Chiefs,2027-01-10T05:00Z,False,DraftKings,-8.5,KC -8.5,40.5,310,-395,0.23409789548356585,0.7659021045164341,-8.5,330.0,-425.0,77.122,42.512,2026-09-08T14:11:09Z
2026,18,Week 18,401873185,Seattle Seahawks,Los Angeles Rams,2027-01-10T05:00Z,False,DraftKings,-3.0,LAR -3,44.5,130,-155,0.4170073589533933,0.5829926410466066,-2.5,120.0,-142.0,62.358000000000004,90.844,2026-09-08T14:11:09Z
2026,18,Week 18,401873173,Chicago Bears,Minnesota Vikings,2027-01-10T05:00Z,False,DraftKings,-1.5,MIN -1.5,43.5,102,-122,0.4739134147382802,0.5260865852617197,-1.5,-105.0,-115.0,48.827999999999996,54.417,2026-09-08T14:11:09Z
2026,18,Week 18,401873180,Miami Dolphins,New England Patriots,2027-01-10T05:00Z,False,DraftKings,-10.5,NE -10.5,42.5,425,-575,0.18274111675126903,0.817258883248731,-10.5,380.0,-500.0,78.609,34.606,2026-09-08T14:11:09Z
2026,18,Week 18,401873186,Tampa Bay Buccaneers,New Orleans Saints,2027-01-10T05:00Z,False,DraftKings,1.5,TB -1.5,43.5,-122,102,0.5260865852617197,0.4739134147382802,1.5,-120.0,100.0,47.205999999999996,35.111,2026-09-08T14:11:09Z
2026,18,Week 18,401873182,Philadelphia Eagles,New York Giants,2027-01-10T05:00Z,False,DraftKings,3.0,PHI -3,41.5,-155,130,0.5829926410466066,0.4170073589533933,3.0,-155.0,130.0,41.709,53.217,2026-09-08T14:11:09Z
2026,18,Week 18,401873184,San Francisco 49ers,Arizona Cardinals,2027-01-10T05:00Z,False,DraftKings,8.5,SF -8.5,44.5,-410,320,0.771505376344086,0.22849462365591394,8.5,-395.0,310.0,28.561999999999998,41.108,2026-09-08T14:11:09Z
2026,18,Week 18,401873175,Dallas Cowboys,Washington Commanders,2027-01-10T05:00Z,False,DraftKings,1.5,DAL -1.5,49.5,-122,102,0.5260865852617197,0.4739134147382802,1.5,-120.0,100.0,44.259,51.816,2026-09-08T14:11:09Z
2026,18,Week 18,401873172,Atlanta Falcons,Carolina Panthers,2027-01-10T05:00Z,False,DraftKings,-2.5,CAR -2.5,41.5,114,-135,0.448558885283451,0.551441114716549,-2.5,114.0,-135.0,49.821,25.596,2026-09-08T14:11:09Z
2026,18,Week 18,401873183,Pittsburgh Steelers,Baltimore Ravens,2027-01-10T05:00Z,False,DraftKings,-5.5,BAL -5.5,43.5,190,-230,0.33099297893681046,0.6690070210631895,-5.5,200.0,-245.0,64.63600000000001,64.2,2026-09-08T14:11:09Z
2026,18,Week 18,401873187,Tennessee Titans,Houston Texans,2027-01-10T05:00Z,False,DraftKings,-7.0,HOU -7,39.5,240,-298,0.2820294784580499,0.7179705215419501,-7.0,250.0,-310.0,70.3,41.963,2026-09-08T14:11:09Z
