,year,week,ice_in_date,max_temp,min_temp,daily_avg,precipitation,snow,snow_depth,low_freezing,high_freezing,avg_freezing
0,1970,12,,38.57142857142857,20.714285714285715,29.642857142857142,0.06571428571428571,0.7142857142857143,4.0,7.0,0.0,4.0
1,1970,15,,54.42857142857143,34.0,44.214285714285715,0.02428571428571429,0.0,0.0,2.0,0.0,0.0
2,1970,23,,79.0,55.42857142857143,67.21428571428571,0.0,0.0,0.0,0.0,0.0,0.0
3,1970,28,,89.0,64.42857142857143,76.71428571428571,0.03142857142857143,0.0,0.0,0.0,0.0,0.0
4,1970,29,,85.71428571428571,64.85714285714286,75.28571428571429,0.19571428571428573,0.0,0.0,0.0,0.0,0.0
5,1970,52,,22.285714285714285,3.2857142857142856,12.785714285714286,0.02,0.3428571428571429,3.0,7.0,6.0,7.0
6,1971,2,,12.0,-1.7142857142857142,5.142857142857143,0.03571428571428571,0.8285714285714285,9.0,7.0,7.0,7.0
7,1971,9,,28.142857142857142,12.571428571428571,20.357142857142858,0.0014285714285714286,0.028571428571428574,6.0,7.0,5.0,7.0
8,1971,12,,34.57142857142857,21.428571428571427,28.0,0.022857142857142857,0.0,2.0,6.0,3.0,4.0
9,1971,13,,44.142857142857146,24.142857142857142,34.142857142857146,0.027142857142857142,0.2714285714285714,0.2857142857142857,6.0,1.0,2.0
10,1971,14,,62.57142857142857,34.142857142857146,48.357142857142854,0.004285714285714286,0.0,0.0,2.0,0.0,0.0
11,1971,33,,87.0,63.142857142857146,75.07142857142857,0.054285714285714284,0.0,0.0,0.0,0.0,0.0
12,1971,36,,78.57142857142857,58.714285714285715,68.64285714285714,0.055714285714285716,0.0,0.0,0.0,0.0,0.0
13,1971,39,,72.85714285714286,53.57142857142857,63.214285714285715,0.24571428571428575,0.0,0.0,0.0,0.0,0.0
14,1971,44,,37.142857142857146,24.571428571428573,30.857142857142858,0.04857142857142858,0.0,0.0,7.0,2.0,3.0
15,1971,45,,50.42857142857143,30.0,40.214285714285715,0.0,0.0,0.0,4.0,0.0,1.0
16,1972,20,,84.42857142857143,56.285714285714285,70.35714285714286,0.0,0.0,0.0,0.0,0.0,0.0
17,1972,21,,82.14285714285714,61.142857142857146,71.64285714285714,0.1385714285714286,0.0,0.0,0.0,0.0,0.0
18,1972,32,,75.57142857142857,54.57142857142857,65.07142857142857,0.04285714285714286,0.0,0.0,0.0,0.0,0.0
19,1972,40,,63.0,42.857142857142854,52.92857142857143,0.04,0.0,0.0,0.0,0.0,0.0
20,1972,46,,33.857142857142854,25.0,29.428571428571427,0.0,0.0,0.0,7.0,1.0,5.0
21,1972,50,,12.0,-6.571428571428571,2.7142857142857144,0.012857142857142857,0.32857142857142857,4.0,7.0,7.0,7.0
22,1973,1,,11.75,-7.375,2.1875,0.07625,0.8625,5.875,8.0,6.0,8.0
23,1973,12,,51.285714285714285,33.0,42.142857142857146,0.021428571428571432,0.0,0.0,3.0,0.0,0.0
24,1973,19,,62.57142857142857,43.714285714285715,53.142857142857146,0.04,0.0,0.0,0.0,0.0,0.0
25,1973,20,,70.14285714285714,42.42857142857143,56.285714285714285,0.0,0.0,0.0,0.0,0.0,0.0
26,1973,25,,76.57142857142857,55.857142857142854,66.21428571428571,0.07714285714285715,0.0,0.0,0.0,0.0,0.0
27,1973,27,,88.0,65.14285714285714,76.57142857142857,0.027142857142857142,0.0,0.0,0.0,0.0,0.0
28,1973,38,,63.0,40.57142857142857,51.785714285714285,0.058571428571428566,0.0,0.0,0.0,0.0,0.0
29,1973,39,,67.57142857142857,53.0,60.285714285714285,0.18,0.0,0.0,0.0,0.0,0.0
30,1973,40,,66.0,47.0,56.5,0.004285714285714286,0.0,0.0,0.0,0.0,0.0
31,1973,43,,61.857142857142854,43.285714285714285,52.57142857142857,0.027142857142857142,0.0,0.0,0.0,0.0,0.0
32,1973,48,,39.0,25.285714285714285,32.142857142857146,0.008571428571428572,0.014285714285714287,0.0,5.0,0.0,3.0
33,1974,10,,45.285714285714285,27.714285714285715,36.5,0.002857142857142857,0.0,1.0,6.0,0.0,0.0
34,1974,14,,43.285714285714285,29.571428571428573,36.42857142857143,0.15,1.042857142857143,2.142857142857143,5.0,0.0,0.0
35,1974,15,,53.42857142857143,35.714285714285715,44.57142857142857,0.13571428571428573,0.0,0.0,2.0,0.0,0.0
36,1974,19,,54.857142857142854,38.714285714285715,46.785714285714285,0.15142857142857144,0.0,0.0,1.0,0.0,0.0
37,1974,20,,61.714285714285715,44.57142857142857,53.142857142857146,0.060000000000000005,0.0,0.0,0.0,0.0,0.0
38,1974,32,,78.57142857142857,60.285714285714285,69.42857142857143,0.042857142857142864,0.0,0.0,0.0,0.0,0.0
39,1974,33,,80.57142857142857,60.0,70.28571428571429,0.019999999999999997,0.0,0.0,0.0,0.0,0.0
40,1974,34,,81.0,59.142857142857146,70.07142857142857,0.03428571428571429,0.0,0.0,0.0,0.0,0.0
41,1974,39,,68.71428571428571,42.142857142857146,55.42857142857143,0.004285714285714286,0.0,0.0,1.0,0.0,0.0
42,1974,43,,64.42857142857143,37.857142857142854,51.142857142857146,0.0,0.0,0.0,1.0,0.0,0.0
43,1974,51,,26.428571428571427,17.0,21.714285714285715,0.028571428571428574,0.5142857142857143,2.0,7.0,5.0,7.0
44,1975,6,,15.857142857142858,0.7142857142857143,8.285714285714286,0.037142857142857144,0.4142857142857143,16.0,7.0,7.0,7.0
45,1975,20,,72.28571428571429,47.57142857142857,59.92857142857143,0.004285714285714286,0.0,0.0,0.0,0.0,0.0
46,1975,29,,90.71428571428571,68.14285714285714,79.42857142857143,0.0,0.0,0.0,0.0,0.0,0.0
47,1975,31,,92.71428571428571,69.42857142857143,81.07142857142857,0.3185714285714285,0.0,0.0,0.0,0.0,0.0
48,1978,6,1978-12-02,22.285714285714285,-0.14285714285714285,11.071428571428571,0.002857142857142857,0.05714285714285715,7.571428571428571,7.0,7.0,7.0
49,1978,16,1978-12-02,51.57142857142857,35.285714285714285,43.42857142857143,0.1757142857142857,0.1285714285714286,0.0,1.0,0.0,0.0
50,1978,18,1978-12-02,64.28571428571429,39.857142857142854,52.07142857142857,0.08857142857142856,0.0,0.0,1.0,0.0,0.0
51,1978,24,1978-12-02,77.42857142857143,58.857142857142854,68.14285714285714,0.19142857142857145,0.0,0.0,0.0,0.0,0.0
52,1978,30,1978-12-02,81.0,61.142857142857146,71.07142857142857,0.002857142857142857,0.0,0.0,0.0,0.0,0.0
53,1978,46,1978-12-02,35.42857142857143,22.714285714285715,29.071428571428573,0.12999999999999998,1.285714285714286,2.2857142857142856,6.0,2.0,4.0
54,1979,8,1979-12-13,32.0,9.571428571428571,20.785714285714285,0.13285714285714287,0.8142857142857143,21.857142857142858,7.0,3.0,7.0
55,1979,31,1979-12-13,85.57142857142857,65.71428571428571,75.64285714285714,0.15714285714285717,0.0,0.0,0.0,0.0,0.0
56,1979,32,1979-12-13,81.28571428571429,62.714285714285715,72.0,0.22571428571428573,0.0,0.0,0.0,0.0,0.0
57,1979,33,1979-12-13,73.28571428571429,56.857142857142854,65.07142857142857,0.002857142857142857,0.0,0.0,0.0,0.0,0.0
58,1979,34,1979-12-13,72.71428571428571,60.57142857142857,66.64285714285714,0.5171428571428572,0.0,0.0,0.0,0.0,0.0
59,1979,39,1979-12-13,77.14285714285714,51.142857142857146,64.14285714285714,0.0,0.0,0.0,0.0,0.0,0.0
60,1979,40,1979-12-13,58.142857142857146,37.0,47.57142857142857,0.07857142857142858,0.0,0.0,1.0,0.0,0.0
61,1979,45,1979-12-13,33.714285714285715,20.571428571428573,27.142857142857142,0.03142857142857143,0.3,0.5714285714285714,7.0,3.0,6.0
62,1979,50,1979-12-13,31.857142857142858,7.857142857142857,19.857142857142858,0.0,0.014285714285714287,0.0,7.0,3.0,6.0
63,1980,12,1980-12-09,40.0,26.285714285714285,33.142857142857146,0.03428571428571429,0.5999999999999999,0.8571428571428571,6.0,1.0,4.0
64,1980,18,1980-12-09,79.14285714285714,46.714285714285715,62.92857142857143,0.0,0.0,0.0,0.0,0.0,0.0
65,1980,30,1980-12-09,82.42857142857143,59.285714285714285,70.85714285714286,0.09428571428571428,0.0,0.0,0.0,0.0,0.0
66,1980,35,1980-12-09,76.28571428571429,60.57142857142857,68.42857142857143,0.1557142857142857,0.0,0.0,0.0,0.0,0.0
67,1980,37,1980-12-09,71.0,54.714285714285715,62.857142857142854,0.2357142857142857,0.0,0.0,0.0,0.0,0.0
68,1981,2,1981-12-15,15.571428571428571,-3.857142857142857,5.857142857142857,0.014285714285714285,0.15714285714285717,0.8571428571428571,7.0,7.0,7.0
69,1975,33,,80.85714285714286,61.285714285714285,71.07142857142857,0.018571428571428572,0.0,0.0,0.0,0.0,0.0
70,1975,34,,81.14285714285714,64.28571428571429,72.71428571428571,0.24714285714285714,0.0,0.0,0.0,0.0,0.0
71,1975,39,,66.71428571428571,41.0,53.857142857142854,0.0,0.0,0.0,0.0,0.0,0.0
72,1976,1,,17.75,1.75,9.75,0.0775,1.0499999999999998,5.5,4.0,2.0,4.0
73,1976,6,,20.285714285714285,0.14285714285714285,10.214285714285714,0.027142857142857142,0.5142857142857143,9.0,7.0,5.0,7.0
74,1976,10,,25.571428571428573,10.428571428571429,18.0,0.16142857142857145,1.6142857142857143,5.285714285714286,7.0,7.0,7.0
75,1976,12,,44.142857142857146,22.428571428571427,33.285714285714285,0.005714285714285714,0.04285714285714286,1.0,5.0,2.0,4.0
76,1976,15,,63.285714285714285,35.714285714285715,49.5,0.0014285714285714286,0.0,0.0,1.0,0.0,0.0
77,1976,27,,81.28571428571429,57.0,69.14285714285714,0.07571428571428572,0.0,0.0,0.0,0.0,0.0
78,1976,30,,89.28571428571429,66.57142857142857,77.92857142857143,0.17285714285714285,0.0,0.0,0.0,0.0,0.0
79,1976,31,,85.14285714285714,64.0,74.57142857142857,0.16142857142857145,0.0,0.0,0.0,0.0,0.0
80,1976,50,,22.428571428571427,-3.857142857142857,9.285714285714286,0.008571428571428572,0.14285714285714285,4.0,7.0,7.0,7.0
81,1977,10,,48.142857142857146,33.42857142857143,40.785714285714285,0.09142857142857143,0.0,2.857142857142857,3.0,0.0,1.0
82,1977,17,,71.71428571428571,41.42857142857143,56.57142857142857,0.005714285714285714,0.0,0.0,0.0,0.0,0.0
83,1977,23,,74.57142857142857,55.714285714285715,65.14285714285714,0.01,0.0,0.0,0.0,0.0,0.0
84,1977,32,,76.85714285714286,55.714285714285715,66.28571428571429,0.03428571428571429,0.0,0.0,0.0,0.0,0.0
85,1977,35,,75.14285714285714,56.57142857142857,65.85714285714286,1.1842857142857142,0.0,0.0,0.0,0.0,0.0
86,1977,39,,62.42857142857143,44.42857142857143,53.42857142857143,0.09142857142857143,0.0,0.0,0.0,0.0,0.0
87,1977,46,,42.42857142857143,27.285714285714285,34.857142857142854,0.06142857142857143,0.07142857142857142,0.0,6.0,0.0,1.0
88,1977,49,,8.285714285714286,-11.0,-1.3571428571428572,0.024285714285714282,0.5714285714285714,7.285714285714286,7.0,7.0,7.0
89,1981,14,1981-12-15,55.0,35.0,45.0,0.08142857142857143,0.24285714285714285,0.2857142857142857,2.0,0.0,0.0
90,1981,19,1981-12-15,60.42857142857143,41.42857142857143,50.92857142857143,0.05285714285714286,0.0,0.0,1.0,0.0,0.0
91,1981,22,1981-12-15,69.42857142857143,52.714285714285715,61.07142857142857,0.05285714285714286,0.0,0.0,0.0,0.0,0.0
92,1981,30,1981-12-15,75.42857142857143,60.857142857142854,68.14285714285714,0.11571428571428573,0.0,0.0,0.0,0.0,0.0
93,1981,33,1981-12-15,79.28571428571429,60.142857142857146,69.71428571428571,0.15285714285714286,0.0,0.0,0.0,0.0,0.0
94,1981,47,1981-12-15,37.714285714285715,21.857142857142858,29.785714285714285,0.24285714285714285,1.5,4.857142857142857,5.0,3.0,4.0
95,1981,53,1981-12-15,19.5,-5.5,7.0,0.05500000000000001,0.8,6.5,4.0,4.0,4.0
96,1982,14,1982-12-11,35.857142857142854,22.0,28.928571428571427,0.017142857142857144,0.18571428571428572,0.0,7.0,2.0,5.0
97,1982,35,1982-12-11,76.28571428571429,56.714285714285715,66.5,0.19714285714285715,0.0,0.0,0.0,0.0,0.0
98,1982,37,1982-12-11,62.0,49.0,55.5,0.06142857142857143,0.0,0.0,0.0,0.0,0.0
99,1982,38,1982-12-11,65.0,43.285714285714285,54.142857142857146,0.0,0.0,0.0,0.0,0.0,0.0
100,1982,43,1982-12-11,57.42857142857143,41.142857142857146,49.285714285714285,0.037142857142857144,0.0,0.0,0.0,0.0,0.0
101,1983,52,1983-12-02,16.625,2.625,9.625,0.01,0.1875,15.75,8.0,8.0,8.0
102,1983,7,1983-12-02,39.0,32.0,35.5,0.004285714285714286,0.028571428571428574,10.428571428571429,2.0,0.0,1.0
103,1983,13,1983-12-02,42.714285714285715,31.857142857142858,37.285714285714285,0.10714285714285714,0.04285714285714286,0.8571428571428571,2.0,0.0,2.0
104,1983,15,1983-12-02,42.285714285714285,29.142857142857142,35.714285714285715,0.37714285714285717,2.0142857142857142,3.5714285714285716,4.0,0.0,1.0
105,1983,21,1983-12-02,67.71428571428571,46.42857142857143,57.07142857142857,0.06285714285714286,0.0,0.0,0.0,0.0,0.0
106,1983,29,1983-12-02,88.28571428571429,69.85714285714286,79.07142857142857,0.05714285714285715,0.0,0.0,0.0,0.0,0.0
107,1983,34,1983-12-02,86.0,68.0,77.0,0.17714285714285719,0.0,0.0,0.0,0.0,0.0
108,1983,46,1983-12-02,43.0,33.285714285714285,38.142857142857146,0.19142857142857145,0.0,0.0,2.0,0.0,0.0
109,1983,48,1983-12-02,21.857142857142858,7.714285714285714,14.785714285714286,0.10285714285714286,1.3142857142857145,13.428571428571429,7.0,7.0,7.0
110,1983,49,1983-12-02,19.714285714285715,6.428571428571429,13.071428571428571,0.027142857142857142,0.31428571428571433,10.285714285714286,7.0,7.0,7.0
111,1983,51,1983-12-02,-5.285714285714286,-21.0,-13.142857142857142,0.038571428571428576,0.5857142857142856,19.571428571428573,7.0,7.0,7.0
112,1984,7,1984-12-06,38.42857142857143,32.57142857142857,35.5,0.10714285714285716,0.6428571428571429,7.142857142857143,2.0,0.0,1.0
113,1984,26,1984-12-06,82.28571428571429,59.57142857142857,70.92857142857143,0.0,0.0,0.0,0.0,0.0,0.0
114,1984,43,1984-12-06,53.42857142857143,35.714285714285715,44.57142857142857,0.09428571428571429,0.0,0.0,2.0,0.0,0.0
115,1984,45,1984-12-06,46.285714285714285,28.714285714285715,37.5,0.0,0.0,0.0,4.0,0.0,1.0
116,1984,47,1984-12-06,40.857142857142854,20.857142857142858,30.857142857142858,0.0,0.0,0.0,6.0,2.0,4.0
117,1985,1,1985-11-27,25.625,2.25,13.9375,0.005,0.1625,5.75,8.0,5.0,8.0
118,1985,11,1985-11-27,43.714285714285715,29.571428571428573,36.642857142857146,0.12000000000000001,0.6714285714285715,3.142857142857143,4.0,0.0,0.0
119,1985,34,1985-11-27,70.0,56.142857142857146,63.07142857142857,0.06285714285714286,0.0,0.0,0.0,0.0,0.0
120,1985,39,1985-11-27,52.57142857142857,37.57142857142857,45.07142857142857,0.2785714285714286,0.05714285714285715,0.0,0.0,0.0,0.0
121,1985,46,1985-11-27,37.0,27.0,32.0,0.037142857142857144,0.42857142857142855,0.42857142857142855,6.0,0.0,3.0
122,1986,9,1986-12-05,31.285714285714285,13.571428571428571,22.428571428571427,0.022857142857142857,0.08571428571428573,16.857142857142858,7.0,3.0,6.0
123,1986,36,1986-12-05,71.57142857142857,54.285714285714285,62.92857142857143,0.12,0.0,0.0,0.0,0.0,0.0
124,1986,40,1986-12-05,61.857142857142854,45.42857142857143,53.642857142857146,0.032857142857142856,0.0,0.0,0.0,0.0,0.0
125,1986,48,1986-12-05,43.0,26.142857142857142,34.57142857142857,0.0,0.0,0.5714285714285714,7.0,0.0,1.0
126,1987,3,1987-12-17,32.142857142857146,13.285714285714286,22.714285714285715,0.005714285714285714,0.05714285714285715,0.0,7.0,4.0,4.0
127,1987,13,1987-12-17,49.857142857142854,35.714285714285715,42.785714285714285,0.02428571428571429,0.0,0.0,2.0,0.0,1.0
128,1987,14,1987-12-17,48.0,23.285714285714285,35.642857142857146,0.0,0.0,0.0,7.0,0.0,2.0
129,1987,19,1987-12-17,79.0,49.714285714285715,64.35714285714286,0.032857142857142856,0.0,0.0,0.0,0.0,0.0
130,1987,28,1987-12-17,84.71428571428571,66.71428571428571,75.71428571428571,0.11571428571428573,0.0,0.0,0.0,0.0,0.0
131,1987,46,1987-12-17,51.857142857142854,28.714285714285715,40.285714285714285,0.02,0.0,0.0,4.0,0.0,2.0
132,1987,50,1987-12-17,36.857142857142854,29.428571428571427,33.142857142857146,0.08571428571428573,0.042857142857142864,0.2857142857142857,4.0,2.0,2.0
133,1988,5,1988-12-01,8.571428571428571,-6.571428571428571,1.0,0.012857142857142857,0.17142857142857143,7.571428571428571,7.0,7.0,7.0
134,1988,12,1988-12-01,48.142857142857146,27.714285714285715,37.92857142857143,0.09428571428571429,0.028571428571428574,0.0,5.0,0.0,2.0
135,1988,20,1988-12-01,73.71428571428571,51.142857142857146,62.42857142857143,0.049999999999999996,0.0,0.0,0.0,0.0,0.0
136,1988,27,1988-12-01,92.85714285714286,71.0,81.92857142857143,0.012857142857142859,0.0,0.0,0.0,0.0,0.0
137,1988,29,1988-12-01,84.0,61.857142857142854,72.92857142857143,0.041428571428571426,0.0,0.0,0.0,0.0,0.0
138,1988,32,1988-12-01,87.71428571428571,66.71428571428571,77.21428571428571,0.07428571428571429,0.0,0.0,0.0,0.0,0.0
139,1988,36,1988-12-01,77.71428571428571,50.0,63.857142857142854,0.0,0.0,0.0,0.0,0.0,0.0
140,1989,6,1989-12-03,22.571428571428573,0.42857142857142855,11.5,0.018571428571428572,0.38571428571428573,5.571428571428571,7.0,5.0,7.0
141,1989,10,1989-12-03,36.285714285714285,21.571428571428573,28.928571428571427,0.008571428571428572,0.08571428571428573,9.0,6.0,2.0,3.0
142,1989,28,1989-12-03,84.42857142857143,65.28571428571429,74.85714285714286,0.03428571428571429,0.0,0.0,0.0,0.0,0.0
143,1990,5,1990-12-18,33.57142857142857,10.428571428571429,22.0,0.014285714285714287,0.17142857142857143,0.2857142857142857,7.0,4.0,7.0
144,1990,18,1990-12-18,63.57142857142857,37.714285714285715,50.642857142857146,0.0014285714285714286,0.0,0.0,2.0,0.0,0.0
145,1990,22,1990-12-18,73.57142857142857,50.0,61.785714285714285,0.21571428571428572,0.0,0.0,0.0,0.0,0.0
146,1990,24,1990-12-18,80.71428571428571,62.0,71.35714285714286,0.6557142857142858,0.0,0.0,0.0,0.0,0.0
147,1990,35,1990-12-18,84.71428571428571,63.142857142857146,73.92857142857143,0.0,0.0,0.0,0.0,0.0,0.0
148,1990,41,1990-12-18,56.857142857142854,36.57142857142857,46.714285714285715,0.03571428571428571,0.0,0.0,1.0,0.0,0.0
149,1991,14,1991-11-25,72.28571428571429,43.857142857142854,58.07142857142857,0.002857142857142857,0.0,0.0,1.0,0.0,0.0
150,1991,17,1991-11-25,65.28571428571429,42.285714285714285,53.785714285714285,0.055714285714285716,0.0,0.0,1.0,0.0,0.0
151,1991,20,1991-11-25,72.28571428571429,54.285714285714285,63.285714285714285,0.12857142857142856,0.0,0.0,0.0,0.0,0.0
152,1991,26,1991-11-25,90.0,70.0,80.0,0.21857142857142858,0.0,0.0,0.0,0.0,0.0
153,1991,35,1991-11-25,86.71428571428571,66.0,76.35714285714286,0.0071428571428571435,0.0,0.0,0.0,0.0,0.0
154,1991,43,1991-11-25,56.0,41.142857142857146,48.57142857142857,0.14714285714285716,0.0,0.0,0.0,0.0,0.0
155,1992,2,1992-12-18,34.142857142857146,21.714285714285715,27.928571428571427,0.04142857142857143,0.09999999999999999,7.857142857142857,6.0,0.0,6.0
156,1992,3,1992-12-18,18.571428571428573,-3.7142857142857144,7.428571428571429,0.0071428571428571435,0.08571428571428573,7.0,7.0,7.0,7.0
157,1992,26,1992-12-18,73.0,53.57142857142857,63.285714285714285,0.004285714285714286,0.0,0.0,0.0,0.0,0.0
158,1992,27,1992-12-18,73.42857142857143,55.42857142857143,64.42857142857143,0.3728571428571429,0.0,0.0,0.0,0.0,0.0
159,1992,40,1992-12-18,71.42857142857143,44.42857142857143,57.92857142857143,0.0,0.0,0.0,0.0,0.0,0.0
160,1992,45,1992-12-18,32.0,27.0,29.5,0.12714285714285714,1.0285714285714287,5.0,5.0,3.0,5.0
161,1992,46,1992-12-18,39.714285714285715,26.285714285714285,33.0,0.005714285714285714,0.014285714285714287,0.5714285714285714,5.0,1.0,3.0
162,1992,48,1992-12-18,34.857142857142854,23.142857142857142,29.0,0.0014285714285714286,0.0,0.0,7.0,1.0,6.0
163,1992,50,1992-12-18,32.57142857142857,25.428571428571427,29.0,0.04,0.15714285714285717,0.42857142857142855,6.0,3.0,5.0
164,1993,29,1993-12-11,76.42857142857143,62.857142857142854,69.64285714285714,0.06999999999999999,0.0,0.0,0.0,0.0,0.0
165,1993,31,1993-12-11,74.28571428571429,54.142857142857146,64.21428571428571,0.1142857142857143,0.0,0.0,0.0,0.0,0.0
166,1993,33,1993-12-11,79.71428571428571,62.714285714285715,71.21428571428571,0.19857142857142857,0.0,0.0,0.0,0.0,0.0
167,1993,38,1993-12-11,61.57142857142857,44.0,52.785714285714285,0.13142857142857142,0.0,0.0,0.0,0.0,0.0
168,1994,12,1994-12-11,46.57142857142857,27.142857142857142,36.857142857142854,0.02428571428571429,0.21428571428571427,0.0,6.0,0.0,1.0
169,1994,13,1994-12-11,48.857142857142854,25.285714285714285,37.07142857142857,0.0,0.0,0.0,7.0,0.0,2.0
170,1994,23,1994-12-11,76.28571428571429,53.0,64.64285714285714,0.12714285714285717,0.0,0.0,0.0,0.0,0.0
171,1994,36,1994-12-11,81.14285714285714,58.142857142857146,69.64285714285714,0.0014285714285714286,0.0,0.0,0.0,0.0,0.0
172,1994,40,1994-12-11,59.714285714285715,47.42857142857143,53.57142857142857,0.25142857142857145,0.0,0.0,0.0,0.0,0.0
173,1994,42,1994-12-11,61.857142857142854,49.285714285714285,55.57142857142857,0.20714285714285713,0.0,0.0,0.0,0.0,0.0
174,1994,46,1994-12-11,47.285714285714285,30.571428571428573,38.92857142857143,0.025714285714285714,0.0,0.0,4.0,0.0,0.0
175,1994,49,1994-12-11,21.571428571428573,10.285714285714286,15.928571428571429,0.022857142857142857,0.2857142857142857,2.857142857142857,7.0,7.0,7.0
176,1994,50,1994-12-11,27.0,12.142857142857142,19.571428571428573,0.045714285714285714,0.5714285714285714,4.571428571428571,7.0,5.0,7.0
177,1995,3,1995-11-28,27.142857142857142,16.285714285714285,21.714285714285715,0.028571428571428574,0.2714285714285714,0.14285714285714285,7.0,5.0,7.0
178,1995,11,1995-11-28,56.42857142857143,35.142857142857146,45.785714285714285,0.03428571428571429,0.0,0.0,2.0,0.0,0.0
179,1995,14,1995-11-28,45.0,23.571428571428573,34.285714285714285,0.004285714285714286,0.0,0.0,4.0,1.0,1.0
180,1995,15,1995-11-28,48.0,35.714285714285715,41.857142857142854,0.12714285714285717,0.0,0.0,0.0,0.0,0.0
181,1995,19,1995-11-28,64.57142857142857,46.0,55.285714285714285,0.12142857142857143,0.0,0.0,0.0,0.0,0.0
182,1995,20,1995-11-28,71.85714285714286,45.57142857142857,58.714285714285715,0.0,0.0,0.0,0.0,0.0,0.0
183,1995,26,1995-11-28,76.42857142857143,58.57142857142857,67.5,0.16,0.0,0.0,0.0,0.0,0.0
184,1995,28,1995-11-28,90.42857142857143,68.42857142857143,79.42857142857143,0.1685714285714286,0.0,0.0,0.0,0.0,0.0
185,1995,32,1995-11-28,85.14285714285714,68.14285714285714,76.64285714285714,0.22999999999999998,0.0,0.0,0.0,0.0,0.0
186,1995,33,1995-11-28,83.42857142857143,64.42857142857143,73.92857142857143,0.02142857142857143,0.0,0.0,0.0,0.0,0.0
187,1995,48,1995-11-28,33.57142857142857,14.714285714285714,24.142857142857142,0.014285714285714285,0.15714285714285717,3.0,7.0,3.0,6.0
188,1995,49,1995-11-28,21.285714285714285,3.4285714285714284,12.357142857142858,0.06571428571428571,1.1285714285714286,2.857142857142857,7.0,5.0,7.0
189,1996,31,1996-11-25,80.28571428571429,58.57142857142857,69.42857142857143,0.06,0.0,0.0,0.0,0.0,0.0
190,1997,4,1997-12-26,22.428571428571427,3.142857142857143,12.785714285714286,0.06999999999999999,0.7857142857142857,13.428571428571429,7.0,4.0,7.0
191,1997,5,1997-12-26,20.857142857142858,1.0,10.928571428571429,0.0071428571428571435,0.1285714285714286,13.857142857142858,7.0,5.0,7.0
192,1997,7,1997-12-26,19.285714285714285,3.857142857142857,11.571428571428571,0.02285714285714286,0.3285714285714286,10.571428571428571,7.0,7.0,7.0
193,1997,8,1997-12-26,33.0,16.857142857142858,24.928571428571427,0.011428571428571429,0.21428571428571427,8.857142857142858,7.0,3.0,5.0
194,1997,18,1997-12-26,61.714285714285715,36.285714285714285,49.0,0.047142857142857146,0.0,0.0,3.0,0.0,0.0
195,1997,23,1997-12-26,79.14285714285714,55.857142857142854,67.5,0.09857142857142856,0.0,0.0,0.0,0.0,0.0
196,1997,24,1997-12-26,83.71428571428571,57.142857142857146,70.42857142857143,0.022857142857142857,0.0,0.0,0.0,0.0,0.0
197,1997,27,1997-12-26,75.14285714285714,56.42857142857143,65.78571428571429,0.45,0.0,0.0,0.0,0.0,0.0
198,1997,28,1997-12-26,78.42857142857143,59.714285714285715,69.07142857142857,0.19714285714285712,0.0,0.0,0.0,0.0,0.0
199,1997,32,1997-12-26,78.71428571428571,60.57142857142857,69.64285714285714,0.058571428571428566,0.0,0.0,0.0,0.0,0.0
200,1997,39,1997-12-26,71.0,48.285714285714285,59.642857142857146,0.032857142857142856,0.0,0.0,0.0,0.0,0.0
201,1998,3,1998-12-25,16.571428571428573,-1.2857142857142858,7.642857142857143,0.10428571428571429,1.3714285714285714,6.0,7.0,7.0,7.0
202,1998,9,1998-12-25,44.42857142857143,33.57142857142857,39.0,0.12714285714285714,0.32857142857142857,0.14285714285714285,4.0,0.0,2.0
203,1998,10,1998-12-25,34.42857142857143,22.285714285714285,28.357142857142858,0.04,0.5285714285714286,0.7142857142857143,7.0,2.0,6.0
204,1998,35,1998-12-25,80.85714285714286,59.857142857142854,70.35714285714286,0.02428571428571429,0.0,0.0,0.0,0.0,0.0
205,1998,38,1998-12-25,83.57142857142857,59.285714285714285,71.42857142857143,0.08142857142857142,0.0,0.0,0.0,0.0,0.0
206,1998,53,1998-12-25,21.75,-2.75,9.5,0.0,0.025,0.5,4.0,3.0,4.0
207,1999,14,1999-12-21,55.42857142857143,39.285714285714285,47.357142857142854,0.25857142857142856,0.0,0.0,0.0,0.0,0.0
208,1999,21,1999-12-21,77.14285714285714,50.285714285714285,63.714285714285715,0.027142857142857142,0.0,0.0,0.0,0.0,0.0
209,1999,23,1999-12-21,79.0,61.42857142857143,70.21428571428571,0.1985714285714286,0.0,0.0,0.0,0.0,0.0
210,1999,25,1999-12-21,85.71428571428571,65.0,75.35714285714286,0.06999999999999999,0.0,0.0,0.0,0.0,0.0
211,1999,26,1999-12-21,79.85714285714286,60.57142857142857,70.21428571428571,0.16285714285714287,0.0,0.0,0.0,0.0,0.0
212,1999,32,1999-12-21,77.28571428571429,58.714285714285715,68.0,0.18714285714285714,0.0,0.0,0.0,0.0,0.0
213,1999,46,1999-12-21,51.0,32.285714285714285,41.642857142857146,0.02142857142857143,0.0,0.0,4.0,0.0,0.0
214,1999,48,1999-12-21,41.714285714285715,28.571428571428573,35.142857142857146,0.0,0.0,0.0,4.0,0.0,3.0
215,2000,1,2000-12-05,30.142857142857142,13.428571428571429,21.785714285714285,0.030000000000000002,0.32857142857142857,1.0,7.0,5.0,7.0
216,2000,14,2000-12-05,51.42857142857143,31.857142857142858,41.642857142857146,0.0014285714285714286,0.0,0.0,3.0,0.0,0.0
217,2000,22,2000-12-05,66.85714285714286,51.57142857142857,59.214285714285715,0.41571428571428576,0.0,0.0,0.0,0.0,0.0
218,2000,40,2000-12-05,51.857142857142854,37.285714285714285,44.57142857142857,0.0014285714285714286,0.0,0.0,2.0,0.0,0.0
219,2000,42,2000-12-05,68.0,44.0,56.0,0.045714285714285714,0.0,0.0,0.0,0.0,0.0
220,2000,47,2000-12-05,28.142857142857142,13.0,20.571428571428573,0.0014285714285714286,0.014285714285714287,1.7142857142857142,7.0,5.0,7.0
221,2001,7,2002-01-02,19.714285714285715,-0.8571428571428571,9.428571428571429,0.004285714285714286,0.028571428571428574,15.0,7.0,7.0,7.0
222,2001,17,2002-01-02,69.57142857142857,46.42857142857143,58.0,0.014285714285714287,0.0,0.0,0.0,0.0,0.0
223,2001,30,2002-01-02,81.14285714285714,65.0,73.07142857142857,0.06714285714285714,0.0,0.0,0.0,0.0,0.0
224,2001,37,2002-01-02,68.0,53.714285714285715,60.857142857142854,0.01,0.0,0.0,0.0,0.0,0.0
225,2001,47,2002-01-02,50.714285714285715,34.142857142857146,42.42857142857143,0.24285714285714285,0.0,0.0,2.0,0.0,0.0
226,2001,52,2002-01-02,17.428571428571427,7.714285714285714,12.571428571428571,0.0071428571428571435,0.21428571428571427,5.285714285714286,7.0,7.0,7.0
227,2002,2,2002-12-03,39.857142857142854,24.857142857142858,32.357142857142854,0.027142857142857142,0.5428571428571428,0.7142857142857143,6.0,1.0,2.0
228,2002,3,2002-12-03,25.142857142857142,13.714285714285714,19.428571428571427,0.028571428571428574,0.5142857142857143,4.714285714285714,7.0,6.0,7.0
229,2002,13,2002-12-03,43.42857142857143,26.428571428571427,34.92857142857143,0.0,0.0,0.42857142857142855,4.0,1.0,3.0
230,2002,16,2002-12-03,68.0,45.42857142857143,56.714285714285715,0.07428571428571429,0.9428571428571428,0.0,1.0,0.0,0.0
231,2002,17,2002-12-03,50.857142857142854,33.42857142857143,42.142857142857146,0.09714285714285716,0.8571428571428571,1.0,2.0,0.0,0.0
232,2002,18,2002-12-03,62.0,37.714285714285715,49.857142857142854,0.041428571428571426,0.0,0.0,1.0,0.0,0.0
233,2002,24,2002-12-03,76.85714285714286,58.42857142857143,67.64285714285714,0.15857142857142856,0.0,0.0,0.0,0.0,0.0
234,2002,46,2002-12-03,37.285714285714285,23.0,30.142857142857142,0.0,0.0,0.0,7.0,1.0,4.0
235,2003,10,2003-12-12,18.857142857142858,1.5714285714285714,10.214285714285714,0.04857142857142858,1.1142857142857143,2.5714285714285716,7.0,7.0,7.0
236,2003,11,2003-12-12,44.142857142857146,22.285714285714285,33.214285714285715,0.02142857142857143,0.5,3.4285714285714284,4.0,2.0,4.0
237,2003,34,2003-12-12,89.42857142857143,68.85714285714286,79.14285714285714,0.12571428571428572,0.0,0.0,0.0,0.0,0.0
238,2004,3,2004-12-19,27.428571428571427,10.142857142857142,18.785714285714285,0.0,0.0,0.0,7.0,4.0,7.0
239,2004,21,2004-12-19,65.0,50.42857142857143,57.714285714285715,0.29714285714285715,0.0,0.0,0.0,0.0,0.0
240,2004,27,2004-12-19,83.71428571428571,62.857142857142854,73.28571428571429,0.08,0.0,0.0,0.0,0.0,0.0
241,2004,29,2004-12-19,82.42857142857143,65.57142857142857,74.0,0.0,0.0,0.0,0.0,0.0,0.0
242,2004,34,2004-12-19,74.42857142857143,52.42857142857143,63.42857142857143,0.0842857142857143,0.0,0.0,0.0,0.0,0.0
243,2004,51,2004-12-19,28.857142857142858,8.142857142857142,18.5,0.0,0.0,0.0,7.0,3.0,6.0
244,2005,6,2005-12-07,33.285714285714285,19.0,26.142857142857142,0.06857142857142857,0.32857142857142857,0.14285714285714285,6.0,4.0,4.0
245,2005,22,2005-12-07,78.0,60.0,69.0,0.11,0.0,0.0,0.0,0.0,0.0
246,2005,29,2005-12-07,89.42857142857143,68.42857142857143,78.92857142857143,0.14285714285714285,0.0,0.0,0.0,0.0,0.0
247,2005,30,2005-12-07,82.14285714285714,62.285714285714285,72.21428571428571,0.22285714285714286,0.0,0.0,0.0,0.0,0.0
248,2005,47,2005-12-07,34.0,21.0,27.5,0.028571428571428574,0.3,0.7142857142857143,6.0,3.0,4.0
249,2005,50,2005-12-07,22.714285714285715,12.857142857142858,17.785714285714285,0.06,0.9571428571428572,5.571428571428571,7.0,4.0,7.0
250,2005,52,2005-12-07,32.666666666666664,29.333333333333332,31.0,0.05833333333333333,0.75,3.5,6.0,1.0,3.0
251,2006,3,2006-12-04,29.142857142857142,17.571428571428573,23.357142857142858,0.012857142857142857,0.11428571428571428,1.0,7.0,5.0,7.0
252,2006,13,2006-12-04,49.42857142857143,35.714285714285715,42.57142857142857,0.18571428571428572,0.0,0.0,1.0,0.0,0.0
253,2006,27,2006-12-04,85.57142857142857,65.57142857142857,75.57142857142857,0.0,0.0,0.0,0.0,0.0,0.0
254,2006,30,2006-12-04,94.42857142857143,73.71428571428571,84.07142857142857,0.042857142857142864,0.0,0.0,0.0,0.0,0.0
255,2006,33,2006-12-04,79.85714285714286,61.42857142857143,70.64285714285714,0.011428571428571429,0.0,0.0,0.0,0.0,0.0
256,2006,41,2006-12-04,49.57142857142857,32.285714285714285,40.92857142857143,0.02142857142857143,0.0,0.0,3.0,0.0,0.0
257,2006,42,2006-12-04,45.857142857142854,34.714285714285715,40.285714285714285,0.03428571428571429,0.0,0.0,2.0,0.0,0.0
258,2006,47,2006-12-04,51.857142857142854,29.285714285714285,40.57142857142857,0.014285714285714287,0.0,0.0,4.0,0.0,0.0
259,2007,2,2007-12-03,26.428571428571427,11.571428571428571,19.0,0.022857142857142857,0.42857142857142855,0.0,7.0,4.0,7.0
260,2007,5,2007-12-03,10.0,-3.5714285714285716,3.2142857142857144,0.0014285714285714286,0.05714285714285715,2.0,7.0,7.0,7.0
261,2007,12,2007-12-03,57.142857142857146,36.285714285714285,46.714285714285715,0.04428571428571428,0.0,0.0,3.0,0.0,0.0
262,2007,28,2007-12-03,79.85714285714286,61.0,70.42857142857143,0.0071428571428571435,0.0,0.0,0.0,0.0,0.0
263,2007,29,2007-12-03,84.14285714285714,64.71428571428571,74.42857142857143,0.10857142857142857,0.0,0.0,0.0,0.0,0.0
264,2007,30,2007-12-03,88.85714285714286,71.42857142857143,80.14285714285714,0.1142857142857143,0.0,0.0,0.0,0.0,0.0
265,2007,42,2007-12-03,60.42857142857143,48.42857142857143,54.42857142857143,0.23285714285714287,0.0,0.0,0.0,0.0,0.0
266,2008,3,2008-12-07,12.714285714285714,-5.0,3.857142857142857,0.0,0.014285714285714287,5.0,7.0,7.0,7.0
267,2008,5,2008-12-07,24.571428571428573,4.285714285714286,14.428571428571429,0.0014285714285714286,0.0,3.142857142857143,7.0,5.0,6.0
268,2008,7,2008-12-07,20.714285714285715,3.7142857142857144,12.214285714285714,0.017142857142857144,0.2,4.428571428571429,7.0,5.0,7.0
269,2008,24,2008-12-07,74.71428571428571,57.857142857142854,66.28571428571429,0.1557142857142857,0.0,0.0,0.0,0.0,0.0
270,2008,37,2008-12-07,69.0,53.0,61.0,0.13714285714285715,0.0,0.0,0.0,0.0,0.0
271,2008,39,2008-12-07,75.0,57.0,66.0,0.09571428571428572,0.0,0.0,0.0,0.0,0.0
272,2008,47,2008-12-07,31.571428571428573,19.285714285714285,25.428571428571427,0.002857142857142857,0.07142857142857142,0.14285714285714285,7.0,3.0,6.0
273,2009,8,2009-12-15,27.857142857142858,8.714285714285714,18.285714285714285,0.045714285714285714,0.7000000000000001,1.2857142857142858,7.0,4.0,7.0
274,2009,32,2009-12-15,79.85714285714286,63.42857142857143,71.64285714285714,0.43714285714285717,0.0,0.0,0.0,0.0,0.0
275,2009,34,2009-12-15,74.28571428571429,58.142857142857146,66.21428571428571,0.29857142857142854,0.0,0.0,0.0,0.0,0.0
276,2009,35,2009-12-15,75.42857142857143,57.285714285714285,66.35714285714286,0.08714285714285715,0.0,0.0,0.0,0.0,0.0
277,2009,36,2009-12-15,74.85714285714286,53.857142857142854,64.35714285714286,0.0,0.0,0.0,0.0,0.0,0.0
278,2010,5,2010-12-03,24.571428571428573,14.0,19.285714285714285,0.05285714285714286,0.8857142857142856,10.142857142857142,7.0,6.0,7.0
279,2010,11,2010-12-03,52.285714285714285,32.857142857142854,42.57142857142857,0.011428571428571429,0.0,0.0,3.0,0.0,1.0
280,2010,25,2010-12-03,83.71428571428571,65.57142857142857,74.64285714285714,0.46714285714285714,0.0,0.0,0.0,0.0,0.0
281,2010,27,2010-12-03,85.85714285714286,67.57142857142857,76.71428571428571,0.18142857142857144,0.0,0.0,0.0,0.0,0.0
282,2010,32,2010-12-03,88.71428571428571,69.57142857142857,79.14285714285714,0.562857142857143,0.0,0.0,0.0,0.0,0.0
283,2010,45,2010-12-03,52.285714285714285,38.57142857142857,45.42857142857143,0.17714285714285713,1.1428571428571428,0.7142857142857143,0.0,0.0,0.0
284,2010,46,2010-12-03,34.857142857142854,26.0,30.428571428571427,0.01,0.014285714285714287,1.5714285714285714,7.0,2.0,4.0
285,2010,51,2010-12-03,26.571428571428573,17.285714285714285,21.928571428571427,0.10571428571428572,1.3142857142857143,17.0,7.0,6.0,7.0
286,2011,7,2011-12-16,37.857142857142854,24.428571428571427,31.142857142857142,0.12285714285714286,1.6857142857142857,3.7142857142857144,10.0,6.0,6.0
287,2012,30,2012-12-22,85.28571428571429,68.85714285714286,77.07142857142857,0.32285714285714284,0.0,0.0,0.0,0.0,0.0
288,2012,32,2012-12-22,79.85714285714286,60.57142857142857,70.21428571428571,0.015714285714285715,0.0,0.0,0.0,0.0,0.0
289,2012,37,2012-12-22,81.71428571428571,55.57142857142857,68.64285714285714,0.012857142857142857,0.0,0.0,0.0,0.0,0.0
290,2012,41,2012-12-22,55.57142857142857,37.142857142857146,46.357142857142854,0.01,0.0,0.0,1.0,0.0,0.0
291,2013,9,2013-11-29,33.857142857142854,20.142857142857142,27.0,0.0,0.0,6.142857142857143,7.0,2.0,6.0
292,2013,14,2013-11-29,46.0,27.714285714285715,36.857142857142854,0.049999999999999996,0.0,0.0,4.0,0.0,2.0
293,2013,16,2013-11-29,42.142857142857146,30.571428571428573,36.357142857142854,0.2214285714285714,1.042857142857143,2.5714285714285716,2.0,0.0,1.0
294,2013,20,2013-11-29,80.14285714285714,55.142857142857146,67.64285714285714,0.4128571428571428,0.0,0.0,0.0,0.0,0.0
295,2013,21,2013-11-29,63.857142857142854,50.42857142857143,57.142857142857146,0.13714285714285715,0.0,0.0,0.0,0.0,0.0
296,2013,27,2013-11-29,87.71428571428571,67.42857142857143,77.57142857142857,0.004285714285714286,0.0,0.0,0.0,0.0,0.0
297,2013,32,2013-11-29,78.85714285714286,61.0,69.92857142857143,0.28285714285714286,0.0,0.0,0.0,0.0,0.0
298,2013,35,2013-11-29,89.85714285714286,72.28571428571429,81.07142857142857,0.012857142857142857,0.0,0.0,0.0,0.0,0.0
299,2013,36,2013-11-29,82.71428571428571,63.142857142857146,72.92857142857143,0.0,0.0,0.0,0.0,0.0,0.0
300,2013,38,2013-11-29,70.14285714285714,51.857142857142854,61.0,0.05571428571428571,0.0,0.0,0.0,0.0,0.0
301,2013,39,2013-11-29,77.28571428571429,54.285714285714285,65.78571428571429,0.02,0.0,0.0,0.0,0.0,0.0
302,2013,43,2013-11-29,47.0,30.857142857142858,38.92857142857143,0.0,0.0,0.0,4.0,0.0,0.0
303,2013,45,2013-11-29,43.57142857142857,31.0,37.285714285714285,0.05714285714285714,0.15714285714285717,0.0,4.0,0.0,0.0
304,2014,7,2014-11-27,18.857142857142858,-0.14285714285714285,9.357142857142858,0.02142857142857143,0.35714285714285715,13.142857142857142,7.0,7.0,7.0
305,2014,16,2014-11-27,49.42857142857143,30.142857142857142,39.785714285714285,0.12714285714285714,0.04285714285714286,0.0,5.0,0.0,2.0
306,2014,17,2014-11-27,54.714285714285715,38.714285714285715,46.714285714285715,0.4428571428571429,0.0,0.0,0.0,0.0,0.0
307,2014,19,2014-11-27,65.85714285714286,47.714285714285715,56.785714285714285,0.18857142857142856,0.0,0.0,0.0,0.0,0.0
308,2014,26,2014-11-27,81.28571428571429,63.857142857142854,72.57142857142857,0.07285714285714286,0.0,0.0,0.0,0.0,0.0
309,2014,40,2014-11-27,56.42857142857143,41.57142857142857,49.0,0.23714285714285716,0.0,0.0,0.0,0.0,0.0
310,2014,46,2014-11-27,24.285714285714285,13.571428571428571,18.928571428571427,0.06999999999999999,0.7142857142857143,2.857142857142857,7.0,7.0,7.0
311,2016,11,2016-12-15,46.714285714285715,35.42857142857143,41.07142857142857,0.14142857142857143,0.18571428571428572,0.14285714285714285,3.0,0.0,0.0
312,2016,26,2016-12-15,78.14285714285714,59.57142857142857,68.85714285714286,0.014285714285714287,0.0,0.0,0.0,0.0,0.0
313,2016,39,2016-12-15,68.14285714285714,49.857142857142854,59.0,0.005714285714285714,0.0,0.0,0.0,0.0,0.0
314,2016,40,2016-12-15,62.857142857142854,45.857142857142854,54.357142857142854,0.2542857142857143,0.0,0.0,0.0,0.0,0.0
315,2016,51,2016-12-15,36.0,23.857142857142858,29.928571428571427,0.15285714285714286,0.0,5.857142857142857,4.0,1.0,3.0
316,2017,2,2017-12-14,20.857142857142858,2.4285714285714284,11.642857142857142,0.060000000000000005,0.7142857142857143,2.5714285714285716,7.0,6.0,7.0
317,2017,15,2017-12-14,60.285714285714285,42.57142857142857,51.42857142857143,0.23428571428571426,0.07142857142857142,0.14285714285714285,0.0,0.0,0.0
318,2017,25,2017-12-14,73.14285714285714,58.142857142857146,65.64285714285714,0.10571428571428572,0.0,0.0,0.0,0.0,0.0
319,2017,35,2017-12-14,78.14285714285714,59.142857142857146,68.64285714285714,0.0014285714285714286,0.0,0.0,0.0,0.0,0.0
320,2017,48,2017-12-14,50.714285714285715,29.714285714285715,40.214285714285715,0.0,0.0,0.0,5.0,0.0,0.0
321,2018,24,2018-11-28,84.57142857142857,65.28571428571429,74.92857142857143,0.14142857142857143,0.0,0.0,0.0,0.0,0.0
322,2018,38,2018-11-28,69.42857142857143,54.57142857142857,62.0,0.7185714285714285,0.0,0.0,0.0,0.0,0.0
323,2018,41,2018-11-28,48.0,37.0,42.5,0.23142857142857146,0.04285714285714286,0.0,1.0,0.0,0.0
324,2018,42,2018-11-28,56.57142857142857,34.857142857142854,45.714285714285715,0.002857142857142857,0.0,0.0,3.0,0.0,0.0
325,2018,51,2018-11-28,35.57142857142857,25.428571428571427,30.5,0.002857142857142857,0.04285714285714286,0.8571428571428571,6.0,2.0,4.0
326,2019,13,2019-12-02,48.285714285714285,28.571428571428573,38.42857142857143,0.0,0.0,0.0,5.0,0.0,1.0
327,2019,16,2019-12-02,64.14285714285714,39.142857142857146,51.642857142857146,0.15714285714285717,0.0,0.0,1.0,0.0,0.0
328,2019,23,2019-12-02,83.85714285714286,61.285714285714285,72.57142857142857,0.037142857142857144,0.0,0.0,0.0,0.0,0.0
329,2019,26,2019-12-02,82.14285714285714,65.14285714285714,73.64285714285714,0.21857142857142858,0.0,0.0,0.0,0.0,0.0
330,2019,28,2019-12-02,84.57142857142857,68.57142857142857,76.57142857142857,0.09999999999999999,0.0,0.0,0.0,0.0,0.0
331,2019,40,2019-12-02,61.142857142857146,48.714285714285715,54.92857142857143,0.33571428571428574,0.0,0.0,0.0,0.0,0.0
332,2019,43,2019-12-02,49.857142857142854,36.142857142857146,43.0,0.17857142857142858,0.0,0.0,1.0,0.0,0.0
333,2020,5,2020-12-24,30.857142857142858,22.857142857142858,26.857142857142858,0.0071428571428571435,0.08571428571428572,6.857142857142857,7.0,4.0,5.0
334,2020,8,2020-12-24,30.285714285714285,11.142857142857142,20.714285714285715,0.022857142857142857,0.2857142857142857,8.285714285714286,7.0,3.0,6.0
335,2020,23,2020-12-24,84.71428571428571,62.142857142857146,73.42857142857143,0.21428571428571427,0.0,0.0,0.0,0.0,0.0
336,2015,11,,62.285714285714285,35.0,48.642857142857146,0.0,0.0,0.0,1.0,0.0,0.0
337,2015,21,,64.71428571428571,45.42857142857143,55.07142857142857,0.07428571428571429,0.0,0.0,0.0,0.0,0.0
338,2015,22,,71.85714285714286,53.714285714285715,62.785714285714285,0.1842857142857143,0.0,0.0,0.0,0.0,0.0
339,2015,26,,81.0,62.285714285714285,71.64285714285714,0.16,0.0,0.0,0.0,0.0,0.0
340,2015,28,,79.71428571428571,60.857142857142854,70.28571428571429,0.6742857142857143,0.0,0.0,0.0,0.0,0.0
341,2015,33,,85.85714285714286,68.0,76.92857142857143,0.08,0.0,0.0,0.0,0.0,0.0
342,2015,36,,85.0,69.14285714285714,77.07142857142857,0.13857142857142857,0.0,0.0,0.0,0.0,0.0
343,2015,46,,55.0,37.42857142857143,46.214285714285715,0.3,0.0,0.0,1.0,0.0,0.0
344,2015,47,,42.42857142857143,31.428571428571427,36.92857142857143,0.26857142857142857,0.0,0.0,4.0,2.0,3.0
345,2015,50,,43.142857142857146,33.714285714285715,38.42857142857143,0.05142857142857143,0.0,0.0,3.0,0.0,0.0
346,2015,52,,31.571428571428573,25.0,28.285714285714285,0.06999999999999999,0.4428571428571428,0.7142857142857143,7.0,3.0,6.0
347,2020,26,2020-12-24,82.42857142857143,62.57142857142857,72.5,0.13142857142857142,0.0,0.0,0.0,0.0,0.0
348,2020,34,2020-12-24,83.85714285714286,65.0,74.42857142857143,0.025714285714285714,0.0,0.0,0.0,0.0,0.0
349,2020,35,2020-12-24,85.14285714285714,67.71428571428571,76.42857142857143,0.06142857142857143,0.0,0.0,0.0,0.0,0.0
350,2020,52,2020-12-24,28.571428571428573,9.428571428571429,19.0,0.07142857142857142,1.3428571428571427,4.428571428571429,7.0,4.0,6.0
351,2021,53,2021-12-08,28.333333333333332,11.333333333333334,19.833333333333332,0.0,0.0,8.666666666666666,3.0,2.0,3.0
352,2021,26,2021-12-08,87.42857142857143,66.85714285714286,77.14285714285714,0.017142857142857144,0.0,0.0,0.0,0.0,0.0
353,2022,5,2022-12-08,19.428571428571427,-0.5714285714285714,9.428571428571429,0.008571428571428572,0.09999999999999999,6.428571428571429,7.0,6.0,7.0
354,2022,38,2022-12-08,72.28571428571429,53.57142857142857,62.92857142857143,0.011428571428571429,0.0,0.0,0.0,0.0,0.0
355,2022,45,2022-12-08,44.42857142857143,30.0,37.214285714285715,0.1285714285714286,0.0,0.0,5.0,3.0,3.0
356,2022,50,2022-12-08,29.714285714285715,22.857142857142858,26.285714285714285,0.16857142857142857,1.1714285714285715,3.4285714285714284,5.0,3.0,3.0
357,2023,6,2024-01-13,37.857142857142854,19.571428571428573,28.714285714285715,0.012857142857142857,0.014285714285714287,8.285714285714286,7.0,1.0,5.0
358,2023,19,2024-01-13,72.57142857142857,56.142857142857146,64.35714285714286,0.11285714285714286,0.0,0.0,0.0,0.0,0.0
359,2023,27,2024-01-13,81.57142857142857,61.714285714285715,71.64285714285714,0.08142857142857142,0.0,0.0,0.0,0.0,0.0
360,2023,30,2024-01-13,89.28571428571429,67.57142857142857,78.42857142857143,0.24000000000000002,0.0,0.0,0.0,0.0,0.0
361,2023,32,2024-01-13,81.85714285714286,64.28571428571429,73.07142857142857,0.2414285714285714,0.0,0.0,0.0,0.0,0.0
362,2023,38,2024-01-13,79.28571428571429,61.285714285714285,70.28571428571429,0.21428571428571427,0.0,0.0,0.0,0.0,0.0
363,2023,40,2024-01-13,68.28571428571429,53.42857142857143,60.857142857142854,0.03142857142857143,0.0,0.0,0.0,0.0,0.0
364,2023,43,2024-01-13,51.714285714285715,41.857142857142854,46.785714285714285,0.3014285714285715,0.0,0.0,2.0,0.0,1.0
365,2023,50,2024-01-13,40.285714285714285,28.571428571428573,34.42857142857143,0.06999999999999999,0.0,0.0,4.0,1.0,2.0
366,2024,10,,46.142857142857146,25.714285714285715,35.92857142857143,0.0,0.0,0.0,7.0,0.0,1.0
367,2024,12,,36.42857142857143,23.0,29.714285714285715,0.12999999999999998,1.614285714285714,0.42857142857142855,7.0,1.0,6.0
368,2024,14,,50.857142857142854,34.714285714285715,42.785714285714285,0.09428571428571428,0.0,0.0,0.0,0.0,0.0
369,2024,20,,75.28571428571429,54.0,64.64285714285714,0.08857142857142856,0.0,0.0,0.0,0.0,0.0
370,2024,32,,74.71428571428571,57.285714285714285,66.0,0.19999999999999998,0.0,0.0,0.0,0.0,0.0
371,2024,33,,80.71428571428571,63.42857142857143,72.07142857142857,0.1442857142857143,0.0,0.0,0.0,0.0,0.0
372,1970,14,,39.57142857142857,23.285714285714285,31.428571428571427,0.004285714285714286,0.0,0.0,6.0,0.0,5.0
373,1970,43,,61.42857142857143,48.285714285714285,54.857142857142854,0.08142857142857143,0.0,0.0,0.0,0.0,0.0
374,1971,53,,24.666666666666668,10.333333333333334,17.5,0.07666666666666666,0.9,3.6666666666666665,3.0,2.0,3.0
375,1971,1,,13.0,-4.285714285714286,4.357142857142857,0.03142857142857143,0.4714285714285714,5.428571428571429,7.0,7.0,7.0
376,1971,8,,34.285714285714285,19.714285714285715,27.0,0.09999999999999999,0.5428571428571428,7.714285714285714,6.0,2.0,6.0
377,1971,15,,63.0,37.714285714285715,50.357142857142854,0.02,0.0,0.0,2.0,0.0,0.0
378,1971,27,,80.0,61.285714285714285,70.64285714285714,0.3685714285714286,0.0,0.0,0.0,0.0,0.0
379,1971,28,,80.85714285714286,58.42857142857143,69.64285714285714,0.06142857142857144,0.0,0.0,0.0,0.0,0.0
380,1971,32,,85.14285714285714,59.57142857142857,72.35714285714286,0.02,0.0,0.0,0.0,0.0,0.0
381,1971,34,,79.71428571428571,53.0,66.35714285714286,0.0014285714285714286,0.0,0.0,0.0,0.0,0.0
382,1971,40,,62.0,39.714285714285715,50.857142857142854,0.008571428571428572,0.0,0.0,0.0,0.0,0.0
383,1972,6,,16.0,-5.285714285714286,5.357142857142857,0.0,0.0,14.428571428571429,7.0,6.0,7.0
384,1972,15,,52.42857142857143,34.57142857142857,43.5,0.05,0.0,0.0,1.0,0.0,0.0
385,1972,17,,60.57142857142857,39.42857142857143,50.0,0.012857142857142857,0.0,0.0,2.0,0.0,0.0
386,1972,28,,80.28571428571429,60.857142857142854,70.57142857142857,0.05142857142857143,0.0,0.0,0.0,0.0,0.0
387,1972,33,,92.85714285714286,72.14285714285714,82.5,0.0,0.0,0.0,0.0,0.0,0.0
388,1972,36,,69.85714285714286,51.285714285714285,60.57142857142857,0.08285714285714285,0.0,0.0,0.0,0.0,0.0
389,1972,42,,41.57142857142857,26.571428571428573,34.07142857142857,0.09999999999999999,0.0,0.0,5.0,0.0,3.0
390,1973,13,,53.57142857142857,35.714285714285715,44.642857142857146,0.032857142857142856,0.0,0.0,1.0,0.0,0.0
391,1973,16,,64.14285714285714,44.285714285714285,54.214285714285715,0.05857142857142857,0.014285714285714287,0.0,1.0,0.0,0.0
392,1973,24,,85.28571428571429,58.714285714285715,72.0,0.011428571428571429,0.0,0.0,0.0,0.0,0.0
393,1973,30,,79.42857142857143,63.714285714285715,71.57142857142857,0.20857142857142857,0.0,0.0,0.0,0.0,0.0
394,1974,3,,35.857142857142854,18.428571428571427,27.142857142857142,0.015714285714285715,0.15714285714285717,6.428571428571429,6.0,0.0,5.0
395,1974,4,,32.57142857142857,19.571428571428573,26.071428571428573,0.0014285714285714286,0.028571428571428574,6.857142857142857,7.0,4.0,5.0
396,1974,22,,71.42857142857143,51.714285714285715,61.57142857142857,0.08857142857142856,0.0,0.0,0.0,0.0,0.0
397,1974,29,,88.14285714285714,66.0,77.07142857142857,0.025714285714285717,0.0,0.0,0.0,0.0,0.0
398,1974,31,,74.71428571428571,56.0,65.35714285714286,0.2957142857142857,0.0,0.0,0.0,0.0,0.0
399,1974,44,,57.0,46.285714285714285,51.642857142857146,0.15,0.0,0.0,2.0,0.0,0.0
400,1974,49,,29.428571428571427,16.0,22.714285714285715,0.0,0.0,0.0,7.0,4.0,7.0
401,1974,50,,37.0,23.285714285714285,30.142857142857142,0.02,0.32857142857142857,0.0,4.0,1.0,4.0
402,1975,7,,18.571428571428573,5.0,11.785714285714286,0.04285714285714286,0.5428571428571429,18.142857142857142,7.0,7.0,7.0
403,1975,11,,28.428571428571427,7.285714285714286,17.857142857142858,0.047142857142857146,0.7571428571428571,15.571428571428571,7.0,5.0,7.0
404,1975,21,,84.42857142857143,61.714285714285715,73.07142857142857,0.39142857142857146,0.0,0.0,0.0,0.0,0.0
405,1975,25,,81.0,64.28571428571429,72.64285714285714,0.21857142857142858,0.0,0.0,0.0,0.0,0.0
406,1978,2,1978-12-02,11.142857142857142,-7.857142857142857,1.6428571428571428,0.012857142857142857,0.2571428571428572,5.428571428571429,7.0,7.0,7.0
407,1978,4,1978-12-02,16.714285714285715,-1.0,7.857142857142857,0.021428571428571432,0.34285714285714286,7.142857142857143,7.0,7.0,7.0
408,1978,7,1978-12-02,19.428571428571427,0.5714285714285714,10.0,0.0014285714285714286,0.04285714285714286,5.857142857142857,7.0,7.0,7.0
409,1978,21,1978-12-02,83.28571428571429,60.57142857142857,71.92857142857143,0.3871428571428571,0.0,0.0,0.0,0.0,0.0
410,1978,37,1978-12-02,71.85714285714286,56.285714285714285,64.07142857142857,0.2814285714285715,0.0,0.0,0.0,0.0,0.0
411,1978,41,1978-12-02,59.42857142857143,41.285714285714285,50.357142857142854,0.004285714285714286,0.0,0.0,1.0,0.0,0.0
412,1979,13,1979-12-13,38.714285714285715,29.0,33.857142857142854,0.09142857142857143,0.028571428571428574,0.0,4.0,1.0,2.0
413,1979,17,1979-12-13,60.142857142857146,41.285714285714285,50.714285714285715,0.05857142857142857,0.0,0.0,0.0,0.0,0.0
414,1979,18,1979-12-13,59.285714285714285,38.42857142857143,48.857142857142854,0.09857142857142856,0.0,0.0,0.0,0.0,0.0
415,1979,43,1979-12-13,50.285714285714285,33.285714285714285,41.785714285714285,0.09428571428571429,0.0,0.0,3.0,0.0,0.0
416,1980,3,1980-12-09,34.42857142857143,22.714285714285715,28.571428571428573,0.024285714285714282,0.04285714285714286,0.5714285714285714,6.0,3.0,5.0
417,1980,20,1980-12-09,62.57142857142857,42.0,52.285714285714285,0.10428571428571429,0.0,0.0,1.0,0.0,0.0
418,1980,29,1980-12-09,89.28571428571429,66.28571428571429,77.78571428571429,0.18,0.0,0.0,0.0,0.0,0.0
419,1980,31,1980-12-09,85.85714285714286,62.142857142857146,74.0,0.07571428571428572,0.0,0.0,0.0,0.0,0.0
420,1980,42,1980-12-09,51.714285714285715,38.285714285714285,45.0,0.044285714285714296,0.0,0.0,1.0,0.0,0.0
421,1980,51,1980-12-09,23.857142857142858,7.857142857142857,15.857142857142858,0.0014285714285714286,0.014285714285714287,0.0,7.0,6.0,6.0
422,1981,3,1981-12-15,31.571428571428573,8.428571428571429,20.0,0.0071428571428571435,0.1142857142857143,0.7142857142857143,7.0,4.0,7.0
423,1975,35,,75.71428571428571,59.42857142857143,67.57142857142857,0.07428571428571429,0.0,0.0,0.0,0.0,0.0
424,1975,36,,73.14285714285714,54.285714285714285,63.714285714285715,0.06285714285714286,0.0,0.0,0.0,0.0,0.0
425,1975,40,,67.0,43.285714285714285,55.142857142857146,0.0,0.0,0.0,1.0,0.0,0.0
426,1975,46,,48.0,29.0,38.5,0.07999999999999999,0.0,0.0,4.0,0.0,1.0
427,1976,9,,50.285714285714285,25.571428571428573,37.92857142857143,0.0,0.0,0.0,7.0,0.0,1.0
428,1976,14,,54.714285714285715,32.714285714285715,43.714285714285715,0.10428571428571429,0.04285714285714286,0.0,2.0,0.0,0.0
429,1976,26,,81.14285714285714,59.285714285714285,70.21428571428571,0.07428571428571429,0.0,0.0,0.0,0.0,0.0
430,1976,46,,35.57142857142857,17.714285714285715,26.642857142857142,0.002857142857142857,0.028571428571428574,0.0,7.0,3.0,6.0
431,1976,48,,28.285714285714285,13.571428571428571,20.928571428571427,0.014285714285714285,0.11428571428571428,0.0,7.0,4.0,6.0
432,1977,53,,15.0,-3.5,5.75,0.015,0.35,2.0,2.0,2.0,2.0
433,1977,2,,-1.1428571428571428,-22.142857142857142,-11.642857142857142,0.018571428571428572,0.5,8.0,7.0,7.0,7.0
434,1977,6,,38.0,19.0,28.5,0.002857142857142857,0.014285714285714287,5.428571428571429,6.0,1.0,3.0
435,1977,7,,29.571428571428573,11.714285714285714,20.642857142857142,0.0,0.0,0.8571428571428571,7.0,5.0,6.0
436,1977,24,,76.85714285714286,58.142857142857146,67.5,0.19000000000000003,0.0,0.0,0.0,0.0,0.0
437,1977,29,,88.0,67.14285714285714,77.57142857142857,0.13428571428571429,0.0,0.0,0.0,0.0,0.0
438,1977,52,,18.5,6.5,12.5,0.055,1.2666666666666668,0.3333333333333333,6.0,6.0,6.0
439,1981,20,1981-12-15,67.42857142857143,41.142857142857146,54.285714285714285,0.0014285714285714286,0.0,0.0,0.0,0.0,0.0
440,1981,26,1981-12-15,77.71428571428571,56.857142857142854,67.28571428571429,0.09857142857142857,0.0,0.0,0.0,0.0,0.0
441,1981,37,1981-12-15,82.71428571428571,54.0,68.35714285714286,0.027142857142857142,0.0,0.0,0.0,0.0,0.0
442,1981,44,1981-12-15,60.57142857142857,37.0,48.785714285714285,0.0,0.0,0.0,2.0,0.0,0.0
443,1982,53,1982-12-11,16.333333333333332,-2.6666666666666665,6.833333333333333,0.08,1.0999999999999999,8.333333333333334,3.0,3.0,3.0
444,1982,2,1982-12-11,3.5714285714285716,-14.0,-5.214285714285714,0.021428571428571432,0.42857142857142855,9.285714285714286,7.0,7.0,7.0
445,1982,3,1982-12-11,13.857142857142858,1.4285714285714286,7.642857142857143,0.29000000000000004,5.642857142857143,21.0,7.0,7.0,7.0
446,1982,4,1982-12-11,19.857142857142858,-3.2857142857142856,8.285714285714286,0.004285714285714286,0.08571428571428572,22.0,7.0,6.0,7.0
447,1982,11,1982-12-11,38.285714285714285,31.428571428571427,34.857142857142854,0.1742857142857143,1.1142857142857143,7.428571428571429,4.0,0.0,0.0
448,1982,17,1982-12-11,66.71428571428571,40.57142857142857,53.642857142857146,0.002857142857142857,0.0,0.0,0.0,0.0,0.0
449,1982,18,1982-12-11,69.85714285714286,48.285714285714285,59.07142857142857,0.2342857142857143,0.0,0.0,0.0,0.0,0.0
450,1982,31,1982-12-11,90.28571428571429,68.28571428571429,79.28571428571429,0.0,0.0,0.0,0.0,0.0,0.0
451,1982,39,1982-12-11,66.28571428571429,50.57142857142857,58.42857142857143,0.08142857142857143,0.0,0.0,0.0,0.0,0.0
452,1982,47,1982-12-11,31.0,14.0,22.5,0.0,0.028571428571428574,0.0,7.0,2.0,7.0
453,1983,9,1983-12-02,51.57142857142857,39.142857142857146,45.357142857142854,0.19571428571428573,0.0,1.1428571428571428,0.0,0.0,0.0
454,1983,14,1983-12-02,45.714285714285715,30.285714285714285,38.0,0.12714285714285717,1.0999999999999999,0.7142857142857143,3.0,0.0,0.0
455,1983,26,1983-12-02,78.85714285714286,62.714285714285715,70.78571428571429,0.3685714285714286,0.0,0.0,0.0,0.0,0.0
456,1983,31,1983-12-02,91.57142857142857,67.71428571428571,79.64285714285714,0.018571428571428572,0.0,0.0,0.0,0.0,0.0
457,1983,36,1983-12-02,78.85714285714286,58.285714285714285,68.57142857142857,0.051428571428571435,0.0,0.0,0.0,0.0,0.0
458,1983,38,1983-12-02,59.285714285714285,41.857142857142854,50.57142857142857,0.03428571428571429,0.0,0.0,1.0,0.0,0.0
459,1984,5,1984-12-06,27.428571428571427,11.285714285714286,19.357142857142858,0.024285714285714282,0.39999999999999997,16.571428571428573,7.0,4.0,7.0
460,1984,14,1984-12-06,55.142857142857146,33.0,44.07142857142857,0.0,0.0,0.0,3.0,0.0,0.0
461,1984,32,1984-12-06,83.71428571428571,65.0,74.35714285714286,0.3314285714285714,0.0,0.0,0.0,0.0,0.0
462,1984,44,1984-12-06,44.285714285714285,25.142857142857142,34.714285714285715,0.044285714285714296,0.04285714285714286,0.0,5.0,0.0,2.0
463,1984,46,1984-12-06,41.285714285714285,23.857142857142858,32.57142857142857,0.0,0.0,0.0,6.0,1.0,4.0
464,1984,48,1984-12-06,34.0,24.428571428571427,29.214285714285715,0.08285714285714287,0.7999999999999999,1.1428571428571428,6.0,4.0,5.0
465,1985,3,1985-11-27,15.285714285714286,-7.571428571428571,3.857142857142857,0.042857142857142864,0.5857142857142857,5.428571428571429,7.0,6.0,7.0
466,1985,13,1985-11-27,46.285714285714285,31.571428571428573,38.92857142857143,0.2714285714285714,2.1,0.14285714285714285,4.0,0.0,1.0
467,1985,15,1985-11-27,59.0,35.142857142857146,47.07142857142857,0.032857142857142856,0.0,0.0,2.0,0.0,1.0
468,1985,17,1985-11-27,62.57142857142857,45.142857142857146,53.857142857142854,0.12142857142857144,0.0,0.0,0.0,0.0,0.0
469,1985,32,1985-11-27,84.28571428571429,61.0,72.64285714285714,0.045714285714285714,0.0,0.0,0.0,0.0,0.0
470,1985,40,1985-11-27,55.0,37.142857142857146,46.07142857142857,0.31857142857142856,0.0,0.0,0.0,0.0,0.0
471,1985,41,1985-11-27,52.42857142857143,36.142857142857146,44.285714285714285,0.17714285714285713,0.0,0.0,2.0,0.0,0.0
472,1985,44,1985-11-27,52.142857142857146,34.0,43.07142857142857,0.0071428571428571435,0.0,0.0,3.0,0.0,0.0
473,1985,50,1985-11-27,16.0,-1.1428571428571428,7.428571428571429,0.012857142857142857,0.18571428571428572,12.285714285714286,7.0,7.0,7.0
474,1986,10,1986-12-05,30.571428571428573,16.428571428571427,23.5,0.008571428571428572,0.0,11.857142857142858,6.0,3.0,4.0
475,1986,14,1986-12-05,58.0,41.285714285714285,49.642857142857146,0.15285714285714286,0.0,0.0,0.0,0.0,0.0
476,1986,18,1986-12-05,64.0,41.857142857142854,52.92857142857143,0.12428571428571429,0.0,0.0,0.0,0.0,0.0
477,1986,25,1986-12-05,84.14285714285714,63.285714285714285,73.71428571428571,0.6371428571428571,0.0,0.0,0.0,0.0,0.0
478,1986,32,1986-12-05,80.57142857142857,60.57142857142857,70.57142857142857,0.04428571428571428,0.0,0.0,0.0,0.0,0.0
479,1986,35,1986-12-05,73.85714285714286,53.0,63.42857142857143,0.025714285714285714,0.0,0.0,0.0,0.0,0.0
480,1987,9,1987-12-17,42.142857142857146,27.142857142857142,34.642857142857146,0.038571428571428576,0.38571428571428573,0.2857142857142857,6.0,0.0,1.0
481,1987,10,1987-12-17,55.142857142857146,28.142857142857142,41.642857142857146,0.0,0.0,0.42857142857142855,5.0,0.0,2.0
482,1987,15,1987-12-17,69.85714285714286,37.857142857142854,53.857142857142854,0.0,0.0,0.0,0.0,0.0,0.0
483,1987,27,1987-12-17,81.0,60.42857142857143,70.71428571428571,0.12571428571428572,0.0,0.0,0.0,0.0,0.0
484,1987,30,1987-12-17,87.57142857142857,68.28571428571429,77.92857142857143,2.1599999999999997,0.0,0.0,0.0,0.0,0.0
485,1987,35,1987-12-17,71.28571428571429,55.285714285714285,63.285714285714285,0.045714285714285714,0.0,0.0,0.0,0.0,0.0
486,1987,37,1987-12-17,71.57142857142857,50.42857142857143,61.0,0.08285714285714287,0.0,0.0,0.0,0.0,0.0
487,1987,41,1987-12-17,53.0,33.42857142857143,43.214285714285715,0.002857142857142857,0.0,0.0,3.0,0.0,0.0
488,1987,45,1987-12-17,54.57142857142857,37.857142857142854,46.214285714285715,0.004285714285714286,0.0,0.0,2.0,0.0,0.0
489,1988,7,1988-12-01,32.42857142857143,12.428571428571429,22.428571428571427,0.0,0.0,5.714285714285714,7.0,2.0,7.0
490,1988,10,1988-12-01,43.142857142857146,27.285714285714285,35.214285714285715,0.08,0.4428571428571429,0.14285714285714285,4.0,1.0,2.0
491,1988,19,1988-12-01,73.57142857142857,44.57142857142857,59.07142857142857,0.06857142857142857,0.0,0.0,0.0,0.0,0.0
492,1988,22,1988-12-01,86.85714285714286,64.28571428571429,75.57142857142857,0.01,0.0,0.0,0.0,0.0,0.0
493,1988,41,1988-12-01,63.0,38.857142857142854,50.92857142857143,0.008571428571428572,0.0,0.0,1.0,0.0,0.0
494,1988,45,1988-12-01,43.285714285714285,30.714285714285715,37.0,0.07142857142857142,0.6714285714285715,0.14285714285714285,4.0,0.0,0.0
495,1989,52,1989-12-03,27.75,11.5,19.625,0.023749999999999997,0.31250000000000006,2.75,8.0,5.0,8.0
496,1989,15,1989-12-03,55.42857142857143,30.0,42.714285714285715,0.0071428571428571435,0.028571428571428574,0.0,5.0,0.0,1.0
497,1989,17,1989-12-03,58.714285714285715,44.857142857142854,51.785714285714285,0.30142857142857143,0.0,0.0,0.0,0.0,0.0
498,1989,22,1989-12-03,71.85714285714286,52.0,61.92857142857143,0.09285714285714285,0.0,0.0,0.0,0.0,0.0
499,1989,34,1989-12-03,80.14285714285714,60.714285714285715,70.42857142857143,0.20428571428571432,0.0,0.0,0.0,0.0,0.0
500,1989,43,1989-12-03,72.71428571428571,47.42857142857143,60.07142857142857,0.04,0.0,0.0,0.0,0.0,0.0
501,1990,6,1990-12-18,40.714285714285715,21.0,30.857142857142858,0.0,0.0,0.0,7.0,1.0,3.0
502,1990,12,1990-12-18,42.42857142857143,19.714285714285715,31.071428571428573,0.0014285714285714286,0.0,0.0,6.0,1.0,4.0
503,1990,23,1990-12-18,76.71428571428571,53.285714285714285,65.0,0.037142857142857144,0.0,0.0,0.0,0.0,0.0
504,1991,1,1991-11-25,17.875,4.75,11.3125,0.0025,0.025,5.75,8.0,6.0,8.0
505,1991,8,1991-11-25,31.857142857142858,13.285714285714286,22.571428571428573,0.09285714285714286,1.2571428571428573,2.142857142857143,7.0,3.0,6.0
506,1991,11,1991-11-25,41.0,29.0,35.0,0.022857142857142857,0.12857142857142856,0.0,5.0,0.0,0.0
507,1991,25,1991-11-25,78.57142857142857,57.714285714285715,68.14285714285714,0.11,0.0,0.0,0.0,0.0,0.0
508,1991,27,1991-11-25,80.42857142857143,64.42857142857143,72.42857142857143,0.06285714285714286,0.0,0.0,0.0,0.0,0.0
509,1991,29,1991-11-25,89.57142857142857,70.57142857142857,80.07142857142857,0.16857142857142857,0.0,0.0,0.0,0.0,0.0
510,1991,39,1991-11-25,60.0,38.857142857142854,49.42857142857143,0.032857142857142856,0.0,0.0,1.0,0.0,0.0
511,1991,45,1991-11-25,24.142857142857142,8.0,16.071428571428573,0.05285714285714286,0.6714285714285715,17.857142857142858,7.0,5.0,6.0
512,1991,49,1991-11-25,24.142857142857142,2.2857142857142856,13.214285714285714,0.0642857142857143,0.8285714285714285,17.714285714285715,7.0,4.0,6.0
513,1992,11,1992-12-18,29.571428571428573,14.571428571428571,22.071428571428573,0.08,1.0142857142857142,3.4285714285714284,7.0,4.0,7.0
514,1992,12,1992-12-18,39.285714285714285,20.714285714285715,30.0,0.037142857142857144,0.5142857142857143,0.8571428571428571,7.0,1.0,4.0
515,1992,17,1992-12-18,46.57142857142857,35.42857142857143,41.0,0.09571428571428572,0.0,0.0,0.0,0.0,0.0
516,1992,35,1992-12-18,71.0,53.857142857142854,62.42857142857143,0.19428571428571426,0.0,0.0,0.0,0.0,0.0
517,1992,39,1992-12-18,68.28571428571429,45.285714285714285,56.785714285714285,0.0071428571428571435,0.0,0.0,0.0,0.0,0.0
518,1992,44,1992-12-18,48.42857142857143,30.857142857142858,39.642857142857146,0.08571428571428572,0.35714285714285715,0.0,4.0,0.0,0.0
519,1992,51,1992-12-18,29.285714285714285,16.571428571428573,22.928571428571427,0.038571428571428576,0.2714285714285714,1.0,6.0,5.0,5.0
520,1992,52,1992-12-18,28.714285714285715,1.7142857142857142,15.214285714285714,0.004285714285714286,0.08571428571428572,1.7142857142857142,7.0,4.0,7.0
521,1993,53,1993-12-11,22.0,1.0,11.5,0.013333333333333334,0.0,4.0,3.0,2.0,3.0
522,1993,1,1993-12-11,14.142857142857142,-0.2857142857142857,6.928571428571429,0.0,0.014285714285714287,4.0,7.0,7.0,7.0
523,1993,23,1993-12-11,78.57142857142857,60.57142857142857,69.57142857142857,0.13285714285714287,0.0,0.0,0.0,0.0,0.0
524,1993,27,1993-12-11,76.85714285714286,61.42857142857143,69.14285714285714,0.2814285714285714,0.0,0.0,0.0,0.0,0.0
525,1993,30,1993-12-11,81.57142857142857,63.57142857142857,72.57142857142857,0.038571428571428576,0.0,0.0,0.0,0.0,0.0
526,1993,41,1993-12-11,55.0,35.42857142857143,45.214285714285715,0.032857142857142856,0.0,0.0,2.0,0.0,0.0
527,1993,47,1993-12-11,28.428571428571427,18.142857142857142,23.285714285714285,0.07428571428571429,0.7714285714285714,2.0,7.0,3.0,5.0
528,1993,52,1993-12-11,22.0,-1.6,10.2,0.002,0.04,2.0,5.0,4.0,5.0
529,1994,4,1994-12-11,19.714285714285715,8.285714285714286,14.0,0.06714285714285714,1.1714285714285713,9.428571428571429,7.0,7.0,7.0
530,1994,5,1994-12-11,10.0,-8.285714285714286,0.8571428571428571,0.002857142857142857,0.028571428571428574,10.714285714285714,7.0,7.0,7.0
531,1994,9,1994-12-11,43.42857142857143,25.0,34.214285714285715,0.002857142857142857,0.028571428571428574,2.142857142857143,5.0,0.0,2.0
532,1994,19,1994-12-11,72.71428571428571,47.714285714285715,60.214285714285715,0.09142857142857143,0.0,0.0,0.0,0.0,0.0
533,1994,21,1994-12-11,75.14285714285714,53.142857142857146,64.14285714285714,0.15714285714285717,0.0,0.0,0.0,0.0,0.0
534,1994,27,1994-12-11,80.71428571428571,63.42857142857143,72.07142857142857,0.37285714285714283,0.0,0.0,0.0,0.0,0.0
535,1994,28,1994-12-11,78.71428571428571,59.142857142857146,68.92857142857143,0.11571428571428573,0.0,0.0,0.0,0.0,0.0
536,1994,44,1994-12-11,51.42857142857143,34.285714285714285,42.857142857142854,0.0,0.0,0.0,3.0,0.0,0.0
537,1995,2,1995-11-28,28.142857142857142,17.571428571428573,22.857142857142858,0.017142857142857144,0.2285714285714286,0.7142857142857143,6.0,4.0,6.0
538,1995,17,1995-11-28,58.285714285714285,38.714285714285715,48.5,0.012857142857142857,0.0,0.0,1.0,0.0,0.0
539,1995,34,1995-11-28,84.57142857142857,65.85714285714286,75.21428571428571,0.03142857142857143,0.0,0.0,0.0,0.0,0.0
540,1995,46,1995-11-28,37.285714285714285,26.428571428571427,31.857142857142858,0.002857142857142857,0.028571428571428574,0.0,6.0,0.0,4.0
541,1996,1,1996-11-25,16.88888888888889,1.1111111111111112,9.0,0.012222222222222223,0.1111111111111111,8.555555555555555,9.0,8.0,9.0
542,1996,6,1996-11-25,34.714285714285715,17.571428571428573,26.142857142857142,0.012857142857142857,0.028571428571428574,9.285714285714286,7.0,2.0,4.0
543,1996,26,1996-11-25,87.42857142857143,65.28571428571429,76.35714285714286,0.0,0.0,0.0,0.0,0.0,0.0
544,1996,33,1996-11-25,81.42857142857143,58.0,69.71428571428571,0.0,0.0,0.0,0.0,0.0,0.0
545,1996,34,1996-11-25,83.14285714285714,58.285714285714285,70.71428571428571,0.06285714285714286,0.0,0.0,0.0,0.0,0.0
546,1996,51,1996-11-25,19.285714285714285,-1.5714285714285714,8.857142857142858,0.07,1.0857142857142856,13.142857142857142,7.0,6.0,7.0
547,1997,12,1997-12-26,40.857142857142854,27.142857142857142,34.0,0.0,0.0,3.6,6.0,0.0,2.0
548,1997,13,1997-12-26,48.285714285714285,28.857142857142858,38.57142857142857,0.04285714285714286,0.42857142857142855,2.5,5.0,0.0,2.0
549,1997,16,1997-12-26,55.285714285714285,31.0,43.142857142857146,0.022857142857142857,0.0,,4.0,0.0,0.0
550,1998,16,1998-12-25,57.142857142857146,40.57142857142857,48.857142857142854,0.07857142857142858,0.0,0.0,0.0,0.0,0.0
551,1998,20,1998-12-25,80.57142857142857,53.42857142857143,67.0,0.11714285714285715,0.0,0.0,0.0,0.0,0.0
552,1998,21,1998-12-25,74.28571428571429,55.42857142857143,64.85714285714286,0.06999999999999999,0.0,0.0,0.0,0.0,0.0
553,1998,25,1998-12-25,79.71428571428571,60.714285714285715,70.21428571428571,0.19285714285714287,0.0,0.0,0.0,0.0,0.0
554,1998,36,1998-12-25,80.42857142857143,54.857142857142854,67.64285714285714,0.0,0.0,0.0,0.0,0.0,0.0
555,1998,45,1998-12-25,37.714285714285715,27.285714285714285,32.5,0.0014285714285714286,0.014285714285714287,0.0,6.0,0.0,4.0
556,1998,46,1998-12-25,41.0,29.142857142857142,35.07142857142857,0.1657142857142857,0.0,0.0,4.0,0.0,1.0
557,1999,5,1999-12-21,33.57142857142857,17.714285714285715,25.642857142857142,0.0014285714285714286,0.0,7.285714285714286,7.0,2.0,6.0
558,1999,6,1999-12-21,37.285714285714285,22.571428571428573,29.928571428571427,0.037142857142857144,0.35714285714285715,3.0,6.0,2.0,3.0
559,1999,19,1999-12-21,64.57142857142857,52.285714285714285,58.42857142857143,0.4428571428571428,0.0,0.0,0.0,0.0,0.0
560,1999,30,1999-12-21,88.0,66.28571428571429,77.14285714285714,0.41714285714285715,0.0,0.0,0.0,0.0,0.0
561,1999,44,1999-12-21,53.714285714285715,32.0,42.857142857142854,0.0,0.0,0.0,4.0,0.0,0.0
562,2000,3,2000-12-05,16.428571428571427,0.0,8.214285714285714,0.037142857142857144,0.8285714285714285,7.285714285714286,7.0,7.0,7.0
563,2000,4,2000-12-05,21.428571428571427,0.42857142857142855,10.928571428571429,0.0,0.0,8.285714285714286,7.0,7.0,7.0
564,2000,11,2000-12-05,39.57142857142857,23.714285714285715,31.642857142857142,0.014285714285714287,0.07142857142857142,0.0,6.0,0.0,4.0
565,2000,18,2000-12-05,82.71428571428571,57.857142857142854,70.28571428571429,0.01,0.0,0.0,0.0,0.0,0.0
566,2000,21,2000-12-05,69.71428571428571,54.42857142857143,62.07142857142857,0.08571428571428573,0.0,0.0,0.0,0.0,0.0
567,2000,44,2000-12-05,59.42857142857143,42.857142857142854,51.142857142857146,0.12142857142857143,0.0,0.0,0.0,0.0,0.0
568,2001,25,2002-01-02,79.0,57.714285714285715,68.35714285714286,0.041428571428571426,0.0,0.0,0.0,0.0,0.0
569,2001,29,2002-01-02,90.28571428571429,70.28571428571429,80.28571428571429,0.2357142857142857,0.0,0.0,0.0,0.0,0.0
570,2002,6,2002-12-03,36.42857142857143,20.571428571428573,28.5,0.002857142857142857,0.14285714285714285,0.14285714285714285,6.0,2.0,4.0
571,2002,14,2002-12-03,38.0,24.571428571428573,31.285714285714285,0.10142857142857142,1.0857142857142856,2.7142857142857144,6.0,2.0,5.0
572,2002,15,2002-12-03,60.0,41.42857142857143,50.714285714285715,0.17714285714285713,0.0,0.0,1.0,0.0,0.0
573,2002,27,2002-12-03,88.85714285714286,72.0,80.42857142857143,0.09,0.0,0.0,0.0,0.0,0.0
574,2002,29,2002-12-03,87.57142857142857,71.42857142857143,79.5,0.07571428571428572,0.0,0.0,0.0,0.0,0.0
575,2002,34,2002-12-03,77.57142857142857,61.42857142857143,69.5,0.42,0.0,0.0,0.0,0.0,0.0
576,2002,40,2002-12-03,59.57142857142857,44.57142857142857,52.07142857142857,0.4257142857142857,0.0,0.0,0.0,0.0,0.0
577,2002,42,2002-12-03,44.714285714285715,32.42857142857143,38.57142857142857,0.022857142857142857,0.028571428571428574,0.0,2.0,0.0,0.0
578,2003,1,2003-12-12,30.0,16.75,23.375,0.0025,0.1125,0.0,8.0,5.0,8.0
579,2003,4,2003-12-12,10.0,-2.857142857142857,3.5714285714285716,0.002857142857142857,0.09999999999999999,0.0,7.0,7.0,7.0
580,2003,5,2003-12-12,28.857142857142858,16.0,22.428571428571427,0.07142857142857142,0.9285714285714286,2.0,7.0,4.0,5.0
581,2003,14,2003-12-12,45.0,28.857142857142858,36.92857142857143,0.0014285714285714286,0.14285714285714285,0.14285714285714285,5.0,1.0,3.0
582,2003,24,2003-12-12,76.42857142857143,57.0,66.71428571428571,0.0014285714285714286,0.0,0.0,0.0,0.0,0.0
583,2003,25,2003-12-12,84.71428571428571,63.42857142857143,74.07142857142857,0.0014285714285714286,0.0,0.0,0.0,0.0,0.0
584,2003,32,2003-12-12,83.0,64.28571428571429,73.64285714285714,0.03142857142857143,0.0,0.0,0.0,0.0,0.0
585,2003,45,2003-12-12,33.0,19.428571428571427,26.214285714285715,0.024285714285714282,0.19999999999999998,0.0,7.0,3.0,5.0
586,2003,48,2003-12-12,32.857142857142854,17.571428571428573,25.214285714285715,0.005714285714285714,0.1142857142857143,4.0,7.0,2.0,6.0
587,2003,52,2003-12-12,35.57142857142857,22.428571428571427,29.0,0.0014285714285714286,0.0,3.0,6.0,2.0,4.0
588,2004,2,2004-12-19,20.142857142857142,8.857142857142858,14.5,0.0,0.0,0.0,7.0,6.0,7.0
589,2004,6,2004-12-19,20.714285714285715,4.142857142857143,12.428571428571429,0.06999999999999999,1.2714285714285716,12.714285714285714,7.0,7.0,7.0
590,2004,8,2004-12-19,34.142857142857146,21.285714285714285,27.714285714285715,0.03285714285714286,0.34285714285714286,8.714285714285714,6.0,2.0,4.0
591,2004,14,2004-12-19,51.714285714285715,29.857142857142858,40.785714285714285,0.0,0.0,0.0,5.0,0.0,0.0
592,2004,32,2004-12-19,79.57142857142857,62.42857142857143,71.0,0.03142857142857143,0.0,0.0,0.0,0.0,0.0
593,2004,37,2004-12-19,76.85714285714286,57.714285714285715,67.28571428571429,0.0,0.0,0.0,0.0,0.0,0.0
594,2004,39,2004-12-19,75.42857142857143,57.142857142857146,66.28571428571429,0.0642857142857143,0.0,0.0,0.0,0.0,0.0
595,2004,41,2004-12-19,67.28571428571429,45.57142857142857,56.42857142857143,0.04,0.0,0.0,0.0,0.0,0.0
596,2004,43,2004-12-19,56.857142857142854,42.57142857142857,49.714285714285715,0.032857142857142856,0.0,0.0,0.0,0.0,0.0
597,2004,47,2004-12-19,47.714285714285715,35.42857142857143,41.57142857142857,0.09,0.0,0.0,1.0,0.0,0.0
598,2005,53,2005-12-07,28.0,10.5,19.25,0.17,0.25,1.0,2.0,2.0,2.0
599,2005,8,2005-12-07,30.0,13.857142857142858,21.928571428571427,0.014285714285714285,0.14285714285714285,3.5714285714285716,7.0,4.0,7.0
600,2005,15,2005-12-07,64.85714285714286,45.142857142857146,55.0,0.2057142857142857,0.0,0.0,0.0,0.0,0.0
601,2005,16,2005-12-07,62.57142857142857,44.0,53.285714285714285,0.03,0.0,0.0,1.0,0.0,0.0
602,2005,18,2005-12-07,66.71428571428571,45.0,55.857142857142854,0.037142857142857144,0.0,0.0,2.0,0.0,0.0
603,2005,21,2005-12-07,67.71428571428571,51.285714285714285,59.5,0.04428571428571428,0.0,0.0,0.0,0.0,0.0
604,2006,4,2006-12-04,39.57142857142857,23.0,31.285714285714285,0.04142857142857143,0.14285714285714285,0.2857142857142857,7.0,0.0,2.0
605,2006,5,2006-12-04,32.42857142857143,17.142857142857142,24.785714285714285,0.03,0.07142857142857142,0.14285714285714285,7.0,2.0,6.0
606,2006,8,2006-12-04,32.857142857142854,12.571428571428571,22.714285714285715,0.0,0.0,0.0,7.0,3.0,7.0
607,2006,18,2006-12-04,64.0,47.857142857142854,55.92857142857143,0.06714285714285714,0.0,0.0,0.0,0.0,0.0
608,2006,32,2006-12-04,81.14285714285714,65.71428571428571,73.42857142857143,0.10428571428571429,0.0,0.0,0.0,0.0,0.0
609,2006,34,2006-12-04,79.28571428571429,61.714285714285715,70.5,0.2885714285714286,0.0,0.0,0.0,0.0,0.0
610,2007,11,2007-12-03,46.285714285714285,29.285714285714285,37.785714285714285,0.0,0.0,0.2857142857142857,4.0,0.0,1.0
611,2007,14,2007-12-03,37.0,20.285714285714285,28.642857142857142,0.01,0.05714285714285715,0.0,6.0,2.0,6.0
612,2007,15,2007-12-03,49.142857142857146,29.0,39.07142857142857,0.06,0.21428571428571427,0.2857142857142857,6.0,0.0,1.0
613,2007,31,2007-12-03,85.28571428571429,66.28571428571429,75.78571428571429,0.02142857142857143,0.0,0.0,0.0,0.0,0.0
614,2007,43,2007-12-03,56.42857142857143,36.57142857142857,46.5,0.0014285714285714286,0.0,0.0,1.0,0.0,0.0
615,2007,44,2007-12-03,58.857142857142854,37.57142857142857,48.214285714285715,0.0,0.0,0.0,0.0,0.0,0.0
616,2007,46,2007-12-03,46.0,32.714285714285715,39.357142857142854,0.008571428571428572,0.0,0.0,3.0,0.0,0.0
617,2007,49,2007-12-03,17.857142857142858,2.142857142857143,10.0,0.032857142857142856,0.5428571428571428,5.428571428571429,7.0,7.0,7.0
618,2008,1,2008-12-07,24.666666666666668,7.666666666666667,16.166666666666668,0.014444444444444446,0.15555555555555556,5.666666666666667,8.0,6.0,8.0
619,2008,4,2008-12-07,15.571428571428571,-0.2857142857142857,7.642857142857143,0.012857142857142857,0.14285714285714285,5.0,7.0,6.0,7.0
620,2008,10,2008-12-07,22.428571428571427,4.428571428571429,13.428571428571429,0.02,0.2,2.142857142857143,7.0,7.0,7.0
621,2008,12,2008-12-07,37.857142857142854,26.857142857142858,32.357142857142854,0.15142857142857144,1.5857142857142856,2.2857142857142856,6.0,0.0,3.0
622,2008,40,2008-12-07,61.714285714285715,43.142857142857146,52.42857142857143,0.028571428571428574,0.0,0.0,0.0,0.0,0.0
623,2009,9,2009-12-15,25.285714285714285,7.714285714285714,16.5,0.06571428571428571,0.8571428571428571,3.4285714285714284,7.0,5.0,7.0
624,2009,13,2009-12-15,42.285714285714285,27.285714285714285,34.785714285714285,0.11142857142857143,0.0,0.0,5.0,1.0,3.0
625,2009,23,2009-12-15,68.57142857142857,50.142857142857146,59.357142857142854,0.10857142857142857,0.0,0.0,0.0,0.0,0.0
626,2009,44,2009-12-15,53.0,37.714285714285715,45.357142857142854,0.10714285714285714,0.0,0.0,0.0,0.0,0.0
627,2009,49,2009-12-15,31.714285714285715,20.571428571428573,26.142857142857142,0.0,0.028571428571428574,0.0,7.0,4.0,5.0
628,2009,51,2009-12-15,18.142857142857142,7.0,12.571428571428571,0.024285714285714282,0.37142857142857144,5.571428571428571,7.0,7.0,7.0
629,2010,3,2010-12-03,31.285714285714285,23.142857142857142,27.214285714285715,0.04857142857142858,0.0,8.714285714285714,5.0,3.0,5.0
630,2010,33,2010-12-03,82.0,65.85714285714286,73.92857142857143,0.0,0.0,0.0,0.0,0.0,0.0
631,2010,37,2010-12-03,64.57142857142857,51.0,57.785714285714285,0.13142857142857142,0.0,0.0,0.0,0.0,0.0
632,2010,39,2010-12-03,67.42857142857143,46.57142857142857,57.0,0.0,0.0,0.0,0.0,0.0,0.0
633,2010,48,2010-12-03,25.714285714285715,15.0,20.357142857142858,0.1642857142857143,1.0142857142857142,2.142857142857143,6.0,5.0,6.0
634,2010,49,2010-12-03,21.142857142857142,8.428571428571429,14.785714285714286,0.1742857142857143,2.5142857142857147,8.0,7.0,6.0,7.0
635,2011,1,2011-12-16,16.571428571428573,2.5714285714285716,9.571428571428571,0.011428571428571429,0.2571428571428572,9.857142857142858,14.0,14.0,14.0
636,2011,29,2011-12-16,90.57142857142857,72.42857142857143,81.5,0.13714285714285718,0.0,0.0,0.0,0.0,0.0
637,2011,46,2011-12-16,40.857142857142854,25.142857142857142,33.0,0.03,0.42857142857142855,0.42857142857142855,10.0,2.0,8.0
638,2012,5,2012-12-22,36.57142857142857,25.857142857142858,31.214285714285715,0.0,0.0,0.2857142857142857,7.0,1.0,5.0
639,2012,6,2012-12-22,32.857142857142854,11.714285714285714,22.285714285714285,0.0,0.0,0.0,7.0,2.0,6.0
640,2012,9,2012-12-22,32.142857142857146,22.571428571428573,27.357142857142858,0.2085714285714286,0.5571428571428572,1.2857142857142858,7.0,3.0,5.0
641,2012,24,2012-12-22,75.85714285714286,58.714285714285715,67.28571428571429,0.3314285714285714,0.0,0.0,0.0,0.0,0.0
642,2012,47,2012-12-22,46.0,25.857142857142858,35.92857142857143,0.005714285714285714,0.08571428571428572,0.14285714285714285,4.0,3.0,3.0
643,2012,50,2012-12-22,33.57142857142857,16.428571428571427,25.0,0.06,0.042857142857142864,6.0,6.0,2.0,5.0
644,2013,22,2013-11-29,70.71428571428571,56.285714285714285,63.5,0.2285714285714286,0.0,0.0,0.0,0.0,0.0
645,2013,23,2013-11-29,65.71428571428571,54.42857142857143,60.07142857142857,0.10142857142857142,0.0,0.0,0.0,0.0,0.0
646,2013,30,2013-11-29,76.71428571428571,59.57142857142857,68.14285714285714,0.008571428571428572,0.0,0.0,0.0,0.0,0.0
647,2013,34,2013-11-29,89.57142857142857,71.0,80.28571428571429,0.0,0.0,0.0,0.0,0.0,0.0
648,2013,47,2013-11-29,35.714285714285715,19.714285714285715,27.714285714285715,0.0014285714285714286,0.0,0.0,6.0,2.0,4.0
649,2014,4,2014-11-27,17.428571428571427,-6.428571428571429,5.5,0.04571428571428571,0.8571428571428571,10.857142857142858,7.0,6.0,7.0
650,2014,11,2014-11-27,39.57142857142857,22.428571428571427,31.0,0.0,0.0,9.285714285714286,6.0,3.0,3.0
651,2014,12,2014-11-27,35.0,19.285714285714285,27.142857142857142,0.038571428571428576,0.4428571428571429,4.142857142857143,7.0,2.0,4.0
652,2014,15,2014-11-27,58.42857142857143,38.714285714285715,48.57142857142857,0.02,0.0,0.0,0.0,0.0,0.0
653,2014,22,2014-11-27,80.71428571428571,62.714285714285715,71.71428571428571,0.4342857142857143,0.0,0.0,0.0,0.0,0.0
654,2014,37,2014-11-27,65.14285714285714,48.714285714285715,56.92857142857143,0.03,0.0,0.0,0.0,0.0,0.0
655,2016,3,2016-12-15,19.0,9.285714285714286,14.142857142857142,0.004285714285714286,0.09999999999999999,5.0,7.0,7.0,7.0
656,2016,5,2016-12-15,31.714285714285715,16.0,23.857142857142858,0.08571428571428573,1.442857142857143,5.0,7.0,4.0,7.0
657,2016,22,2016-12-15,75.14285714285714,58.857142857142854,67.0,0.041428571428571426,0.0,0.0,0.0,0.0,0.0
658,2016,24,2016-12-15,82.42857142857143,66.0,74.21428571428571,0.2985714285714286,0.0,0.0,0.0,0.0,0.0
659,2016,33,2016-12-15,80.0,63.142857142857146,71.57142857142857,0.1457142857142857,0.0,0.0,0.0,0.0,0.0
660,2016,34,2016-12-15,78.42857142857143,62.0,70.21428571428571,0.15571428571428572,0.0,0.0,0.0,0.0,0.0
661,2016,48,2016-12-15,39.285714285714285,33.142857142857146,36.214285714285715,0.16571428571428573,0.34285714285714286,0.2857142857142857,3.0,0.0,2.0
662,2017,27,2017-12-14,86.71428571428571,67.57142857142857,77.14285714285714,0.05285714285714286,0.0,0.0,0.0,0.0,0.0
663,2017,33,2017-12-14,78.14285714285714,61.857142857142854,70.0,0.31285714285714283,0.0,0.0,0.0,0.0,0.0
664,2017,34,2017-12-14,73.85714285714286,60.142857142857146,67.0,0.3157142857142857,0.0,0.0,0.0,0.0,0.0
665,2017,36,2017-12-14,72.85714285714286,52.857142857142854,62.857142857142854,0.01,0.0,0.0,0.0,0.0,0.0
666,2017,44,2017-12-14,39.0,29.142857142857142,34.07142857142857,0.027142857142857142,0.07142857142857142,0.0,5.0,0.0,3.0
667,2017,47,2017-12-14,46.285714285714285,25.285714285714285,35.785714285714285,0.0,0.0,0.0,6.0,0.0,2.0
668,2018,6,2018-11-28,14.571428571428571,-1.1428571428571428,6.714285714285714,0.004285714285714286,0.09999999999999999,5.142857142857143,7.0,7.0,7.0
669,2018,10,2018-11-28,34.0,20.714285714285715,27.357142857142858,0.060000000000000005,0.6857142857142857,4.142857142857143,7.0,2.0,5.0
670,2018,16,2018-11-28,49.857142857142854,28.285714285714285,39.07142857142857,0.0,0.014285714285714287,5.142857142857143,5.0,0.0,1.0
671,2018,30,2018-11-28,81.42857142857143,61.57142857142857,71.5,0.030000000000000002,0.0,0.0,0.0,0.0,0.0
672,2018,34,2018-11-28,79.42857142857143,63.142857142857146,71.28571428571429,0.16285714285714287,0.0,0.0,0.0,0.0,0.0
673,2019,2,2019-12-02,31.285714285714285,18.285714285714285,24.785714285714285,0.0,0.0,0.0,6.0,3.0,6.0
674,2019,4,2019-12-02,14.857142857142858,-1.5714285714285714,6.642857142857143,0.04428571428571428,0.5571428571428572,0.8571428571428571,7.0,7.0,7.0
675,2019,19,2019-12-02,59.857142857142854,40.142857142857146,50.0,0.21142857142857144,0.0,0.0,0.0,0.0,0.0
676,2019,25,2019-12-02,77.0,60.142857142857146,68.57142857142857,0.09285714285714285,0.0,0.0,0.0,0.0,0.0
677,2019,34,2019-12-02,77.71428571428571,60.42857142857143,69.07142857142857,0.09142857142857143,0.0,0.0,0.0,0.0,0.0
678,2019,36,2019-12-02,73.14285714285714,58.714285714285715,65.92857142857143,0.06285714285714286,0.0,0.0,0.0,0.0,0.0
679,2019,41,2019-12-02,56.714285714285715,41.142857142857146,48.92857142857143,0.08142857142857143,0.0,0.0,0.0,0.0,0.0
680,2019,44,2019-12-02,38.857142857142854,28.0,33.42857142857143,0.01,0.028571428571428574,0.0,6.0,0.0,2.0
681,2019,52,2019-12-02,35.42857142857143,27.571428571428573,31.5,0.1457142857142857,0.014285714285714287,5.0,5.0,1.0,5.0
682,2020,6,2020-12-24,27.857142857142858,10.142857142857142,19.0,0.05857142857142857,0.7571428571428571,5.142857142857143,7.0,5.0,7.0
683,2020,10,2020-12-24,45.42857142857143,30.428571428571427,37.92857142857143,0.0,0.0,0.5714285714285714,5.0,0.0,1.0
684,2020,13,2020-12-24,49.857142857142854,34.714285714285715,42.285714285714285,0.25,0.1142857142857143,0.14285714285714285,1.0,0.0,0.0
685,2020,14,2020-12-24,53.0,30.142857142857142,41.57142857142857,0.021428571428571432,0.0,0.0,4.0,0.0,0.0
686,2015,4,,35.0,24.571428571428573,29.785714285714285,0.014285714285714287,0.15714285714285717,1.8571428571428572,7.0,2.0,5.0
687,2015,25,,79.28571428571429,60.57142857142857,69.92857142857143,0.18571428571428572,0.0,0.0,0.0,0.0,0.0
688,2015,32,,80.57142857142857,64.0,72.28571428571429,0.10571428571428572,0.0,0.0,0.0,0.0,0.0
689,2015,35,,74.71428571428571,56.285714285714285,65.5,0.0,0.0,0.0,0.0,0.0,0.0
690,2015,37,,72.85714285714286,54.857142857142854,63.857142857142854,0.06142857142857144,0.0,0.0,0.0,0.0,0.0
691,2015,51,,33.57142857142857,21.142857142857142,27.357142857142858,0.1442857142857143,0.09999999999999999,0.14285714285714285,6.0,3.0,3.0
692,2020,28,2020-12-24,86.14285714285714,69.0,77.57142857142857,0.1742857142857143,0.0,0.0,0.0,0.0,0.0
693,2020,45,2020-12-24,70.57142857142857,44.0,57.285714285714285,0.0,0.0,0.0,1.0,0.0,0.0
694,2020,47,2020-12-24,43.42857142857143,27.0,35.214285714285715,0.008571428571428572,0.07142857142857142,0.2857142857142857,6.0,0.0,2.0
695,2021,2,2021-12-08,34.142857142857146,24.571428571428573,29.357142857142858,0.06714285714285714,0.41428571428571426,7.285714285714286,6.0,1.0,4.0
696,2021,5,2021-12-08,18.714285714285715,5.285714285714286,12.0,0.028571428571428574,0.31428571428571433,7.428571428571429,7.0,5.0,7.0
697,2021,14,2021-12-08,64.42857142857143,46.142857142857146,55.285714285714285,0.21571428571428575,0.0,0.0,0.0,0.0,0.0
698,2021,19,2021-12-08,68.14285714285714,45.857142857142854,57.0,0.0014285714285714286,0.0,0.0,0.0,0.0,0.0
699,2021,25,2021-12-08,81.28571428571429,61.714285714285715,71.5,0.12,0.0,0.0,0.0,0.0,0.0
700,2021,27,2021-12-08,80.42857142857143,61.57142857142857,71.0,0.06142857142857143,0.0,0.0,0.0,0.0,0.0
701,2021,29,2021-12-08,90.0,69.28571428571429,79.64285714285714,0.011428571428571429,0.0,0.0,0.0,0.0,0.0
702,2021,46,2021-12-08,39.857142857142854,25.857142857142858,32.857142857142854,0.0,0.0,0.0,7.0,0.0,3.0
703,2021,49,2021-12-08,29.0,15.0,22.0,0.11714285714285715,1.885714285714286,4.428571428571429,7.0,5.0,7.0
704,2022,1,2022-12-08,18.428571428571427,-0.8571428571428571,8.785714285714286,0.017142857142857144,0.3,4.571428571428571,7.0,6.0,7.0
705,2022,6,2022-12-08,27.0,4.857142857142857,15.928571428571429,0.021428571428571432,0.31428571428571433,4.714285714285714,7.0,3.0,7.0
706,2022,11,2022-12-08,50.42857142857143,30.0,40.214285714285715,0.008571428571428572,0.1142857142857143,0.42857142857142855,5.0,0.0,0.0
707,2022,12,2022-12-08,42.857142857142854,28.857142857142858,35.857142857142854,0.13999999999999999,0.07142857142857142,0.0,3.0,0.0,2.0
708,2022,25,2022-12-08,89.0,68.42857142857143,78.71428571428571,0.03571428571428571,0.0,0.0,0.0,0.0,0.0
709,2022,27,2022-12-08,85.71428571428571,69.57142857142857,77.64285714285714,0.05714285714285714,0.0,0.0,0.0,0.0,0.0
710,2022,28,2022-12-08,86.28571428571429,66.71428571428571,76.5,0.0642857142857143,0.0,0.0,0.0,0.0,0.0
711,2022,30,2022-12-08,82.28571428571429,62.0,72.14285714285714,0.015714285714285715,0.0,0.0,0.0,0.0,0.0
712,2022,32,2022-12-08,78.57142857142857,61.714285714285715,70.14285714285714,0.1357142857142857,0.0,0.0,0.0,0.0,0.0
713,2022,39,2022-12-08,67.71428571428571,47.42857142857143,57.57142857142857,0.0014285714285714286,0.0,0.0,0.0,0.0,0.0
714,2022,40,2022-12-08,67.14285714285714,47.285714285714285,57.214285714285715,0.004285714285714286,0.0,0.0,0.0,0.0,0.0
715,2022,48,2022-12-08,31.142857142857142,12.714285714285714,21.928571428571427,0.1242857142857143,1.342857142857143,4.0,7.0,2.0,6.0
716,2023,52,2024-01-13,39.5,28.25,33.875,0.16125,0.1,0.875,6.0,2.0,4.0
717,2023,24,2024-01-13,81.71428571428571,58.714285714285715,70.21428571428571,0.0014285714285714286,0.0,0.0,0.0,0.0,0.0
718,2023,34,2024-01-13,86.71428571428571,67.57142857142857,77.14285714285714,0.0,0.0,0.0,0.0,0.0,0.0
719,2023,36,2024-01-13,79.28571428571429,61.57142857142857,70.42857142857143,0.008571428571428572,0.0,0.0,0.0,0.0,0.0
720,2023,39,2024-01-13,76.28571428571429,62.857142857142854,69.57142857142857,0.5114285714285713,0.0,0.0,0.0,0.0,0.0
721,2023,45,2024-01-13,50.142857142857146,36.714285714285715,43.42857142857143,0.002857142857142857,0.0,0.0,0.0,0.0,0.0
722,2023,47,2024-01-13,38.285714285714285,24.571428571428573,31.428571428571427,0.002857142857142857,0.07142857142857142,0.0,6.0,1.0,4.0
723,2024,3,,11.0,-2.0,4.5,0.0014285714285714286,0.014285714285714287,1.0,7.0,7.0,7.0
724,2024,4,,36.285714285714285,29.571428571428573,32.92857142857143,0.0,0.0,0.0,5.0,0.0,3.0
725,2024,21,,74.57142857142857,53.42857142857143,64.0,0.3985714285714286,0.0,0.0,0.0,0.0,0.0
726,2024,35,,82.0,64.0,73.0,0.3028571428571429,0.0,0.0,0.0,0.0,0.0
727,2024,43,,66.14285714285714,46.714285714285715,56.42857142857143,0.06857142857142857,0.0,0.0,0.0,0.0,0.0
728,1970,7,,19.571428571428573,2.4285714285714284,11.0,0.008571428571428572,0.3,14.857142857142858,7.0,6.0,7.0
729,1970,11,,28.714285714285715,13.142857142857142,20.928571428571427,0.0,0.0,7.857142857142857,7.0,6.0,7.0
730,1970,32,,80.28571428571429,62.142857142857146,71.21428571428571,0.09428571428571429,0.0,0.0,0.0,0.0,0.0
731,1970,36,,83.42857142857143,61.142857142857146,72.28571428571429,0.08857142857142856,0.0,0.0,0.0,0.0,0.0
732,1970,49,,36.285714285714285,18.0,27.142857142857142,0.014285714285714285,0.05714285714285715,0.2857142857142857,7.0,3.0,3.0
733,1970,53,,20.5,3.25,11.875,0.0,0.0,3.0,4.0,4.0,4.0
734,1971,4,,8.0,-10.285714285714286,-1.1428571428571428,0.06857142857142857,1.0571428571428572,10.714285714285714,7.0,7.0,7.0
735,1971,24,,85.14285714285714,66.0,75.57142857142857,0.11142857142857143,0.0,0.0,0.0,0.0,0.0
736,1971,41,,60.42857142857143,40.857142857142854,50.642857142857146,0.049999999999999996,0.0,0.0,1.0,0.0,0.0
737,1971,43,,54.57142857142857,38.57142857142857,46.57142857142857,0.5485714285714286,0.0,0.0,1.0,0.0,0.0
738,1971,47,,30.571428571428573,23.285714285714285,26.928571428571427,0.1457142857142857,1.8285714285714285,3.4285714285714284,7.0,4.0,7.0
739,1971,49,,26.714285714285715,13.428571428571429,20.071428571428573,0.0071428571428571435,0.08571428571428572,5.571428571428571,7.0,3.0,6.0
740,1972,4,,0.2857142857142857,-16.142857142857142,-7.928571428571429,0.05714285714285715,0.9428571428571428,14.285714285714286,7.0,7.0,7.0
741,1972,30,,76.57142857142857,59.0,67.78571428571429,0.14285714285714285,0.0,0.0,0.0,0.0,0.0
742,1972,37,,73.28571428571429,50.57142857142857,61.92857142857143,0.04428571428571428,0.0,0.0,0.0,0.0,0.0
743,1972,49,,3.857142857142857,-9.714285714285714,-2.9285714285714284,0.02428571428571429,0.7285714285714285,3.2857142857142856,7.0,7.0,7.0
744,1974,5,,21.285714285714285,4.285714285714286,12.785714285714286,0.048571428571428564,0.9714285714285715,8.142857142857142,7.0,5.0,7.0
745,1974,7,,31.571428571428573,11.285714285714286,21.428571428571427,0.02,0.3,10.857142857142858,7.0,4.0,7.0
746,1974,42,,54.42857142857143,33.0,43.714285714285715,0.0,0.0,0.0,2.0,0.0,0.0
747,1974,45,,47.57142857142857,33.0,40.285714285714285,0.045714285714285714,0.0,0.0,3.0,0.0,1.0
748,1975,3,,16.857142857142858,-1.2857142857142858,7.785714285714286,0.02714285714285714,0.3714285714285715,9.285714285714286,7.0,7.0,7.0
749,1975,5,,19.571428571428573,2.7142857142857144,11.142857142857142,0.060000000000000005,0.7285714285714286,14.571428571428571,7.0,7.0,7.0
750,1975,15,,42.714285714285715,28.0,35.357142857142854,0.030000000000000002,0.31428571428571433,3.2857142857142856,7.0,0.0,0.0
751,1975,32,,83.57142857142857,62.57142857142857,73.07142857142857,0.04428571428571428,0.0,0.0,0.0,0.0,0.0
752,1978,52,1978-12-02,16.125,0.625,8.375,0.015000000000000001,0.2125,10.5,8.0,8.0,8.0
753,1978,1,1978-12-02,18.571428571428573,3.0,10.785714285714286,0.002857142857142857,0.05714285714285715,5.285714285714286,7.0,7.0,7.0
754,1978,8,1978-12-02,25.857142857142858,9.428571428571429,17.642857142857142,0.015714285714285715,0.2571428571428572,7.571428571428571,7.0,5.0,7.0
755,1978,12,1978-12-02,45.0,27.0,36.0,0.011428571428571429,0.1142857142857143,0.42857142857142855,6.0,0.0,1.0
756,1978,23,1978-12-02,79.42857142857143,52.857142857142854,66.14285714285714,0.06857142857142857,0.0,0.0,0.0,0.0,0.0
757,1978,25,1978-12-02,77.85714285714286,59.714285714285715,68.78571428571429,0.5142857142857142,0.0,0.0,0.0,0.0,0.0
758,1978,27,1978-12-02,79.57142857142857,62.285714285714285,70.92857142857143,0.13714285714285715,0.0,0.0,0.0,0.0,0.0
759,1978,29,1978-12-02,80.14285714285714,61.714285714285715,70.92857142857143,0.1842857142857143,0.0,0.0,0.0,0.0,0.0
760,1978,33,1978-12-02,84.28571428571429,62.142857142857146,73.21428571428571,0.15857142857142856,0.0,0.0,0.0,0.0,0.0
761,1978,45,1978-12-02,50.285714285714285,35.42857142857143,42.857142857142854,0.06571428571428571,0.2285714285714286,0.14285714285714285,3.0,0.0,0.0
762,1979,3,1979-12-13,15.857142857142858,1.0,8.428571428571429,0.06428571428571428,0.7,13.571428571428571,7.0,7.0,7.0
763,1979,6,1979-12-13,9.714285714285714,-9.857142857142858,-0.07142857142857142,0.045714285714285714,0.7285714285714285,19.571428571428573,7.0,7.0,7.0
764,1979,9,1979-12-13,34.57142857142857,22.0,28.285714285714285,0.11428571428571428,0.6142857142857142,18.857142857142858,7.0,0.0,5.0
765,1979,12,1979-12-13,38.57142857142857,30.571428571428573,34.57142857142857,0.08714285714285715,0.35714285714285715,3.7142857142857144,3.0,0.0,2.0
766,1979,14,1979-12-13,40.142857142857146,21.714285714285715,30.928571428571427,0.005714285714285714,0.07142857142857142,0.14285714285714285,6.0,0.0,3.0
767,1979,23,1979-12-13,77.28571428571429,56.857142857142854,67.07142857142857,0.18285714285714286,0.0,0.0,0.0,0.0,0.0
768,1979,26,1979-12-13,81.14285714285714,59.57142857142857,70.35714285714286,0.23285714285714285,0.0,0.0,0.0,0.0,0.0
769,1979,27,1979-12-13,80.14285714285714,61.285714285714285,70.71428571428571,0.08571428571428572,0.0,0.0,0.0,0.0,0.0
770,1979,37,1979-12-13,70.42857142857143,52.857142857142854,61.642857142857146,0.25142857142857145,0.0,0.0,0.0,0.0,0.0
771,1979,42,1979-12-13,64.42857142857143,44.42857142857143,54.42857142857143,0.16,0.0,0.0,0.0,0.0,0.0
772,1979,47,1979-12-13,40.42857142857143,27.571428571428573,34.0,0.09857142857142857,0.5857142857142856,0.7142857142857143,4.0,0.0,3.0
773,1979,49,1979-12-13,39.714285714285715,21.0,30.357142857142858,0.027142857142857142,0.09999999999999999,0.0,7.0,1.0,4.0
774,1980,1,1980-12-09,30.555555555555557,19.77777777777778,25.166666666666668,0.04777777777777778,0.7333333333333333,0.4444444444444444,9.0,5.0,7.0
775,1980,2,1980-12-09,25.0,-2.0,11.5,0.017142857142857144,0.2,4.857142857142857,7.0,4.0,6.0
776,1980,5,1980-12-09,11.285714285714286,-5.285714285714286,3.0,0.002857142857142857,0.09999999999999999,4.0,7.0,7.0,7.0
777,1980,7,1980-12-09,19.857142857142858,2.4285714285714284,11.142857142857142,0.004285714285714286,0.08571428571428573,5.571428571428571,7.0,7.0,7.0
778,1980,9,1980-12-09,20.714285714285715,1.0,10.857142857142858,0.018571428571428572,0.2857142857142857,2.0,7.0,6.0,7.0
779,1980,11,1980-12-09,34.857142857142854,14.714285714285714,24.785714285714285,0.07428571428571429,0.5714285714285714,4.0,7.0,1.0,5.0
780,1980,15,1980-12-09,42.142857142857146,30.0,36.07142857142857,0.10142857142857142,1.0857142857142856,2.142857142857143,5.0,0.0,2.0
781,1980,24,1980-12-09,77.71428571428571,56.0,66.85714285714286,0.05142857142857143,0.0,0.0,0.0,0.0,0.0
782,1980,27,1980-12-09,83.42857142857143,57.42857142857143,70.42857142857143,0.0,0.0,0.0,0.0,0.0,0.0
783,1980,39,1980-12-09,60.857142857142854,39.857142857142854,50.357142857142854,0.014285714285714285,0.0,0.0,1.0,0.0,0.0
784,1980,43,1980-12-09,47.714285714285715,34.0,40.857142857142854,0.047142857142857146,0.0,0.0,2.0,0.0,0.0
785,1980,49,1980-12-09,30.285714285714285,18.142857142857142,24.214285714285715,0.017142857142857144,0.14285714285714285,0.0,5.0,3.0,5.0
786,1981,12,1981-12-15,46.42857142857143,23.714285714285715,35.07142857142857,0.0,0.0,0.0,7.0,0.0,1.0
787,1975,38,,63.857142857142854,48.857142857142854,56.357142857142854,0.07,0.0,0.0,0.0,0.0,0.0
788,1975,42,,64.42857142857143,39.857142857142854,52.142857142857146,0.0,0.0,0.0,1.0,0.0,0.0
789,1975,50,,33.714285714285715,19.142857142857142,26.428571428571427,0.09714285714285713,0.37142857142857144,1.0,6.0,2.0,5.0
790,1976,7,,39.714285714285715,25.285714285714285,32.5,0.04142857142857143,0.0,4.285714285714286,5.0,0.0,3.0
791,1976,8,,36.0,28.285714285714285,32.142857142857146,0.015714285714285715,0.21428571428571427,0.8571428571428571,5.0,1.0,2.0
792,1976,13,,56.142857142857146,30.428571428571427,43.285714285714285,0.054285714285714284,0.0,0.0,3.0,0.0,0.0
793,1976,24,,92.42857142857143,68.0,80.21428571428571,0.06999999999999999,0.0,0.0,0.0,0.0,0.0
794,1976,33,,83.71428571428571,60.285714285714285,72.0,0.12428571428571429,0.0,0.0,0.0,0.0,0.0
795,1976,37,,85.42857142857143,56.57142857142857,71.0,0.03142857142857143,0.0,0.0,0.0,0.0,0.0
796,1976,41,,56.857142857142854,33.714285714285715,45.285714285714285,0.032857142857142856,0.0,0.0,3.0,0.0,0.0
797,1976,42,,60.57142857142857,39.0,49.785714285714285,0.0,0.0,0.0,1.0,0.0,0.0
798,1976,52,,24.857142857142858,6.428571428571429,15.642857142857142,0.015714285714285715,0.2714285714285714,0.14285714285714285,7.0,6.0,7.0
799,1977,1,,7.714285714285714,-14.571428571428571,-3.4285714285714284,0.03571428571428571,0.6428571428571429,4.428571428571429,7.0,7.0,7.0
800,1977,8,,36.714285714285715,21.428571428571427,29.071428571428573,0.11714285714285715,0.07142857142857142,0.0,6.0,2.0,4.0
801,1977,22,,77.71428571428571,57.285714285714285,67.5,0.31000000000000005,0.0,0.0,0.0,0.0,0.0
802,1977,37,,71.42857142857143,51.285714285714285,61.357142857142854,0.06142857142857143,0.0,0.0,0.0,0.0,0.0
803,1977,44,,56.42857142857143,36.714285714285715,46.57142857142857,0.10285714285714286,0.0,0.0,2.0,0.0,0.0
804,1977,45,,44.57142857142857,32.0,38.285714285714285,0.04714285714285714,0.14285714285714285,0.14285714285714285,5.0,0.0,3.0
805,1981,21,1981-12-15,73.85714285714286,49.0,61.42857142857143,0.07142857142857142,0.0,0.0,0.0,0.0,0.0
806,1981,49,1981-12-15,32.285714285714285,19.142857142857142,25.714285714285715,0.06142857142857144,0.8714285714285713,6.142857142857143,7.0,3.0,5.0
807,1982,8,1982-12-11,35.42857142857143,17.285714285714285,26.357142857142858,0.015714285714285715,0.34285714285714286,12.428571428571429,7.0,2.0,5.0
808,1982,28,1982-12-11,87.14285714285714,66.0,76.57142857142857,0.0,0.0,0.0,0.0,0.0,0.0
809,1982,30,1982-12-11,85.42857142857143,63.285714285714285,74.35714285714286,0.014285714285714287,0.0,0.0,0.0,0.0,0.0
810,1982,32,1982-12-11,77.57142857142857,57.0,67.28571428571429,0.005714285714285714,0.0,0.0,0.0,0.0,0.0
811,1982,34,1982-12-11,75.0,56.0,65.5,0.2642857142857143,0.0,0.0,0.0,0.0,0.0
812,1982,36,1982-12-11,76.28571428571429,61.142857142857146,68.71428571428571,0.07142857142857142,0.0,0.0,0.0,0.0,0.0
813,1983,6,1983-12-02,29.142857142857142,19.857142857142858,24.5,0.032857142857142856,0.41428571428571426,12.857142857142858,6.0,3.0,5.0
814,1983,8,1983-12-02,38.0,25.857142857142858,31.928571428571427,0.0,0.0,5.714285714285714,5.0,1.0,3.0
815,1983,22,1983-12-02,67.85714285714286,49.0,58.42857142857143,0.2442857142857143,0.0,0.0,0.0,0.0,0.0
816,1983,24,1983-12-02,74.71428571428571,55.857142857142854,65.28571428571429,0.1742857142857143,0.0,0.0,0.0,0.0,0.0
817,1983,33,1983-12-02,86.42857142857143,67.0,76.71428571428571,0.16142857142857142,0.0,0.0,0.0,0.0,0.0
818,1983,39,1983-12-02,78.85714285714286,58.714285714285715,68.78571428571429,0.032857142857142856,0.0,0.0,0.0,0.0,0.0
819,1983,41,1983-12-02,51.42857142857143,37.857142857142854,44.642857142857146,0.2842857142857143,0.0,0.0,2.0,0.0,0.0
820,1983,45,1983-12-02,39.42857142857143,29.857142857142858,34.642857142857146,0.21714285714285714,0.7142857142857143,0.0,5.0,1.0,3.0
821,1983,47,1983-12-02,29.714285714285715,20.857142857142858,25.285714285714285,0.19,2.3285714285714287,5.142857142857143,7.0,6.0,6.0
822,1984,10,1984-12-06,18.428571428571427,-2.0,8.214285714285714,0.03571428571428571,0.5285714285714286,8.285714285714286,7.0,7.0,7.0
823,1984,33,1984-12-06,85.28571428571429,67.14285714285714,76.21428571428571,0.002857142857142857,0.0,0.0,0.0,0.0,0.0
824,1984,40,1984-12-06,66.71428571428571,47.0,56.857142857142854,0.05285714285714286,0.0,0.0,0.0,0.0,0.0
825,1984,49,1984-12-06,27.714285714285715,7.142857142857143,17.428571428571427,0.002857142857142857,0.05714285714285715,3.4285714285714284,7.0,4.0,5.0
826,1985,2,1985-11-27,22.857142857142858,5.857142857142857,14.357142857142858,0.037142857142857144,0.6857142857142857,3.7142857142857144,7.0,5.0,7.0
827,1985,5,1985-11-27,8.142857142857142,-10.571428571428571,-1.2142857142857142,0.01,0.1285714285714286,7.0,7.0,7.0,7.0
828,1985,10,1985-11-27,38.0,18.857142857142858,28.428571428571427,0.06857142857142857,0.5999999999999999,10.857142857142858,7.0,2.0,3.0
829,1985,18,1985-11-27,74.28571428571429,52.857142857142854,63.57142857142857,0.012857142857142857,0.0,0.0,0.0,0.0,0.0
830,1985,20,1985-11-27,68.42857142857143,49.0,58.714285714285715,0.1442857142857143,0.0,0.0,0.0,0.0,0.0
831,1985,21,1985-11-27,71.85714285714286,49.42857142857143,60.642857142857146,0.044285714285714296,0.0,0.0,0.0,0.0,0.0
832,1985,23,1985-11-27,77.71428571428571,53.42857142857143,65.57142857142857,0.0,0.0,0.0,0.0,0.0,0.0
833,1985,27,1985-11-27,87.85714285714286,63.857142857142854,75.85714285714286,0.01,0.0,0.0,0.0,0.0,0.0
834,1985,36,1985-11-27,84.71428571428571,62.857142857142854,73.78571428571429,0.16714285714285712,0.0,0.0,0.0,0.0,0.0
835,1985,47,1985-11-27,25.428571428571427,10.142857142857142,17.785714285714285,0.06142857142857142,0.6,1.2857142857142858,6.0,5.0,6.0
836,1986,3,1986-12-05,32.285714285714285,19.428571428571427,25.857142857142858,0.0014285714285714286,0.0,8.0,7.0,2.0,6.0
837,1986,4,1986-12-05,25.857142857142858,12.0,18.928571428571427,0.07428571428571429,0.7999999999999999,10.285714285714286,7.0,4.0,6.0
838,1986,21,1986-12-05,67.14285714285714,44.285714285714285,55.714285714285715,0.11285714285714286,0.0,0.0,0.0,0.0,0.0
839,1986,37,1986-12-05,61.42857142857143,47.57142857142857,54.5,0.33428571428571424,0.0,0.0,0.0,0.0,0.0
840,1986,42,1986-12-05,55.142857142857146,34.714285714285715,44.92857142857143,0.0,0.0,0.0,0.0,0.0,0.0
841,1986,46,1986-12-05,25.571428571428573,7.285714285714286,16.428571428571427,0.008571428571428572,0.1285714285714286,0.7142857142857143,7.0,5.0,7.0
842,1986,47,1986-12-05,31.714285714285715,15.571428571428571,23.642857142857142,0.047142857142857146,0.4714285714285715,2.142857142857143,7.0,2.0,7.0
843,1986,50,1986-12-05,23.857142857142858,5.714285714285714,14.785714285714286,0.008571428571428572,0.15714285714285717,0.8571428571428571,7.0,6.0,7.0
844,1987,2,1987-12-17,35.142857142857146,22.857142857142858,29.0,0.012857142857142857,0.0,0.0,7.0,2.0,5.0
845,1987,23,1987-12-17,84.85714285714286,58.285714285714285,71.57142857142857,0.0014285714285714286,0.0,0.0,0.0,0.0,0.0
846,1987,36,1987-12-17,77.42857142857143,55.0,66.21428571428571,0.0,0.0,0.0,0.0,0.0,0.0
847,1987,49,1987-12-17,30.285714285714285,22.142857142857142,26.214285714285715,0.022857142857142857,0.21428571428571427,1.4285714285714286,7.0,4.0,6.0
848,1988,53,1988-12-01,15.0,-4.0,5.5,0.0,0.0,4.0,3.0,3.0,3.0
849,1988,35,1988-12-01,76.85714285714286,54.42857142857143,65.64285714285714,0.09571428571428572,0.0,0.0,0.0,0.0,0.0
850,1988,43,1988-12-01,42.0,23.714285714285715,32.857142857142854,0.015714285714285715,0.0,0.0,7.0,0.0,3.0
851,1988,51,1988-12-01,33.285714285714285,17.0,25.142857142857142,0.01,0.028571428571428574,0.14285714285714285,7.0,2.0,5.0
852,1988,52,1988-12-01,23.833333333333332,3.1666666666666665,13.5,0.08,0.8666666666666666,3.8333333333333335,6.0,4.0,6.0
853,1989,5,1989-12-03,14.285714285714286,-3.142857142857143,5.571428571428571,0.045714285714285714,0.8857142857142858,3.0,7.0,5.0,5.0
854,1989,13,1989-12-03,52.857142857142854,34.142857142857146,43.5,0.02,0.0,0.0,4.0,0.0,1.0
855,1989,24,1989-12-03,75.14285714285714,52.42857142857143,63.785714285714285,0.2285714285714286,0.0,0.0,0.0,0.0,0.0
856,1989,26,1989-12-03,85.85714285714286,64.14285714285714,75.0,0.19428571428571426,0.0,0.0,0.0,0.0,0.0
857,1989,42,1989-12-03,54.285714285714285,30.428571428571427,42.357142857142854,0.0,0.0,0.0,4.0,0.0,0.0
858,1989,44,1989-12-03,41.42857142857143,27.714285714285715,34.57142857142857,0.08,0.19999999999999998,0.14285714285714285,5.0,1.0,2.0
859,1989,47,1989-12-03,32.285714285714285,13.0,22.642857142857142,0.045714285714285714,0.8142857142857142,2.7142857142857144,7.0,3.0,6.0
860,1989,50,1989-12-03,8.714285714285714,-4.571428571428571,2.0714285714285716,0.018571428571428572,0.39999999999999997,0.7142857142857143,7.0,7.0,7.0
861,1990,4,1990-12-18,35.285714285714285,19.714285714285715,27.5,0.014285714285714285,0.14285714285714285,0.14285714285714285,7.0,1.0,5.0
862,1990,25,1990-12-18,79.28571428571429,59.714285714285715,69.5,0.20285714285714287,0.0,0.0,0.0,0.0,0.0
863,1990,38,1990-12-18,62.42857142857143,46.57142857142857,54.5,0.12857142857142856,0.0,0.0,0.0,0.0,0.0
864,1991,4,1991-11-25,18.142857142857142,0.0,9.071428571428571,0.022857142857142857,0.35714285714285715,6.428571428571429,7.0,6.0,7.0
865,1991,7,1991-11-25,28.714285714285715,7.0,17.857142857142858,0.03571428571428571,0.45714285714285713,1.5714285714285714,7.0,3.0,7.0
866,1991,19,1991-11-25,67.42857142857143,49.57142857142857,58.5,0.0071428571428571435,0.0,0.0,0.0,0.0,0.0
867,1991,34,1991-11-25,81.42857142857143,59.714285714285715,70.57142857142857,0.14142857142857143,0.0,0.0,0.0,0.0,0.0
868,1991,42,1991-11-25,56.857142857142854,33.714285714285715,45.285714285714285,0.0,0.0,0.0,4.0,0.0,0.0
869,1991,52,1991-11-25,32.714285714285715,22.714285714285715,27.714285714285715,0.0014285714285714286,0.014285714285714287,8.428571428571429,7.0,2.0,7.0
870,1992,6,1992-12-18,30.285714285714285,17.0,23.642857142857142,0.0014285714285714286,0.028571428571428574,6.428571428571429,7.0,3.0,5.0
871,1992,22,1992-12-18,68.85714285714286,44.42857142857143,56.642857142857146,0.049999999999999996,0.0,0.0,0.0,0.0,0.0
872,1992,31,1992-12-18,77.57142857142857,56.285714285714285,66.92857142857143,0.16714285714285712,0.0,0.0,0.0,0.0,0.0
873,1992,38,1992-12-18,71.0,51.57142857142857,61.285714285714285,0.5057142857142857,0.0,0.0,0.0,0.0,0.0
874,1992,42,1992-12-18,46.0,32.142857142857146,39.07142857142857,0.037142857142857144,0.1142857142857143,0.0,4.0,0.0,1.0
875,1992,49,1992-12-18,30.0,16.714285714285715,23.357142857142858,0.025714285714285714,0.2571428571428572,0.42857142857142855,7.0,5.0,7.0
876,1992,53,1992-12-18,17.75,6.0,11.875,0.07500000000000001,0.9750000000000001,3.75,4.0,4.0,4.0
877,1993,3,1993-12-11,28.142857142857142,10.714285714285714,19.428571428571427,0.044285714285714296,0.2285714285714286,10.0,7.0,3.0,7.0
878,1993,4,1993-12-11,30.142857142857142,7.428571428571429,18.785714285714285,0.009999999999999998,0.15714285714285717,9.142857142857142,6.0,4.0,6.0
879,1993,5,1993-12-11,34.57142857142857,23.571428571428573,29.071428571428573,0.0014285714285714286,0.0,5.571428571428571,7.0,2.0,6.0
880,1993,14,1993-12-11,49.0,32.857142857142854,40.92857142857143,0.13571428571428573,0.0,0.0,2.0,0.0,0.0
881,1993,15,1993-12-11,54.285714285714285,34.285714285714285,44.285714285714285,0.04,0.07142857142857142,0.0,1.0,0.0,0.0
882,1993,34,1993-12-11,81.85714285714286,64.28571428571429,73.07142857142857,0.16285714285714287,0.0,0.0,0.0,0.0,0.0
883,1993,35,1993-12-11,71.42857142857143,52.0,61.714285714285715,0.10857142857142857,0.0,0.0,0.0,0.0,0.0
884,1993,37,1993-12-11,59.42857142857143,44.42857142857143,51.92857142857143,0.13857142857142857,0.0,0.0,0.0,0.0,0.0
885,1993,40,1993-12-11,61.142857142857146,36.142857142857146,48.642857142857146,0.04285714285714286,0.0,0.0,2.0,0.0,0.0
886,1993,49,1993-12-11,34.714285714285715,17.571428571428573,26.142857142857142,0.005714285714285714,0.05714285714285715,1.5714285714285714,7.0,2.0,5.0
887,1994,52,1994-12-11,31.875,17.625,24.75,0.01625,0.175,0.625,8.0,3.0,6.0
888,1994,16,1994-12-11,67.28571428571429,43.714285714285715,55.5,0.12142857142857143,0.0,0.0,1.0,0.0,0.0
889,1994,17,1994-12-11,50.142857142857146,34.0,42.07142857142857,0.24714285714285714,0.6714285714285715,0.2857142857142857,3.0,0.0,0.0
890,1994,20,1994-12-11,80.71428571428571,54.0,67.35714285714286,0.0642857142857143,0.0,0.0,0.0,0.0,0.0
891,1994,26,1994-12-11,79.28571428571429,59.42857142857143,69.35714285714286,0.012857142857142857,0.0,0.0,0.0,0.0,0.0
892,1994,29,1994-12-11,81.85714285714286,60.714285714285715,71.28571428571429,0.0842857142857143,0.0,0.0,0.0,0.0,0.0
893,1994,30,1994-12-11,79.85714285714286,58.57142857142857,69.21428571428571,0.015714285714285715,0.0,0.0,0.0,0.0,0.0
894,1994,34,1994-12-11,84.14285714285714,60.714285714285715,72.42857142857143,0.13571428571428573,0.0,0.0,0.0,0.0,0.0
895,1995,6,1995-11-28,21.428571428571427,1.5714285714285714,11.5,0.0071428571428571435,0.09999999999999999,0.0,7.0,5.0,7.0
896,1995,31,1995-11-28,81.71428571428571,62.857142857142854,72.28571428571429,0.37857142857142856,0.0,0.0,0.0,0.0,0.0
897,1995,40,1995-11-28,57.714285714285715,43.42857142857143,50.57142857142857,0.24714285714285714,0.0,0.0,0.0,0.0,0.0
898,1995,45,1995-11-28,34.0,19.714285714285715,26.857142857142858,0.01,0.1142857142857143,0.14285714285714285,7.0,3.0,6.0
899,1996,4,1996-11-25,14.0,-5.714285714285714,4.142857142857143,0.04428571428571428,0.7571428571428571,9.285714285714286,7.0,7.0,7.0
900,1996,12,1996-11-25,38.0,21.142857142857142,29.571428571428573,0.14714285714285716,1.1428571428571428,0.42857142857142855,7.0,0.0,7.0
901,1996,28,1996-11-25,75.85714285714286,57.857142857142854,66.85714285714286,0.03428571428571429,0.0,0.0,0.0,0.0,0.0
902,1996,29,1996-11-25,84.0,63.714285714285715,73.85714285714286,0.0014285714285714286,0.0,0.0,0.0,0.0,0.0
903,1997,17,1997-12-26,61.285714285714285,36.142857142857146,48.714285714285715,0.004285714285714286,0.0,,2.0,0.0,0.0
904,1997,20,1997-12-26,62.0,38.42857142857143,50.214285714285715,0.05142857142857143,0.0,0.0,1.0,0.0,0.0
905,1997,21,1997-12-26,66.14285714285714,45.42857142857143,55.785714285714285,0.05714285714285715,0.0,0.0,0.0,0.0,0.0
906,1997,22,1997-12-26,71.0,48.285714285714285,59.642857142857146,0.03,0.0,0.0,0.0,0.0,0.0
907,1997,36,1997-12-26,74.85714285714286,57.285714285714285,66.07142857142857,0.06857142857142857,0.0,0.0,0.0,0.0,0.0
908,1997,38,1997-12-26,71.42857142857143,51.285714285714285,61.357142857142854,0.2814285714285714,0.0,0.0,0.0,0.0,0.0
909,1997,46,1997-12-26,29.285714285714285,17.857142857142858,23.571428571428573,0.06285714285714286,0.8285714285714285,2.142857142857143,7.0,4.0,7.0
910,1997,47,1997-12-26,28.714285714285715,13.571428571428571,21.142857142857142,0.018571428571428572,0.24285714285714285,4.0,7.0,4.0,7.0
911,1997,48,1997-12-26,38.857142857142854,19.857142857142858,29.357142857142858,0.0,0.0,1.4285714285714286,7.0,0.0,3.0
912,1998,6,1998-12-25,30.714285714285715,10.142857142857142,20.428571428571427,0.0014285714285714286,0.014285714285714287,7.0,7.0,5.0,7.0
913,1998,12,1998-12-25,41.0,24.0,32.5,0.04,0.5142857142857143,0.42857142857142855,7.0,0.0,1.0
914,1998,17,1998-12-25,69.0,41.714285714285715,55.357142857142854,0.012857142857142859,0.0,0.0,0.0,0.0,0.0
915,1998,19,1998-12-25,72.71428571428571,47.142857142857146,59.92857142857143,0.2057142857142857,0.0,0.0,0.0,0.0,0.0
916,1998,24,1998-12-25,70.14285714285714,54.0,62.07142857142857,0.13285714285714284,0.0,0.0,0.0,0.0,0.0
917,1998,49,1998-12-25,53.0,30.0,41.5,0.032857142857142856,0.0,0.0,4.0,0.0,1.0
918,1999,1,1999-12-21,5.857142857142857,-12.857142857142858,-3.5,0.049999999999999996,0.6571428571428571,4.142857142857143,7.0,7.0,7.0
919,1999,4,1999-12-21,27.857142857142858,14.571428571428571,21.214285714285715,0.017142857142857144,0.0,8.714285714285714,7.0,6.0,7.0
920,1999,28,1999-12-21,85.0,67.42857142857143,76.21428571428571,0.004285714285714286,0.0,0.0,0.0,0.0,0.0
921,1999,31,1999-12-21,81.85714285714286,59.285714285714285,70.57142857142857,0.012857142857142857,0.0,0.0,0.0,0.0,0.0
922,2000,19,2000-12-05,62.857142857142854,45.714285714285715,54.285714285714285,0.16857142857142857,0.0,0.0,0.0,0.0,0.0
923,2000,20,2000-12-05,66.28571428571429,46.285714285714285,56.285714285714285,0.21571428571428575,0.0,0.0,0.0,0.0,0.0
924,2000,30,2000-12-05,81.57142857142857,64.14285714285714,72.85714285714286,0.16,0.0,0.0,0.0,0.0,0.0
925,2000,34,2000-12-05,79.42857142857143,63.42857142857143,71.42857142857143,0.047142857142857146,0.0,0.0,0.0,0.0,0.0
926,2000,38,2000-12-05,63.285714285714285,46.285714285714285,54.785714285714285,0.015714285714285715,0.0,0.0,1.0,0.0,0.0
927,2000,39,2000-12-05,74.85714285714286,49.42857142857143,62.142857142857146,0.0,0.0,0.0,0.0,0.0,0.0
928,2000,46,2000-12-05,29.857142857142858,20.857142857142858,25.357142857142858,0.05142857142857143,1.0428571428571427,1.8571428571428572,7.0,4.0,6.0
929,2000,51,2000-12-05,6.571428571428571,-5.428571428571429,0.5714285714285714,0.04571428571428572,1.1428571428571428,12.571428571428571,7.0,7.0,7.0
930,2001,1,2002-01-02,28.125,9.5,18.8125,0.00125,0.025,10.0,8.0,5.0,8.0
931,2001,9,2002-01-02,28.0,7.571428571428571,17.785714285714285,0.0,0.0,19.285714285714285,7.0,5.0,7.0
932,2001,24,2002-01-02,79.57142857142857,60.714285714285715,70.14285714285714,0.5871428571428571,0.0,0.0,0.0,0.0,0.0
933,2001,28,2002-01-02,87.71428571428571,66.42857142857143,77.07142857142857,0.0,0.0,0.0,0.0,0.0,0.0
934,2001,31,2002-01-02,92.0,73.28571428571429,82.64285714285714,0.027142857142857142,0.0,0.0,0.0,0.0,0.0
935,2001,32,2002-01-02,87.85714285714286,67.57142857142857,77.71428571428571,0.005714285714285714,0.0,0.0,0.0,0.0,0.0
936,2001,36,2002-01-02,77.42857142857143,59.42857142857143,68.42857142857143,0.19142857142857142,0.0,0.0,0.0,0.0,0.0
937,2002,4,2002-12-03,39.142857142857146,21.571428571428573,30.357142857142858,0.0,0.0,1.8571428571428572,7.0,1.0,4.0
938,2002,30,2002-12-03,81.14285714285714,65.0,73.07142857142857,0.26142857142857145,0.0,0.0,0.0,0.0,0.0
939,2002,48,2002-12-03,33.857142857142854,18.857142857142858,26.357142857142858,0.0,0.014285714285714287,0.0,7.0,4.0,5.0
940,2003,3,2003-12-12,17.857142857142858,0.8571428571428571,9.357142857142858,0.0,0.19999999999999998,0.5714285714285714,7.0,7.0,7.0
941,2003,9,2003-12-12,26.285714285714285,6.0,16.142857142857142,0.0,0.0,0.5714285714285714,7.0,4.0,7.0
942,2003,12,2003-12-12,52.285714285714285,35.857142857142854,44.07142857142857,0.05142857142857143,0.0,0.0,0.0,0.0,0.0
943,2003,19,2003-12-12,60.42857142857143,48.0,54.214285714285715,0.46,0.0,0.0,0.0,0.0,0.0
944,2003,21,2003-12-12,64.57142857142857,45.285714285714285,54.92857142857143,0.1842857142857143,0.0,0.0,0.0,0.0,0.0
945,2003,40,2003-12-12,56.142857142857146,36.714285714285715,46.42857142857143,0.005714285714285714,0.0,0.0,2.0,0.0,0.0
946,2003,41,2003-12-12,75.42857142857143,52.142857142857146,63.785714285714285,0.06857142857142857,0.0,0.0,0.0,0.0,0.0
947,2004,10,2004-12-19,37.714285714285715,29.428571428571427,33.57142857142857,0.10142857142857142,1.1142857142857143,2.0,6.0,0.0,2.0
948,2004,15,2004-12-19,56.285714285714285,35.285714285714285,45.785714285714285,0.0,0.0,0.0,2.0,0.0,0.0
949,2004,18,2004-12-19,64.14285714285714,40.857142857142854,52.5,0.0,0.0,0.0,0.0,0.0,0.0
950,2004,23,2004-12-19,72.57142857142857,53.57142857142857,63.07142857142857,0.10857142857142857,0.0,0.0,0.0,0.0,0.0
951,2004,30,2004-12-19,84.0,64.28571428571429,74.14285714285714,0.0071428571428571435,0.0,0.0,0.0,0.0,0.0
952,2004,35,2004-12-19,75.85714285714286,59.142857142857146,67.5,0.04428571428571428,0.0,0.0,0.0,0.0,0.0
953,2004,38,2004-12-19,76.42857142857143,58.57142857142857,67.5,0.37714285714285717,0.0,0.0,0.0,0.0,0.0
954,2004,49,2004-12-19,36.142857142857146,22.142857142857142,29.142857142857142,0.005714285714285714,0.1142857142857143,0.14285714285714285,7.0,1.0,6.0
955,2005,1,2005-12-07,17.857142857142858,6.0,11.928571428571429,0.0014285714285714286,0.014285714285714287,0.14285714285714285,7.0,7.0,7.0
956,2005,33,2005-12-07,79.57142857142857,61.714285714285715,70.64285714285714,0.047142857142857146,0.0,0.0,0.0,0.0,0.0
957,2005,34,2005-12-07,77.42857142857143,58.857142857142854,68.14285714285714,0.2914285714285714,0.0,0.0,0.0,0.0,0.0
958,2005,42,2005-12-07,58.57142857142857,40.714285714285715,49.642857142857146,0.03571428571428571,0.0,0.0,0.0,0.0,0.0
959,2006,2,2006-12-04,35.42857142857143,21.857142857142858,28.642857142857142,0.0,0.0,1.0,7.0,1.0,5.0
960,2006,9,2006-12-04,37.714285714285715,25.571428571428573,31.642857142857142,0.027142857142857142,0.14285714285714285,0.0,6.0,1.0,4.0
961,2006,11,2006-12-04,33.57142857142857,15.285714285714286,24.428571428571427,0.18857142857142858,2.642857142857143,9.142857142857142,7.0,2.0,7.0
962,2006,16,2006-12-04,65.28571428571429,45.142857142857146,55.214285714285715,0.051428571428571435,0.0,0.0,0.0,0.0,0.0
963,2006,24,2006-12-04,83.42857142857143,62.42857142857143,72.92857142857143,0.17714285714285713,0.0,0.0,0.0,0.0,0.0
964,2006,40,2006-12-04,71.71428571428571,50.42857142857143,61.07142857142857,0.002857142857142857,0.0,0.0,0.0,0.0,0.0
965,2007,3,2007-12-03,21.571428571428573,5.571428571428571,13.571428571428571,0.02,0.31428571428571433,3.4285714285714284,7.0,7.0,7.0
966,2007,21,2007-12-03,75.14285714285714,53.0,64.07142857142857,0.10571428571428572,0.0,0.0,0.0,0.0,0.0
967,2007,24,2007-12-03,90.57142857142857,69.28571428571429,79.92857142857143,0.004285714285714286,0.0,0.0,0.0,0.0,0.0
968,2007,45,2007-12-03,45.857142857142854,30.0,37.92857142857143,0.0014285714285714286,0.0,0.0,4.0,0.0,0.0
969,2008,6,2008-12-07,22.285714285714285,9.0,15.642857142857142,0.027142857142857142,0.2857142857142857,3.857142857142857,7.0,5.0,7.0
970,2008,13,2008-12-07,44.0,25.714285714285715,34.857142857142854,0.005714285714285714,0.0,1.1428571428571428,6.0,0.0,1.0
971,2008,15,2008-12-07,40.857142857142854,30.857142857142858,35.857142857142854,0.1357142857142857,0.1285714285714286,0.14285714285714285,4.0,0.0,0.0
972,2008,16,2008-12-07,59.0,39.0,49.0,0.038571428571428576,0.0,0.0,1.0,0.0,0.0
973,2008,18,2008-12-07,57.285714285714285,37.0,47.142857142857146,0.19142857142857145,0.0,0.0,2.0,0.0,0.0
974,2008,20,2008-12-07,68.28571428571429,45.857142857142854,57.07142857142857,0.0014285714285714286,0.0,0.0,0.0,0.0,0.0
975,2008,33,2008-12-07,82.42857142857143,61.57142857142857,72.0,0.13857142857142857,0.0,0.0,0.0,0.0,0.0
976,2008,35,2008-12-07,80.85714285714286,58.42857142857143,69.64285714285714,0.3085714285714286,0.0,0.0,0.0,0.0,0.0
977,2008,43,2008-12-07,52.857142857142854,38.857142857142854,45.857142857142854,0.03571428571428571,0.0,0.0,1.0,0.0,0.0
978,2008,46,2008-12-07,37.0,27.142857142857142,32.07142857142857,0.05,0.17142857142857143,0.14285714285714285,5.0,0.0,4.0
979,2009,1,2009-12-15,22.25,4.25,13.25,0.0375,0.15,3.0,4.0,4.0,4.0
980,2009,6,2009-12-15,27.571428571428573,8.142857142857142,17.857142857142858,0.0,0.0,3.5714285714285716,7.0,3.0,7.0
981,2009,24,2009-12-15,70.85714285714286,52.285714285714285,61.57142857142857,0.06285714285714286,0.0,0.0,0.0,0.0,0.0
982,2009,29,2009-12-15,74.42857142857143,58.42857142857143,66.42857142857143,0.005714285714285714,0.0,0.0,0.0,0.0,0.0
983,2009,40,2009-12-15,54.142857142857146,44.142857142857146,49.142857142857146,0.21285714285714286,0.0,0.0,0.0,0.0,0.0
984,2009,50,2009-12-15,19.571428571428573,5.285714285714286,12.428571428571429,0.055714285714285716,1.0857142857142859,4.285714285714286,7.0,7.0,7.0
985,2009,53,2009-12-15,18.75,4.5,11.625,0.0125,0.15,9.0,4.0,4.0,4.0
986,2010,10,2010-12-03,45.285714285714285,36.142857142857146,40.714285714285715,0.0842857142857143,0.0,1.4285714285714286,0.0,0.0,0.0
987,2010,12,2010-12-03,52.57142857142857,31.428571428571427,42.0,0.0,0.0,0.0,4.0,0.0,0.0
988,2010,13,2010-12-03,70.14285714285714,44.42857142857143,57.285714285714285,0.008571428571428572,0.0,0.0,0.0,0.0,0.0
989,2010,16,2010-12-03,65.28571428571429,45.142857142857146,55.214285714285715,0.07714285714285715,0.0,0.0,0.0,0.0,0.0
990,2010,18,2010-12-03,57.57142857142857,39.285714285714285,48.42857142857143,0.09142857142857143,0.0,0.0,0.0,0.0,0.0
991,2010,19,2010-12-03,61.0,45.42857142857143,53.214285714285715,0.18714285714285714,0.0,0.0,0.0,0.0,0.0
992,2011,14,2011-12-16,60.57142857142857,39.142857142857146,49.857142857142854,0.017142857142857144,0.0,0.0,2.0,0.0,0.0
993,2011,18,2011-12-16,62.142857142857146,42.714285714285715,52.42857142857143,0.04714285714285714,0.0,0.0,0.0,0.0,0.0
994,2011,22,2011-12-16,82.85714285714286,61.42857142857143,72.14285714285714,0.0071428571428571435,0.0,0.0,0.0,0.0,0.0
995,2011,30,2011-12-16,89.0,69.28571428571429,79.14285714285714,0.0642857142857143,0.0,0.0,0.0,0.0,0.0
996,2011,43,2011-12-16,54.57142857142857,37.285714285714285,45.92857142857143,0.0014285714285714286,0.0,0.0,2.0,0.0,0.0
997,2011,50,2011-12-16,37.42857142857143,26.142857142857142,31.785714285714285,0.05714285714285715,0.042857142857142864,0.0,8.0,2.0,6.0
998,2012,7,2012-12-22,38.0,21.0,29.5,0.0071428571428571435,0.05714285714285715,0.0,7.0,1.0,5.0
999,2012,46,2012-12-22,47.0,28.285714285714285,37.642857142857146,0.0014285714285714286,0.028571428571428574,0.0,4.0,1.0,2.0
1000,2013,6,2013-11-29,25.142857142857142,13.571428571428571,19.357142857142858,0.11,0.7571428571428571,5.142857142857143,7.0,6.0,7.0
1001,2013,8,2013-11-29,25.428571428571427,9.285714285714286,17.357142857142858,0.03571428571428571,0.6428571428571429,6.571428571428571,7.0,5.0,7.0
1002,2013,15,2013-11-29,39.714285714285715,31.285714285714285,35.5,0.34,0.9714285714285715,1.8571428571428572,6.0,0.0,0.0
1003,2013,29,2013-11-29,88.28571428571429,71.57142857142857,79.92857142857143,0.041428571428571426,0.0,0.0,0.0,0.0,0.0
1004,2014,6,2014-11-27,10.142857142857142,-4.857142857142857,2.642857142857143,0.0,0.0,13.571428571428571,7.0,7.0,7.0
1005,2014,36,2014-11-27,77.28571428571429,59.42857142857143,68.35714285714286,0.042857142857142864,0.0,0.0,0.0,0.0,0.0
1006,2014,39,2014-11-27,76.42857142857143,56.57142857142857,66.5,0.005714285714285714,0.0,0.0,0.0,0.0,0.0
1007,2014,43,2014-11-27,63.42857142857143,41.857142857142854,52.642857142857146,0.02,0.0,0.0,0.0,0.0,0.0
1008,2014,50,2014-11-27,36.714285714285715,27.428571428571427,32.07142857142857,0.002857142857142857,0.0,0.7142857142857143,4.0,2.0,4.0
1009,2016,10,2016-12-15,59.285714285714285,39.142857142857146,49.214285714285715,0.0,0.0,0.0,1.0,0.0,0.0
1010,2016,14,2016-12-15,43.57142857142857,28.571428571428573,36.07142857142857,0.018571428571428572,0.07142857142857142,0.0,4.0,0.0,2.0
1011,2016,23,2016-12-15,81.14285714285714,60.42857142857143,70.78571428571429,0.22285714285714286,0.0,0.0,0.0,0.0,0.0
1012,2016,29,2016-12-15,89.57142857142857,70.71428571428571,80.14285714285714,0.33999999999999997,0.0,0.0,0.0,0.0,0.0
1013,2016,35,2016-12-15,79.28571428571429,60.714285714285715,70.0,0.23285714285714287,0.0,0.0,0.0,0.0,0.0
1014,2016,38,2016-12-15,73.85714285714286,60.285714285714285,67.07142857142857,0.40857142857142853,0.0,0.0,0.0,0.0,0.0
1015,2016,41,2016-12-15,64.42857142857143,44.857142857142854,54.642857142857146,0.002857142857142857,0.0,0.0,0.0,0.0,0.0
1016,2016,42,2016-12-15,60.0,44.0,52.0,0.09428571428571429,0.0,0.0,0.0,0.0,0.0
1017,2016,43,2016-12-15,53.857142857142854,42.42857142857143,48.142857142857146,0.13571428571428573,0.0,0.0,0.0,0.0,0.0
1018,2017,52,2017-12-14,5.75,-4.375,0.6875,0.0175,0.2375,1.625,8.0,7.0,8.0
1019,2017,7,2017-12-14,49.857142857142854,28.0,38.92857142857143,0.0,0.0,0.0,5.0,0.0,1.0
1020,2017,16,2017-12-14,61.42857142857143,43.57142857142857,52.5,0.15714285714285717,0.0,0.0,0.0,0.0,0.0
1021,2017,22,2017-12-14,78.42857142857143,56.57142857142857,67.5,0.0,0.0,0.0,0.0,0.0,0.0
1022,2017,23,2017-12-14,85.42857142857143,64.28571428571429,74.85714285714286,0.26285714285714284,0.0,0.0,0.0,0.0,0.0
1023,2017,40,2017-12-14,66.71428571428571,50.42857142857143,58.57142857142857,0.41571428571428576,0.0,0.0,0.0,0.0,0.0
1024,2018,7,2018-11-28,32.42857142857143,10.714285714285714,21.571428571428573,0.0014285714285714286,0.0,4.0,7.0,3.0,6.0
1025,2018,8,2018-11-28,27.142857142857142,10.285714285714286,18.714285714285715,0.16285714285714287,1.8142857142857143,4.714285714285714,7.0,6.0,7.0
1026,2018,33,2018-11-28,88.42857142857143,68.57142857142857,78.5,0.0,0.0,0.0,0.0,0.0,0.0
1027,2018,49,2018-11-28,26.571428571428573,15.0,20.785714285714285,0.0,0.028571428571428574,4.0,7.0,7.0,7.0
1028,2019,1,2019-12-02,33.5,16.875,25.1875,0.0525,0.6125,0.875,8.0,3.0,6.0
1029,2019,5,2019-12-02,13.0,-5.142857142857143,3.9285714285714284,0.02,0.38571428571428573,4.142857142857143,6.0,5.0,6.0
1030,2019,10,2019-12-02,24.285714285714285,8.428571428571429,16.357142857142858,0.09428571428571428,0.6714285714285715,18.428571428571427,7.0,4.0,6.0
1031,2019,21,2019-12-02,66.14285714285714,47.857142857142854,57.0,0.16285714285714287,0.0,0.0,0.0,0.0,0.0
1032,2019,29,2019-12-02,86.42857142857143,68.71428571428571,77.57142857142857,0.39571428571428574,0.0,0.0,0.0,0.0,0.0
1033,2019,30,2019-12-02,82.42857142857143,65.0,73.71428571428571,0.06857142857142857,0.0,0.0,0.0,0.0,0.0
1034,2019,35,2019-12-02,73.71428571428571,58.142857142857146,65.92857142857143,0.1285714285714286,0.0,0.0,0.0,0.0,0.0
1035,2019,38,2019-12-02,82.42857142857143,65.71428571428571,74.07142857142857,0.03571428571428571,0.0,0.0,0.0,0.0,0.0
1036,2020,12,2020-12-24,40.142857142857146,27.714285714285715,33.92857142857143,0.07571428571428572,0.028571428571428574,0.0,5.0,0.0,2.0
1037,2020,21,2020-12-24,70.71428571428571,56.57142857142857,63.642857142857146,0.03428571428571429,0.0,0.0,0.0,0.0,0.0
1038,2020,25,2020-12-24,84.42857142857143,64.28571428571429,74.35714285714286,0.25000000000000006,0.0,0.0,0.0,0.0,0.0
1039,2015,14,,59.857142857142854,34.285714285714285,47.07142857142857,0.037142857142857144,0.0,0.0,1.0,0.0,0.0
1040,2015,18,,71.28571428571429,47.285714285714285,59.285714285714285,0.008571428571428572,0.0,0.0,0.0,0.0,0.0
1041,2015,27,,80.42857142857143,61.857142857142854,71.14285714285714,0.02142857142857143,0.0,0.0,0.0,0.0,0.0
1042,2020,27,2020-12-24,88.42857142857143,71.14285714285714,79.78571428571429,0.34142857142857147,0.0,0.0,0.0,0.0,0.0
1043,2020,31,2020-12-24,82.0,63.142857142857146,72.57142857142857,0.045714285714285714,0.0,0.0,0.0,0.0,0.0
1044,2020,44,2020-12-24,41.857142857142854,26.571428571428573,34.214285714285715,0.0,0.0,0.0,6.0,0.0,2.0
1045,2020,50,2020-12-24,38.57142857142857,27.285714285714285,32.92857142857143,0.004285714285714286,0.05714285714285715,0.0,6.0,1.0,2.0
1046,2021,6,2021-12-08,1.0,-11.142857142857142,-5.071428571428571,0.005714285714285714,0.08571428571428573,7.428571428571429,7.0,7.0,7.0
1047,2021,11,2021-12-08,48.285714285714285,31.857142857142858,40.07142857142857,0.047142857142857146,0.4714285714285714,0.8571428571428571,4.0,0.0,0.0
1048,2021,21,2021-12-08,69.0,51.42857142857143,60.214285714285715,0.24714285714285714,0.0,0.0,0.0,0.0,0.0
1049,2021,23,2021-12-08,94.14285714285714,71.85714285714286,83.0,0.05714285714285715,0.0,0.0,0.0,0.0,0.0
1050,2021,24,2021-12-08,85.0,63.0,74.0,0.09999999999999999,0.0,0.0,0.0,0.0,0.0
1051,2021,30,2021-12-08,87.14285714285714,67.57142857142857,77.35714285714286,0.02,0.0,0.0,0.0,0.0,0.0
1052,2021,31,2021-12-08,81.85714285714286,66.0,73.92857142857143,0.35428571428571426,0.0,0.0,0.0,0.0,0.0
1053,2021,34,2021-12-08,81.42857142857143,65.85714285714286,73.64285714285714,0.6071428571428573,0.0,0.0,0.0,0.0,0.0
1054,2021,47,2021-12-08,39.142857142857146,21.285714285714285,30.214285714285715,0.0,0.0,0.0,7.0,2.0,4.0
1055,2022,52,2022-12-08,22.75,7.5,15.125,0.0025,0.05,7.125,8.0,5.0,7.0
1056,2022,23,2022-12-08,78.57142857142857,59.714285714285715,69.14285714285714,0.02428571428571429,0.0,0.0,0.0,0.0,0.0
1057,2022,31,2022-12-08,86.14285714285714,65.28571428571429,75.71428571428571,0.21428571428571427,0.0,0.0,0.0,0.0,0.0
1058,2022,33,2022-12-08,79.71428571428571,62.857142857142854,71.28571428571429,0.09571428571428572,0.0,0.0,0.0,0.0,0.0
1059,2022,44,2022-12-08,59.57142857142857,40.142857142857146,49.857142857142854,0.047142857142857146,0.0,0.0,0.0,0.0,0.0
1060,2023,1,2024-01-13,26.571428571428573,14.142857142857142,20.357142857142858,0.1842857142857143,2.157142857142857,12.571428571428571,7.0,6.0,7.0
1061,2023,41,2024-01-13,56.285714285714285,41.714285714285715,49.0,0.2771428571428572,0.0,0.0,0.0,0.0,0.0
1062,2023,42,2024-01-13,62.0,43.42857142857143,52.714285714285715,0.0071428571428571435,0.0,0.0,0.0,0.0,0.0
1063,2023,44,2024-01-13,45.57142857142857,28.142857142857142,36.857142857142854,0.025714285714285714,0.38571428571428573,0.2857142857142857,5.0,0.0,3.0
1064,2024,18,,63.42857142857143,46.0,54.714285714285715,0.21,0.0,0.0,0.0,0.0,0.0
1065,2024,23,,78.14285714285714,59.142857142857146,68.64285714285714,0.2057142857142857,0.0,0.0,0.0,0.0,0.0
1066,2024,36,,75.71428571428571,55.714285714285715,65.71428571428571,0.0014285714285714286,0.0,0.0,0.0,0.0,0.0
1067,2024,44,,61.142857142857146,43.714285714285715,52.42857142857143,0.1842857142857143,0.028571428571428574,0.0,1.0,0.0,0.0
1068,1970,5,,32.714285714285715,12.142857142857142,22.428571428571427,0.011428571428571427,0.14285714285714285,19.142857142857142,7.0,3.0,6.0
1069,1970,8,,32.142857142857146,5.142857142857143,18.642857142857142,0.0,0.0,14.285714285714286,7.0,3.0,7.0
1070,1970,13,,35.57142857142857,19.285714285714285,27.428571428571427,0.005714285714285714,0.17142857142857146,0.5714285714285714,7.0,2.0,6.0
1071,1970,18,,68.57142857142857,46.42857142857143,57.5,0.25857142857142856,0.0,0.0,0.0,0.0,0.0
1072,1970,19,,69.14285714285714,45.285714285714285,57.214285714285715,0.041428571428571426,0.0,0.0,0.0,0.0,0.0
1073,1970,26,,81.28571428571429,59.57142857142857,70.42857142857143,0.027142857142857142,0.0,0.0,0.0,0.0,0.0
1074,1970,41,,57.857142857142854,42.0,49.92857142857143,0.48857142857142855,0.0,0.0,1.0,0.0,0.0
1075,1970,51,,23.285714285714285,8.714285714285714,16.0,0.0,0.0,2.0,7.0,5.0,7.0
1076,1971,26,,82.85714285714286,63.857142857142854,73.35714285714286,0.10714285714285714,0.0,0.0,0.0,0.0,0.0
1077,1971,38,,62.42857142857143,43.42857142857143,52.92857142857143,0.11142857142857142,0.0,0.0,0.0,0.0,0.0
1078,1971,50,,21.0,5.285714285714286,13.142857142857142,0.017142857142857144,0.18571428571428572,5.0,7.0,7.0,7.0
1079,1971,51,,30.0,15.142857142857142,22.571428571428573,0.0,0.0,4.142857142857143,6.0,4.0,6.0
1080,1972,52,,30.22222222222222,13.666666666666666,21.944444444444443,0.12222222222222223,0.5666666666666668,4.444444444444445,9.0,5.0,8.0
1081,1972,19,,67.14285714285714,46.142857142857146,56.642857142857146,0.014285714285714287,0.0,0.0,0.0,0.0,0.0
1082,1972,27,,71.85714285714286,51.857142857142854,61.857142857142854,0.06285714285714286,0.0,0.0,0.0,0.0,0.0
1083,1972,29,,83.0,63.857142857142854,73.42857142857143,0.45142857142857146,0.0,0.0,0.0,0.0,0.0
1084,1972,31,,74.85714285714286,56.714285714285715,65.78571428571429,0.0842857142857143,0.0,0.0,0.0,0.0,0.0
1085,1972,34,,70.14285714285714,58.57142857142857,64.35714285714286,0.22999999999999998,0.0,0.0,0.0,0.0,0.0
1086,1972,43,,49.857142857142854,32.285714285714285,41.07142857142857,0.008571428571428572,0.0,0.0,5.0,0.0,1.0
1087,1972,48,,25.0,11.857142857142858,18.428571428571427,0.030000000000000002,0.5142857142857142,0.7142857142857143,7.0,6.0,7.0
1088,1973,5,,34.142857142857146,18.0,26.071428571428573,0.041428571428571426,0.5285714285714286,4.285714285714286,6.0,2.0,6.0
1089,1973,21,,65.28571428571429,52.714285714285715,59.0,0.16714285714285718,0.0,0.0,0.0,0.0,0.0
1090,1973,26,,80.14285714285714,58.42857142857143,69.28571428571429,0.14714285714285716,0.0,0.0,0.0,0.0,0.0
1091,1973,41,,68.85714285714286,52.857142857142854,60.857142857142854,0.15285714285714283,0.0,0.0,0.0,0.0,0.0
1092,1973,42,,62.0,38.285714285714285,50.142857142857146,0.0,0.0,0.0,0.0,0.0,0.0
1093,1973,44,,44.142857142857146,30.0,37.07142857142857,0.0,0.0,0.0,4.0,0.0,1.0
1094,1973,50,,20.714285714285715,8.714285714285714,14.714285714285714,0.022857142857142857,0.5,3.142857142857143,7.0,7.0,7.0
1095,1974,9,,38.142857142857146,18.285714285714285,28.214285714285715,0.0,0.014285714285714287,5.142857142857143,7.0,1.0,5.0
1096,1974,11,,38.714285714285715,24.714285714285715,31.714285714285715,0.030000000000000002,0.35714285714285715,0.0,7.0,1.0,3.0
1097,1974,12,,26.571428571428573,7.428571428571429,17.0,0.008571428571428572,0.17142857142857143,0.0,7.0,5.0,7.0
1098,1974,26,,82.0,58.714285714285715,70.35714285714286,0.0,0.0,0.0,0.0,0.0,0.0
1099,1974,38,,66.0,40.142857142857146,53.07142857142857,0.0,0.0,0.0,1.0,0.0,0.0
1100,1975,1,,29.375,16.125,22.75,0.041249999999999995,0.6875,2.75,8.0,6.0,7.0
1101,1975,4,,28.0,4.857142857142857,16.428571428571427,0.04285714285714286,0.5857142857142856,10.857142857142858,7.0,4.0,7.0
1102,1975,16,,48.285714285714285,36.57142857142857,42.42857142857143,0.20857142857142857,0.0,0.0,0.0,0.0,0.0
1103,1975,17,,56.57142857142857,41.0,48.785714285714285,0.5228571428571429,0.0,0.0,1.0,0.0,0.0
1104,1978,13,1978-12-02,55.142857142857146,34.42857142857143,44.785714285714285,0.055714285714285716,0.14285714285714285,0.0,2.0,0.0,0.0
1105,1978,20,1978-12-02,76.0,51.714285714285715,63.857142857142854,0.0,0.0,0.0,0.0,0.0,0.0
1106,1978,31,1978-12-02,80.0,55.142857142857146,67.57142857142857,0.04857142857142858,0.0,0.0,0.0,0.0,0.0
1107,1978,40,1978-12-02,60.0,43.57142857142857,51.785714285714285,0.02142857142857143,0.0,0.0,1.0,0.0,0.0
1108,1979,2,1979-12-13,6.285714285714286,-12.857142857142858,-3.2857142857142856,0.017142857142857144,0.2714285714285714,11.428571428571429,7.0,7.0,7.0
1109,1979,36,1979-12-13,76.57142857142857,54.857142857142854,65.71428571428571,0.028571428571428574,0.0,0.0,0.0,0.0,0.0
1110,1980,22,1980-12-09,80.28571428571429,60.42857142857143,70.35714285714286,0.33571428571428574,0.0,0.0,0.0,0.0,0.0
1111,1980,33,1980-12-09,76.71428571428571,58.285714285714285,67.5,0.048571428571428564,0.0,0.0,0.0,0.0,0.0
1112,1980,34,1980-12-09,83.71428571428571,62.42857142857143,73.07142857142857,0.06285714285714286,0.0,0.0,0.0,0.0,0.0
1113,1980,36,1980-12-09,78.85714285714286,57.285714285714285,68.07142857142857,0.09714285714285716,0.0,0.0,0.0,0.0,0.0
1114,1980,45,1980-12-09,54.857142857142854,36.57142857142857,45.714285714285715,0.005714285714285714,0.0,0.0,1.0,0.0,0.0
1115,1980,46,1980-12-09,40.714285714285715,28.428571428571427,34.57142857142857,0.02142857142857143,0.014285714285714287,0.0,5.0,0.0,1.0
1116,1980,52,1980-12-09,24.285714285714285,8.428571428571429,16.357142857142858,0.01,0.15714285714285717,0.5714285714285714,7.0,6.0,7.0
1117,1981,11,1981-12-15,49.857142857142854,26.571428571428573,38.214285714285715,0.0014285714285714286,0.014285714285714287,0.0,6.0,0.0,0.0
1118,1975,37,,69.71428571428571,45.857142857142854,57.785714285714285,0.05428571428571429,0.0,0.0,0.0,0.0,0.0
1119,1976,18,,58.714285714285715,37.857142857142854,48.285714285714285,0.012857142857142857,0.17142857142857143,0.0,1.0,0.0,0.0
1120,1976,22,,74.57142857142857,52.857142857142854,63.714285714285715,0.09571428571428572,0.0,0.0,0.0,0.0,0.0
1121,1976,23,,83.14285714285714,57.714285714285715,70.42857142857143,0.0,0.0,0.0,0.0,0.0,0.0
1122,1976,35,,84.57142857142857,62.142857142857146,73.35714285714286,0.004285714285714286,0.0,0.0,0.0,0.0,0.0
1123,1976,38,,72.0,51.0,61.5,0.14714285714285716,0.0,0.0,0.0,0.0,0.0
1124,1976,44,,49.0,27.0,38.0,0.0,0.0,0.0,5.0,0.0,2.0
1125,1977,11,,45.142857142857146,32.0,38.57142857142857,0.048571428571428564,0.5142857142857143,0.2857142857142857,5.0,0.0,0.0
1126,1977,19,,81.42857142857143,53.285714285714285,67.35714285714286,0.022857142857142857,0.0,0.0,0.0,0.0,0.0
1127,1977,21,,85.0,63.0,74.0,0.0014285714285714286,0.0,0.0,0.0,0.0,0.0
1128,1977,30,,79.71428571428571,61.57142857142857,70.64285714285714,0.08857142857142856,0.0,0.0,0.0,0.0,0.0
1129,1977,40,,53.57142857142857,35.42857142857143,44.5,0.1457142857142857,0.0,0.0,0.0,0.0,0.0
1130,1977,42,,59.0,36.57142857142857,47.785714285714285,0.0014285714285714286,0.0,0.0,1.0,0.0,0.0
1131,1981,18,1981-12-15,66.14285714285714,46.285714285714285,56.214285714285715,0.20285714285714285,0.0,0.0,0.0,0.0,0.0
1132,1981,36,1981-12-15,74.0,53.285714285714285,63.642857142857146,0.005714285714285714,0.0,0.0,0.0,0.0,0.0
1133,1981,51,1981-12-15,14.0,-3.7142857142857144,5.142857142857143,0.017142857142857144,0.08571428571428572,4.0,7.0,6.0,7.0
1134,1982,5,1982-12-11,9.0,-13.0,-2.0,0.045714285714285714,0.7142857142857143,18.714285714285715,7.0,7.0,7.0
1135,1982,12,1982-12-11,39.0,22.857142857142858,30.928571428571427,0.004285714285714286,0.0,5.714285714285714,7.0,1.0,3.0
1136,1982,19,1982-12-11,74.71428571428571,59.0,66.85714285714286,0.31,0.0,0.0,0.0,0.0,0.0
1137,1982,21,1982-12-11,73.71428571428571,56.142857142857146,64.92857142857143,0.08714285714285716,0.0,0.0,0.0,0.0,0.0
1138,1982,26,1982-12-11,85.71428571428571,59.285714285714285,72.5,0.022857142857142857,0.0,0.0,0.0,0.0,0.0
1139,1982,27,1982-12-11,84.71428571428571,64.14285714285714,74.42857142857143,0.09285714285714285,0.0,0.0,0.0,0.0,0.0
1140,1982,41,1982-12-11,57.42857142857143,43.142857142857146,50.285714285714285,0.02142857142857143,0.0,0.0,0.0,0.0,0.0
1141,1982,44,1982-12-11,44.714285714285715,29.857142857142858,37.285714285714285,0.03428571428571429,0.15714285714285717,0.0,4.0,1.0,2.0
1142,1982,46,1982-12-11,46.285714285714285,27.142857142857142,36.714285714285715,0.09428571428571429,0.0,0.2857142857142857,4.0,0.0,3.0
1143,1983,1,1983-12-02,32.142857142857146,18.285714285714285,25.214285714285715,0.051428571428571435,0.1142857142857143,9.714285714285714,7.0,4.0,6.0
1144,1983,5,1983-12-02,18.857142857142858,4.857142857142857,11.857142857142858,0.13285714285714287,1.1,10.428571428571429,7.0,7.0,7.0
1145,1983,37,1983-12-02,64.28571428571429,49.714285714285715,57.0,0.2657142857142857,0.0,0.0,0.0,0.0,0.0
1146,1983,42,1983-12-02,52.285714285714285,40.42857142857143,46.357142857142854,0.07714285714285715,0.0,0.0,1.0,0.0,0.0
1147,1983,50,1983-12-02,12.142857142857142,-1.8571428571428572,5.142857142857143,0.14142857142857143,1.8714285714285714,15.571428571428571,7.0,7.0,7.0
1148,1984,6,1984-12-06,28.0,12.142857142857142,20.071428571428573,0.08571428571428572,0.0,15.142857142857142,5.0,3.0,5.0
1149,1984,9,1984-12-06,32.0,18.142857142857142,25.071428571428573,0.1142857142857143,1.3714285714285714,0.5714285714285714,7.0,3.0,7.0
1150,1984,15,1984-12-06,53.857142857142854,42.0,47.92857142857143,0.13714285714285715,0.0,0.0,0.0,0.0,0.0
1151,1984,17,1984-12-06,62.857142857142854,37.142857142857146,50.0,0.35428571428571426,0.9571428571428571,0.0,0.0,0.0,0.0
1152,1984,24,1984-12-06,74.42857142857143,61.142857142857146,67.78571428571429,0.2614285714285714,0.0,0.0,0.0,0.0,0.0
1153,1984,29,1984-12-06,84.0,61.142857142857146,72.57142857142857,0.16285714285714287,0.0,0.0,0.0,0.0,0.0
1154,1984,37,1984-12-06,67.85714285714286,46.57142857142857,57.214285714285715,0.17285714285714285,0.0,0.0,0.0,0.0,0.0
1155,1984,41,1984-12-06,66.57142857142857,56.57142857142857,61.57142857142857,0.045714285714285714,0.0,0.0,0.0,0.0,0.0
1156,1984,50,1984-12-06,36.0,19.714285714285715,27.857142857142858,0.19428571428571426,0.39999999999999997,2.142857142857143,7.0,2.0,5.0
1157,1985,22,1985-11-27,70.14285714285714,50.42857142857143,60.285714285714285,0.22857142857142856,0.0,0.0,0.0,0.0,0.0
1158,1985,30,1985-11-27,83.85714285714286,61.57142857142857,72.71428571428571,0.23285714285714285,0.0,0.0,0.0,0.0,0.0
1159,1985,31,1985-11-27,79.28571428571429,60.857142857142854,70.07142857142857,0.015714285714285715,0.0,0.0,0.0,0.0,0.0
1160,1985,51,1985-11-27,12.714285714285714,-8.285714285714286,2.2142857142857144,0.004285714285714286,0.05714285714285715,12.428571428571429,7.0,6.0,6.0
1161,1986,23,1986-12-05,76.0,55.285714285714285,65.64285714285714,0.0,0.0,0.0,0.0,0.0,0.0
1162,1986,26,1986-12-05,80.71428571428571,61.285714285714285,71.0,0.037142857142857144,0.0,0.0,0.0,0.0,0.0
1163,1986,28,1986-12-05,78.57142857142857,62.285714285714285,70.42857142857143,0.20428571428571432,0.0,0.0,0.0,0.0,0.0
1164,1986,38,1986-12-05,64.0,53.285714285714285,58.642857142857146,0.43571428571428567,0.0,0.0,0.0,0.0,0.0
1165,1986,51,1986-12-05,36.285714285714285,19.285714285714285,27.785714285714285,0.002857142857142857,0.028571428571428574,0.0,7.0,0.0,7.0
1166,1987,5,1987-12-17,32.285714285714285,16.428571428571427,24.357142857142858,0.058571428571428566,0.5999999999999999,2.142857142857143,7.0,5.0,7.0
1167,1987,17,1987-12-17,67.42857142857143,43.142857142857146,55.285714285714285,0.015714285714285715,0.0,0.0,1.0,0.0,0.0
1168,1987,29,1987-12-17,84.0,62.57142857142857,73.28571428571429,0.017142857142857144,0.0,0.0,0.0,0.0,0.0
1169,1987,33,1987-12-17,80.28571428571429,65.71428571428571,73.0,0.11,0.0,0.0,0.0,0.0,0.0
1170,1987,47,1987-12-17,42.142857142857146,24.571428571428573,33.357142857142854,0.06142857142857143,0.2285714285714286,0.14285714285714285,6.0,1.0,4.0
1171,1988,3,1988-12-01,25.571428571428573,10.142857142857142,17.857142857142858,0.1542857142857143,2.1714285714285713,7.571428571428571,7.0,5.0,6.0
1172,1988,16,1988-12-01,52.42857142857143,30.142857142857142,41.285714285714285,0.08857142857142856,0.3428571428571429,0.0,5.0,0.0,0.0
1173,1988,25,1988-12-01,90.28571428571429,67.14285714285714,78.71428571428571,0.0,0.0,0.0,0.0,0.0,0.0
1174,1988,47,1988-12-01,39.714285714285715,25.285714285714285,32.5,0.07857142857142858,0.7285714285714285,0.42857142857142855,4.0,1.0,3.0
1175,1989,3,1989-12-03,34.714285714285715,17.142857142857142,25.928571428571427,0.0,0.0,1.8571428571428572,7.0,2.0,6.0
1176,1989,8,1989-12-03,23.428571428571427,4.571428571428571,14.0,0.0,0.0,5.285714285714286,7.0,5.0,7.0
1177,1989,18,1989-12-03,56.714285714285715,33.42857142857143,45.07142857142857,0.04,0.014285714285714287,0.0,3.0,0.0,0.0
1178,1989,19,1989-12-03,69.85714285714286,45.42857142857143,57.642857142857146,0.1285714285714286,0.0,0.0,0.0,0.0,0.0
1179,1989,27,1989-12-03,92.85714285714286,69.71428571428571,81.28571428571429,0.06142857142857143,0.0,0.0,0.0,0.0,0.0
1180,1989,37,1989-12-03,69.57142857142857,45.42857142857143,57.5,0.0,0.0,0.0,0.0,0.0,0.0
1181,1989,45,1989-12-03,45.285714285714285,29.285714285714285,37.285714285714285,0.014285714285714287,0.08571428571428572,0.0,4.0,0.0,1.0
1182,1989,49,1989-12-03,30.571428571428573,13.0,21.785714285714285,0.0,0.0,0.0,7.0,3.0,6.0
1183,1990,1,1990-12-18,30.875,11.0,20.9375,0.0,0.0125,2.75,8.0,4.0,8.0
1184,1990,15,1990-12-18,53.857142857142854,27.571428571428573,40.714285714285715,0.015714285714285715,0.0,0.0,6.0,0.0,1.0
1185,1990,17,1990-12-18,69.0,53.142857142857146,61.07142857142857,0.46,0.0,0.0,0.0,0.0,0.0
1186,1990,26,1990-12-18,86.0,67.0,76.5,0.2914285714285714,0.0,0.0,0.0,0.0,0.0
1187,1990,29,1990-12-18,82.0,62.714285714285715,72.35714285714286,0.11571428571428573,0.0,0.0,0.0,0.0,0.0
1188,1990,30,1990-12-18,80.42857142857143,63.857142857142854,72.14285714285714,0.39571428571428563,0.0,0.0,0.0,0.0,0.0
1189,1990,31,1990-12-18,78.28571428571429,59.142857142857146,68.71428571428571,0.17142857142857143,0.0,0.0,0.0,0.0,0.0
1190,1990,40,1990-12-18,69.42857142857143,43.57142857142857,56.5,0.06999999999999999,0.0,0.0,0.0,0.0,0.0
1191,1990,42,1990-12-18,52.857142857142854,34.142857142857146,43.5,0.06999999999999999,0.0,0.0,3.0,0.0,0.0
1192,1990,51,1990-12-18,15.0,-1.8571428571428572,6.571428571428571,0.0642857142857143,0.6142857142857142,4.857142857142857,7.0,5.0,7.0
1193,1991,6,1991-11-25,43.857142857142854,24.857142857142858,34.357142857142854,0.0,0.0,0.2857142857142857,6.0,1.0,1.0
1194,1991,10,1991-11-25,39.714285714285715,17.571428571428573,28.642857142857142,0.06,0.4428571428571429,2.0,7.0,1.0,5.0
1195,1991,21,1991-11-25,76.71428571428571,61.714285714285715,69.21428571428571,0.18857142857142858,0.0,0.0,0.0,0.0,0.0
1196,1991,23,1991-11-25,79.28571428571429,60.57142857142857,69.92857142857143,0.011428571428571429,0.0,0.0,0.0,0.0,0.0
1197,1991,24,1991-11-25,83.71428571428571,62.42857142857143,73.07142857142857,0.024285714285714282,0.0,0.0,0.0,0.0,0.0
1198,1991,28,1991-11-25,80.42857142857143,62.285714285714285,71.35714285714286,0.08857142857142859,0.0,0.0,0.0,0.0,0.0
1199,1992,1,1992-12-18,34.6,31.4,33.0,0.016,0.0,8.0,4.0,0.0,0.0
1200,1992,4,1992-12-18,28.142857142857142,10.142857142857142,19.142857142857142,0.03428571428571429,0.5285714285714286,7.857142857142857,7.0,3.0,6.0
1201,1992,7,1992-12-18,29.0,19.857142857142858,24.428571428571427,0.005714285714285714,0.07142857142857142,6.0,7.0,4.0,5.0
1202,1992,8,1992-12-18,35.714285714285715,28.0,31.857142857142858,0.027142857142857142,0.27142857142857146,4.142857142857143,6.0,1.0,3.0
1203,1992,10,1992-12-18,43.57142857142857,36.714285714285715,40.142857142857146,0.0842857142857143,0.0,0.0,1.0,0.0,0.0
1204,1992,14,1992-12-18,50.0,28.428571428571427,39.214285714285715,0.0,0.0,0.0,5.0,0.0,0.0
1205,1992,18,1992-12-18,71.42857142857143,45.857142857142854,58.642857142857146,0.0,0.0,0.0,1.0,0.0,0.0
1206,1992,20,1992-12-18,71.28571428571429,53.42857142857143,62.357142857142854,0.03142857142857143,0.0,0.0,0.0,0.0,0.0
1207,1992,23,1992-12-18,78.42857142857143,52.714285714285715,65.57142857142857,0.02,0.0,0.0,0.0,0.0,0.0
1208,1993,22,1993-12-11,68.71428571428571,45.142857142857146,56.92857142857143,0.0,0.0,0.0,0.0,0.0,0.0
1209,1993,25,1993-12-11,78.42857142857143,57.857142857142854,68.14285714285714,0.21857142857142858,0.0,0.0,0.0,0.0,0.0
1210,1993,39,1993-12-11,58.42857142857143,37.57142857142857,48.0,0.008571428571428572,0.0,0.0,1.0,0.0,0.0
1211,1993,51,1993-12-11,14.714285714285714,2.4285714285714284,8.571428571428571,0.018571428571428572,0.4,1.5714285714285714,7.0,7.0,7.0
1212,1994,3,1994-12-11,10.571428571428571,-10.571428571428571,0.0,0.004285714285714286,0.05714285714285715,9.285714285714286,7.0,6.0,7.0
1213,1994,7,1994-12-11,40.142857142857146,18.0,29.071428571428573,0.0,0.0,7.285714285714286,7.0,1.0,5.0
1214,1994,11,1994-12-11,46.285714285714285,28.857142857142858,37.57142857142857,0.02142857142857143,0.014285714285714287,0.0,5.0,0.0,1.0
1215,1994,33,1994-12-11,78.85714285714286,57.857142857142854,68.35714285714286,0.03142857142857143,0.0,0.0,0.0,0.0,0.0
1216,1994,38,1994-12-11,73.71428571428571,54.857142857142854,64.28571428571429,0.18142857142857144,0.0,0.0,0.0,0.0,0.0
1217,1994,48,1994-12-11,35.57142857142857,21.571428571428573,28.571428571428573,0.012857142857142857,0.19999999999999998,4.714285714285714,7.0,1.0,5.0
1218,1995,1,1995-11-28,16.142857142857142,-0.5714285714285714,7.785714285714286,0.002857142857142857,0.05714285714285715,0.0,7.0,7.0,7.0
1219,1995,12,1995-11-28,50.142857142857146,32.857142857142854,41.5,0.12999999999999998,0.0,0.0,2.0,0.0,0.0
1220,1995,18,1995-11-28,64.0,44.0,54.0,0.0014285714285714286,0.0,0.0,0.0,0.0,0.0
1221,1995,21,1995-11-28,64.71428571428571,48.285714285714285,56.5,0.22428571428571428,0.0,0.0,0.0,0.0,0.0
1222,1995,30,1995-11-28,86.42857142857143,63.857142857142854,75.14285714285714,0.028571428571428574,0.0,0.0,0.0,0.0,0.0
1223,1995,47,1995-11-28,34.285714285714285,18.857142857142858,26.571428571428573,0.03,0.39999999999999997,0.0,7.0,2.0,6.0
1224,1995,50,1995-11-28,20.857142857142858,6.571428571428571,13.714285714285714,0.08571428571428572,1.042857142857143,7.0,7.0,6.0,7.0
1225,1996,5,1996-11-25,-2.857142857142857,-23.428571428571427,-13.142857142857142,0.012857142857142857,0.24285714285714288,13.428571428571429,7.0,7.0,7.0
1226,1996,7,1996-11-25,27.857142857142858,10.285714285714286,19.071428571428573,0.004285714285714286,0.07142857142857142,5.285714285714286,7.0,5.0,7.0
1227,1996,8,1996-11-25,39.57142857142857,25.428571428571427,32.5,0.011428571428571429,0.0,2.4285714285714284,6.0,0.0,4.0
1228,1996,9,1996-11-25,20.142857142857142,3.0,11.571428571428571,0.005714285714285714,0.08571428571428573,1.0,7.0,7.0,7.0
1229,1996,14,1996-11-25,42.142857142857146,25.142857142857142,33.642857142857146,0.0,0.0,0.0,6.0,0.0,0.0
1230,1996,19,1996-11-25,56.857142857142854,41.714285714285715,49.285714285714285,0.055714285714285716,0.0,0.0,0.0,0.0,0.0
1231,1996,21,1996-11-25,66.28571428571429,51.285714285714285,58.785714285714285,0.0071428571428571435,0.0,0.0,0.0,0.0,0.0
1232,1996,24,1996-11-25,83.71428571428571,59.0,71.35714285714286,0.1985714285714286,0.0,0.0,0.0,0.0,0.0
1233,1996,43,1996-11-25,52.57142857142857,39.42857142857143,46.0,0.10714285714285714,0.0,0.0,0.0,0.0,0.0
1234,1996,46,1996-11-25,35.42857142857143,18.428571428571427,26.928571428571427,0.4242857142857143,0.24285714285714285,0.2857142857142857,6.0,4.0,5.0
1235,1996,49,1996-11-25,26.714285714285715,14.857142857142858,20.785714285714285,0.03142857142857143,0.29999999999999993,5.857142857142857,7.0,7.0,7.0
1236,1997,6,1997-12-26,27.428571428571427,13.285714285714286,20.357142857142858,0.0,0.0,10.571428571428571,7.0,7.0,7.0
1237,1997,10,1997-12-26,30.571428571428573,12.571428571428571,21.571428571428573,0.05857142857142857,0.7000000000000001,7.285714285714286,7.0,3.0,6.0
1238,1997,29,1997-12-26,85.14285714285714,68.0,76.57142857142857,0.6328571428571428,0.0,0.0,0.0,0.0,0.0
1239,1997,37,1997-12-26,73.0,53.857142857142854,63.42857142857143,0.06857142857142857,0.0,0.0,0.0,0.0,0.0
1240,1997,45,1997-12-26,39.285714285714285,32.57142857142857,35.92857142857143,0.0014285714285714286,0.014285714285714287,0.0,3.0,0.0,0.0
1241,1997,49,1997-12-26,32.142857142857146,23.571428571428573,27.857142857142858,0.0071428571428571435,0.014285714285714287,0.0,5.0,3.0,5.0
1242,1998,7,1998-12-25,34.857142857142854,26.142857142857142,30.5,0.0,0.0,5.142857142857143,6.0,1.0,5.0
1243,1998,11,1998-12-25,26.285714285714285,8.714285714285714,17.5,0.030000000000000002,0.39999999999999997,0.0,7.0,6.0,7.0
1244,1998,13,1998-12-25,57.0,37.714285714285715,47.357142857142854,0.3514285714285714,0.028571428571428574,0.0,2.0,0.0,1.0
1245,1998,40,1998-12-25,62.857142857142854,44.285714285714285,53.57142857142857,0.04285714285714286,0.0,0.0,0.0,0.0,0.0
1246,1998,48,1998-12-25,56.714285714285715,31.285714285714285,44.0,0.0,0.0,0.0,6.0,0.0,0.0
1247,1998,50,1998-12-25,43.42857142857143,22.142857142857142,32.785714285714285,0.0,0.0,0.0,7.0,0.0,2.0
1248,1998,52,1998-12-25,17.285714285714285,0.5714285714285714,8.928571428571429,0.0071428571428571435,0.08571428571428572,1.0,7.0,7.0,7.0
1249,1999,22,1999-12-21,73.57142857142857,55.57142857142857,64.57142857142857,0.15571428571428572,0.0,0.0,0.0,0.0,0.0
1250,1999,29,1999-12-21,88.71428571428571,69.42857142857143,79.07142857142857,0.06571428571428571,0.0,0.0,0.0,0.0,0.0
1251,1999,47,1999-12-21,43.0,30.142857142857142,36.57142857142857,0.0842857142857143,0.09999999999999999,0.0,4.0,0.0,0.0
1252,1999,50,1999-12-21,30.0,13.285714285714286,21.642857142857142,0.022857142857142857,0.32857142857142857,0.2857142857142857,7.0,4.0,6.0
1253,1999,52,1999-12-21,38.8,21.8,30.3,0.0,0.0,1.8,4.0,1.0,4.0
1254,2000,2,2000-12-05,25.857142857142858,9.857142857142858,17.857142857142858,0.055714285714285716,1.3714285714285714,4.142857142857143,7.0,4.0,6.0
1255,2000,23,2000-12-05,82.28571428571429,57.142857142857146,69.71428571428571,0.0,0.0,0.0,0.0,0.0,0.0
1256,2000,24,2000-12-05,70.14285714285714,54.142857142857146,62.142857142857146,0.1242857142857143,0.0,0.0,0.0,0.0,0.0
1257,2000,31,2000-12-05,81.85714285714286,65.0,73.42857142857143,0.005714285714285714,0.0,0.0,0.0,0.0,0.0
1258,2000,33,2000-12-05,78.28571428571429,59.714285714285715,69.0,0.21285714285714286,0.0,0.0,0.0,0.0,0.0
1259,2000,35,2000-12-05,76.42857142857143,60.42857142857143,68.42857142857143,0.28285714285714286,0.0,0.0,0.0,0.0,0.0
1260,2000,37,2000-12-05,75.71428571428571,50.42857142857143,63.07142857142857,0.0,0.0,0.0,0.0,0.0,0.0
1261,2000,48,2000-12-05,33.142857142857146,20.571428571428573,26.857142857142858,0.0071428571428571435,0.19999999999999998,0.42857142857142855,7.0,1.0,6.0
1262,2001,5,2002-01-02,24.285714285714285,8.428571428571429,16.357142857142858,0.10857142857142857,0.6285714285714284,10.714285714285714,6.0,4.0,6.0
1263,2001,10,2002-01-02,31.0,14.571428571428571,22.785714285714285,0.0,0.0,15.857142857142858,7.0,4.0,7.0
1264,2001,11,2002-01-02,38.142857142857146,23.571428571428573,30.857142857142858,0.07714285714285715,0.9285714285714286,18.0,7.0,1.0,5.0
1265,2001,12,2002-01-02,34.714285714285715,20.142857142857142,27.428571428571427,0.014285714285714287,0.0,11.142857142857142,7.0,2.0,5.0
1266,2001,18,2002-01-02,67.28571428571429,53.42857142857143,60.357142857142854,0.2057142857142857,0.0,0.0,0.0,0.0,0.0
1267,2001,34,2002-01-02,83.28571428571429,64.57142857142857,73.92857142857143,0.005714285714285714,0.0,0.0,0.0,0.0,0.0
1268,2001,44,2002-01-02,59.0,42.285714285714285,50.642857142857146,0.0,0.0,0.0,0.0,0.0,0.0
1269,2001,48,2002-01-02,35.57142857142857,28.714285714285715,32.142857142857146,0.10714285714285714,1.342857142857143,5.285714285714286,6.0,0.0,3.0
1270,2002,7,2002-12-03,42.57142857142857,24.142857142857142,33.357142857142854,0.0,0.0,0.14285714285714285,6.0,0.0,2.0
1271,2002,8,2002-12-03,40.714285714285715,27.571428571428573,34.142857142857146,0.05285714285714286,0.2571428571428572,0.2857142857142857,4.0,0.0,4.0
1272,2002,9,2002-12-03,19.285714285714285,6.428571428571429,12.857142857142858,0.002857142857142857,0.042857142857142864,0.0,7.0,7.0,7.0
1273,2002,25,2002-12-03,81.42857142857143,64.57142857142857,73.0,0.5228571428571429,0.0,0.0,0.0,0.0,0.0
1274,2002,26,2002-12-03,89.14285714285714,70.14285714285714,79.64285714285714,0.24571428571428572,0.0,0.0,0.0,0.0,0.0
1275,2002,50,2002-12-03,41.857142857142854,22.857142857142858,32.357142857142854,0.0,0.0,0.0,7.0,0.0,3.0
1276,2003,6,2003-12-12,20.142857142857142,-3.142857142857143,8.5,0.027142857142857142,0.7285714285714286,6.571428571428571,7.0,6.0,7.0
1277,2003,7,2003-12-12,19.0,1.5714285714285714,10.285714285714286,0.002857142857142857,0.2571428571428572,5.857142857142857,7.0,7.0,7.0
1278,2003,15,2003-12-12,60.714285714285715,34.714285714285715,47.714285714285715,0.0,0.0,0.0,3.0,0.0,0.0
1279,2003,20,2003-12-12,70.42857142857143,49.42857142857143,59.92857142857143,0.11142857142857143,0.0,0.0,0.0,0.0,0.0
1280,2003,29,2003-12-12,81.85714285714286,64.57142857142857,73.21428571428571,0.10142857142857142,0.0,0.0,0.0,0.0,0.0
1281,2003,39,2003-12-12,59.142857142857146,44.142857142857146,51.642857142857146,0.018571428571428572,0.0,0.0,0.0,0.0,0.0
1282,2003,44,2003-12-12,41.0,33.714285714285715,37.357142857142854,0.018571428571428572,0.0,0.0,1.0,0.0,0.0
1283,2003,49,2003-12-12,34.142857142857146,26.0,30.071428571428573,0.011428571428571429,0.19999999999999998,0.2857142857142857,7.0,1.0,3.0
1284,2004,12,2004-12-19,41.57142857142857,24.857142857142858,33.214285714285715,0.02,0.21428571428571427,0.14285714285714285,7.0,0.0,3.0
1285,2004,19,2004-12-19,71.85714285714286,45.714285714285715,58.785714285714285,0.09428571428571429,0.0,0.0,0.0,0.0,0.0
1286,2004,20,2004-12-19,65.14285714285714,45.42857142857143,55.285714285714285,0.1685714285714286,0.0,0.0,0.0,0.0,0.0
1287,2004,28,2004-12-19,75.28571428571429,60.142857142857146,67.71428571428571,0.2657142857142857,0.0,0.0,0.0,0.0,0.0
1288,2005,13,2005-12-07,61.0,37.285714285714285,49.142857142857146,0.13,0.0,0.0,1.0,0.0,0.0
1289,2005,14,2005-12-07,70.28571428571429,47.285714285714285,58.785714285714285,0.06285714285714286,0.0,0.0,0.0,0.0,0.0
1290,2005,17,2005-12-07,48.142857142857146,34.857142857142854,41.5,0.030000000000000002,0.0,0.0,1.0,0.0,0.0
1291,2005,24,2005-12-07,81.28571428571429,59.857142857142854,70.57142857142857,0.05285714285714286,0.0,0.0,0.0,0.0,0.0
1292,2005,31,2005-12-07,88.0,66.42857142857143,77.21428571428571,0.21142857142857144,0.0,0.0,0.0,0.0,0.0
1293,2005,35,2005-12-07,77.42857142857143,58.285714285714285,67.85714285714286,0.18142857142857144,0.0,0.0,0.0,0.0,0.0
1294,2005,39,2005-12-07,72.85714285714286,51.0,61.92857142857143,0.05285714285714286,0.0,0.0,0.0,0.0,0.0
1295,2005,40,2005-12-07,62.857142857142854,46.42857142857143,54.642857142857146,0.6985714285714286,0.0,0.0,0.0,0.0,0.0
1296,2005,44,2005-12-07,54.0,37.857142857142854,45.92857142857143,0.017142857142857144,0.0,0.0,0.0,0.0,0.0
1297,2005,46,2005-12-07,36.857142857142854,24.0,30.428571428571427,0.05714285714285714,0.09999999999999999,0.14285714285714285,5.0,2.0,2.0
1298,2005,48,2005-12-07,25.0,14.142857142857142,19.571428571428573,0.10142857142857142,0.7571428571428572,1.5714285714285714,6.0,5.0,6.0
1299,2006,1,2006-12-04,33.285714285714285,28.142857142857142,30.714285714285715,0.03571428571428571,0.07142857142857142,2.142857142857143,5.0,2.0,4.0
1300,2006,7,2006-12-04,21.285714285714285,2.2857142857142856,11.785714285714286,0.0071428571428571435,0.0,0.2857142857142857,7.0,6.0,7.0
1301,2006,15,2006-12-04,75.0,51.857142857142854,63.42857142857143,0.0,0.0,0.0,0.0,0.0,0.0
1302,2006,26,2006-12-04,84.14285714285714,62.285714285714285,73.21428571428571,0.0,0.0,0.0,0.0,0.0,0.0
1303,2006,29,2006-12-04,86.28571428571429,67.28571428571429,76.78571428571429,0.10142857142857142,0.0,0.0,0.0,0.0,0.0
1304,2006,51,2006-12-04,36.42857142857143,26.857142857142858,31.642857142857142,0.11142857142857143,0.14285714285714285,0.14285714285714285,5.0,1.0,3.0
1305,2007,6,2007-12-03,9.285714285714286,-7.285714285714286,1.0,0.015714285714285715,0.2714285714285714,3.4285714285714284,7.0,7.0,7.0
1306,2007,16,2007-12-03,72.14285714285714,46.42857142857143,59.285714285714285,0.04285714285714286,0.0,0.0,0.0,0.0,0.0
1307,2007,17,2007-12-03,70.71428571428571,49.714285714285715,60.214285714285715,0.0014285714285714286,0.0,0.0,0.0,0.0,0.0
1308,2007,18,2007-12-03,68.57142857142857,51.57142857142857,60.07142857142857,0.05714285714285715,0.0,0.0,0.0,0.0,0.0
1309,2007,19,2007-12-03,78.71428571428571,53.714285714285715,66.21428571428571,0.030000000000000002,0.0,0.0,0.0,0.0,0.0
1310,2007,20,2007-12-03,74.42857142857143,49.42857142857143,61.92857142857143,0.017142857142857144,0.0,0.0,0.0,0.0,0.0
1311,2007,23,2007-12-03,79.14285714285714,56.42857142857143,67.78571428571429,0.02142857142857143,0.0,0.0,0.0,0.0,0.0
1312,2007,25,2007-12-03,82.14285714285714,63.285714285714285,72.71428571428571,0.17428571428571432,0.0,0.0,0.0,0.0,0.0
1313,2007,33,2007-12-03,75.42857142857143,62.42857142857143,68.92857142857143,0.6685714285714285,0.0,0.0,0.0,0.0,0.0
1314,2007,38,2007-12-03,79.0,55.42857142857143,67.21428571428571,0.4328571428571429,0.0,0.0,0.0,0.0,0.0
1315,2007,52,2007-12-03,24.857142857142858,16.0,20.428571428571427,0.03571428571428571,0.8285714285714286,8.428571428571429,7.0,7.0,7.0
1316,2008,11,2008-12-07,41.0,24.285714285714285,32.642857142857146,0.0014285714285714286,0.0,0.8571428571428571,6.0,0.0,3.0
1317,2008,25,2008-12-07,80.14285714285714,58.0,69.07142857142857,0.0014285714285714286,0.0,0.0,0.0,0.0,0.0
1318,2008,26,2008-12-07,82.85714285714286,63.57142857142857,73.21428571428571,0.027142857142857142,0.0,0.0,0.0,0.0,0.0
1319,2008,30,2008-12-07,84.42857142857143,66.14285714285714,75.28571428571429,0.015714285714285715,0.0,0.0,0.0,0.0,0.0
1320,2008,32,2008-12-07,84.14285714285714,63.42857142857143,73.78571428571429,0.030000000000000002,0.0,0.0,0.0,0.0,0.0
1321,2008,44,2008-12-07,57.0,35.285714285714285,46.142857142857146,0.0,0.0,0.0,3.0,0.0,0.0
1322,2008,50,2008-12-07,29.714285714285715,8.142857142857142,18.928571428571427,0.06999999999999999,0.8285714285714285,4.0,7.0,5.0,6.0
1323,2009,4,2009-12-15,18.142857142857142,1.7142857142857142,9.928571428571429,0.0,0.0,6.857142857142857,7.0,7.0,7.0
1324,2009,11,2009-12-15,34.57142857142857,12.714285714285714,23.642857142857142,0.03,0.14285714285714285,0.2857142857142857,7.0,2.0,5.0
1325,2009,12,2009-12-15,54.57142857142857,32.142857142857146,43.357142857142854,0.02,0.0,0.0,3.0,0.0,1.0
1326,2009,14,2009-12-15,44.714285714285715,30.428571428571427,37.57142857142857,0.12,0.42857142857142855,0.42857142857142855,3.0,0.0,0.0
1327,2009,20,2009-12-15,67.0,45.0,56.0,0.0071428571428571435,0.0,0.0,0.0,0.0,0.0
1328,2009,21,2009-12-15,81.85714285714286,57.0,69.42857142857143,0.017142857142857144,0.0,0.0,0.0,0.0,0.0
1329,2009,25,2009-12-15,81.0,64.85714285714286,72.92857142857143,0.11142857142857143,0.0,0.0,0.0,0.0,0.0
1330,2009,27,2009-12-15,77.0,59.0,68.0,0.027142857142857142,0.0,0.0,0.0,0.0,0.0
1331,2009,39,2009-12-15,74.14285714285714,56.285714285714285,65.21428571428571,0.0642857142857143,0.0,0.0,0.0,0.0,0.0
1332,2009,43,2009-12-15,49.142857142857146,39.42857142857143,44.285714285714285,0.14714285714285716,0.0,0.0,1.0,0.0,0.0
1333,2009,46,2009-12-15,55.142857142857146,35.857142857142854,45.5,0.008571428571428572,0.0,0.0,3.0,0.0,0.0
1334,2009,52,2009-12-15,28.714285714285715,19.142857142857142,23.928571428571427,0.17428571428571432,1.4142857142857141,8.142857142857142,7.0,5.0,7.0
1335,2010,4,2010-12-03,15.714285714285714,2.5714285714285716,9.142857142857142,0.0071428571428571435,0.1285714285714286,6.857142857142857,7.0,6.0,7.0
1336,2010,14,2010-12-03,59.857142857142854,39.0,49.42857142857143,0.04142857142857143,0.0,0.0,0.0,0.0,0.0
1337,2010,15,2010-12-03,67.85714285714286,46.285714285714285,57.07142857142857,0.1942857142857143,0.0,0.0,0.0,0.0,0.0
1338,2010,24,2010-12-03,79.71428571428571,62.42857142857143,71.07142857142857,0.04,0.0,0.0,0.0,0.0,0.0
1339,2010,29,2010-12-03,83.28571428571429,65.57142857142857,74.42857142857143,0.11285714285714286,0.0,0.0,0.0,0.0,0.0
1340,2010,30,2010-12-03,84.57142857142857,68.0,76.28571428571429,0.045714285714285714,0.0,0.0,0.0,0.0,0.0
1341,2010,38,2010-12-03,69.0,49.42857142857143,59.214285714285715,0.51,0.0,0.0,0.0,0.0,0.0
1342,2010,41,2010-12-03,67.57142857142857,46.714285714285715,57.142857142857146,0.0,0.0,0.0,0.0,0.0,0.0
1343,2010,42,2010-12-03,61.57142857142857,43.285714285714285,52.42857142857143,0.07428571428571429,0.0,0.0,0.0,0.0,0.0
1344,2011,2,2011-12-16,18.714285714285715,7.428571428571429,13.071428571428571,0.07428571428571429,1.042857142857143,11.0,14.0,14.0,14.0
1345,2011,4,2011-12-16,26.428571428571427,16.142857142857142,21.285714285714285,0.0071428571428571435,0.1142857142857143,11.285714285714286,14.0,12.0,14.0
1346,2011,16,2011-12-16,49.42857142857143,35.42857142857143,42.42857142857143,0.06999999999999999,0.18571428571428572,0.14285714285714285,0.0,0.0,0.0
1347,2011,17,2011-12-16,55.714285714285715,37.0,46.357142857142854,0.2842857142857143,0.0,0.0,0.0,0.0,0.0
1348,2011,23,2011-12-16,78.57142857142857,59.285714285714285,68.92857142857143,0.04428571428571428,0.0,0.0,0.0,0.0,0.0
1349,2011,25,2011-12-16,73.42857142857143,58.142857142857146,65.78571428571429,0.35999999999999993,0.0,0.0,0.0,0.0,0.0
1350,2011,38,2011-12-16,65.0,47.714285714285715,56.357142857142854,0.012857142857142857,0.0,0.0,0.0,0.0,0.0
1351,2012,8,2012-12-22,35.714285714285715,22.571428571428573,29.142857142857142,0.044285714285714296,0.4142857142857143,1.4285714285714286,7.0,2.0,3.0
1352,2012,29,2012-12-22,89.14285714285714,72.28571428571429,80.71428571428571,0.15,0.0,0.0,0.0,0.0,0.0
1353,2012,39,2012-12-22,73.42857142857143,44.42857142857143,58.92857142857143,0.0,0.0,0.0,0.0,0.0,0.0
1354,2012,44,2012-12-22,45.857142857142854,29.857142857142858,37.857142857142854,0.0014285714285714286,0.0,0.0,6.0,0.0,0.0
1355,2013,1,2013-11-29,18.0,4.5,11.25,0.012499999999999999,0.2375,3.625,8.0,8.0,8.0
1356,2013,3,2013-11-29,27.0,7.428571428571429,17.214285714285715,0.004285714285714286,0.05714285714285715,0.0,7.0,4.0,7.0
1357,2013,24,2013-11-29,78.85714285714286,60.57142857142857,69.71428571428571,0.09,0.0,0.0,0.0,0.0,0.0
1358,2013,31,2013-11-29,78.85714285714286,59.714285714285715,69.28571428571429,0.0,0.0,0.0,0.0,0.0,0.0
1359,2013,40,2013-11-29,67.14285714285714,51.0,59.07142857142857,0.18285714285714286,0.0,0.0,0.0,0.0,0.0
1360,2013,44,2013-11-29,49.0,35.714285714285715,42.357142857142854,0.022857142857142857,0.0,0.0,1.0,0.0,0.0
1361,2013,46,2013-11-29,45.857142857142854,27.285714285714285,36.57142857142857,0.015714285714285715,0.0,0.0,3.0,1.0,2.0
1362,2013,51,2013-11-29,26.0,10.0,18.0,0.025714285714285714,0.37142857142857144,5.714285714285714,7.0,5.0,7.0
1363,2014,32,2014-11-27,81.85714285714286,65.57142857142857,73.71428571428571,0.02142857142857143,0.0,0.0,0.0,0.0,0.0
1364,2014,45,2014-11-27,46.714285714285715,33.714285714285715,40.214285714285715,0.0071428571428571435,0.0,0.0,3.0,0.0,0.0
1365,2014,47,2014-11-27,28.285714285714285,15.142857142857142,21.714285714285715,0.0071428571428571435,0.07142857142857142,3.2857142857142856,5.0,4.0,5.0
1366,2014,48,2014-11-27,25.428571428571427,8.857142857142858,17.142857142857142,0.04,0.5571428571428572,1.4285714285714286,7.0,5.0,7.0
1367,2016,6,2016-12-15,15.428571428571429,3.142857142857143,9.285714285714286,0.0071428571428571435,0.2285714285714286,2.0,7.0,7.0,7.0
1368,2016,7,2016-12-15,37.42857142857143,24.142857142857142,30.785714285714285,0.05285714285714286,0.0,1.4285714285714286,6.0,1.0,4.0
1369,2016,12,2016-12-15,47.57142857142857,30.714285714285715,39.142857142857146,0.07142857142857142,0.5285714285714286,0.42857142857142855,5.0,0.0,0.0
1370,2016,16,2016-12-15,66.14285714285714,48.42857142857143,57.285714285714285,0.1757142857142857,0.0,0.0,0.0,0.0,0.0
1371,2016,18,2016-12-15,74.28571428571429,47.714285714285715,61.0,0.0,0.0,0.0,0.0,0.0,0.0
1372,2016,27,2016-12-15,83.85714285714286,65.28571428571429,74.57142857142857,0.24000000000000002,0.0,0.0,0.0,0.0,0.0
1373,2016,30,2016-12-15,82.71428571428571,66.71428571428571,74.71428571428571,0.06857142857142857,0.0,0.0,0.0,0.0,0.0
1374,2016,36,2016-12-15,77.57142857142857,63.42857142857143,70.5,0.2342857142857143,0.0,0.0,0.0,0.0,0.0
1375,2017,9,2017-12-14,41.714285714285715,24.0,32.857142857142854,0.0071428571428571435,0.14285714285714285,0.14285714285714285,5.0,2.0,3.0
1376,2017,11,2017-12-14,38.42857142857143,20.285714285714285,29.357142857142858,0.0014285714285714286,0.04285714285714286,1.4285714285714286,7.0,2.0,4.0
1377,2017,30,2017-12-14,83.85714285714286,65.0,74.42857142857143,0.11857142857142858,0.0,0.0,0.0,0.0,0.0
1378,2017,41,2017-12-14,57.42857142857143,42.142857142857146,49.785714285714285,0.08,0.0,0.0,0.0,0.0,0.0
1379,2017,43,2017-12-14,48.857142857142854,35.142857142857146,42.0,0.04,0.014285714285714287,0.0,2.0,0.0,1.0
1380,2017,49,2017-12-14,30.714285714285715,17.714285714285715,24.214285714285715,0.055714285714285716,0.3428571428571429,1.7142857142857142,7.0,5.0,6.0
1381,2018,2,2018-11-28,25.571428571428573,7.142857142857143,16.357142857142858,0.054285714285714284,0.8142857142857142,1.5714285714285714,6.0,3.0,5.0
1382,2018,15,2018-11-28,39.714285714285715,26.714285714285715,33.214285714285715,0.19285714285714284,2.257142857142857,2.4285714285714284,6.0,2.0,3.0
1383,2018,19,2018-11-28,67.14285714285714,50.857142857142854,59.0,0.06999999999999999,0.0,0.0,0.0,0.0,0.0
1384,2018,29,2018-11-28,81.57142857142857,64.28571428571429,72.92857142857143,0.024285714285714282,0.0,0.0,0.0,0.0,0.0
1385,2019,6,2019-12-02,16.285714285714285,-0.8571428571428571,7.714285714285714,0.1457142857142857,2.3285714285714287,4.857142857142857,7.0,6.0,7.0
1386,2019,7,2019-12-02,22.142857142857142,5.857142857142857,14.0,0.05714285714285715,0.9,12.571428571428571,7.0,7.0,7.0
1387,2019,11,2019-12-02,37.857142857142854,23.285714285714285,30.571428571428573,0.15142857142857144,0.028571428571428574,9.0,5.0,0.0,5.0
1388,2019,20,2019-12-02,66.85714285714286,47.57142857142857,57.214285714285715,0.2842857142857143,0.0,0.0,0.0,0.0,0.0
1389,2019,37,2019-12-02,72.0,58.42857142857143,65.21428571428571,0.3714285714285714,0.0,0.0,0.0,0.0,0.0
1390,2019,42,2019-12-02,58.57142857142857,40.42857142857143,49.5,0.017142857142857144,0.0,0.0,0.0,0.0,0.0
1391,2019,47,2019-12-02,41.285714285714285,29.142857142857142,35.214285714285715,0.08428571428571428,0.014285714285714287,0.0,4.0,1.0,1.0
1392,2019,50,2019-12-02,17.857142857142858,1.1428571428571428,9.5,0.045714285714285714,0.6714285714285715,7.142857142857143,7.0,6.0,7.0
1393,2019,51,2019-12-02,31.714285714285715,13.285714285714286,22.5,0.0,0.0,6.857142857142857,7.0,4.0,6.0
1394,2020,1,2020-12-24,35.4,23.2,29.3,0.002,0.0,4.4,5.0,1.0,4.0
1395,2020,9,2020-12-24,36.142857142857146,21.428571428571427,28.785714285714285,0.0,0.0,4.142857142857143,6.0,3.0,4.0
1396,2020,11,2020-12-24,41.42857142857143,26.857142857142858,34.142857142857146,0.018571428571428572,0.04285714285714286,0.0,6.0,0.0,2.0
1397,2020,18,2020-12-24,69.42857142857143,48.142857142857146,58.785714285714285,0.12428571428571429,0.0,0.0,0.0,0.0,0.0
1398,2020,22,2020-12-24,75.28571428571429,57.714285714285715,66.5,0.20714285714285713,0.0,0.0,0.0,0.0,0.0
1399,2020,24,2020-12-24,79.28571428571429,60.57142857142857,69.92857142857143,0.022857142857142857,0.0,0.0,0.0,0.0,0.0
1400,2015,6,,23.428571428571427,7.714285714285714,15.571428571428571,0.009999999999999998,0.2714285714285714,0.8571428571428571,7.0,5.0,7.0
1401,2015,8,,12.857142857142858,-2.5714285714285716,5.142857142857143,0.012857142857142857,0.18571428571428575,1.0,7.0,7.0,7.0
1402,2015,13,,39.142857142857146,26.0,32.57142857142857,0.048571428571428564,0.2571428571428572,1.0,6.0,0.0,5.0
1403,2015,16,,69.57142857142857,46.142857142857146,57.857142857142854,0.03142857142857143,0.0,0.0,0.0,0.0,0.0
1404,2015,19,,69.42857142857143,51.42857142857143,60.42857142857143,0.15857142857142856,0.0,0.0,0.0,0.0,0.0
1405,2015,20,,64.85714285714286,48.0,56.42857142857143,0.08142857142857143,0.0,0.0,0.0,0.0,0.0
1406,2015,23,,74.85714285714286,59.42857142857143,67.14285714285714,0.21428571428571427,0.0,0.0,0.0,0.0,0.0
1407,2015,44,,52.857142857142854,41.142857142857146,47.0,0.15571428571428572,0.0,0.0,0.0,0.0,0.0
1408,2020,33,2020-12-24,81.71428571428571,62.285714285714285,72.0,0.31999999999999995,0.0,0.0,0.0,0.0,0.0
1409,2020,38,2020-12-24,70.85714285714286,50.714285714285715,60.785714285714285,0.0,0.0,0.0,0.0,0.0,0.0
1410,2020,43,2020-12-24,33.57142857142857,27.428571428571427,30.5,0.14857142857142858,1.3000000000000003,2.0,6.0,1.0,5.0
1411,2020,53,2020-12-24,23.25,8.25,15.75,0.05,0.6,8.5,4.0,4.0,4.0
1412,2021,12,2021-12-08,50.857142857142854,34.857142857142854,42.857142857142854,0.2514285714285714,0.0,0.0,2.0,0.0,0.0
1413,2021,20,2021-12-08,78.28571428571429,62.142857142857146,70.21428571428571,0.21,0.0,0.0,0.0,0.0,0.0
1414,2021,28,2021-12-08,84.28571428571429,63.714285714285715,74.0,0.03142857142857143,0.0,0.0,0.0,0.0,0.0
1415,2021,36,2021-12-08,77.57142857142857,58.57142857142857,68.07142857142857,0.0,0.0,0.0,0.0,0.0,0.0
1416,2021,39,2021-12-08,78.85714285714286,59.42857142857143,69.14285714285714,0.038571428571428576,0.0,0.0,0.0,0.0,0.0
1417,2022,4,2022-12-08,19.857142857142858,-2.142857142857143,8.857142857142858,0.005714285714285714,0.04285714285714286,8.0,7.0,6.0,7.0
1418,2022,10,2022-12-08,30.571428571428573,11.857142857142858,21.214285714285715,0.0,0.0,3.7142857142857144,7.0,5.0,6.0
1419,2022,15,2022-12-08,46.142857142857146,30.0,38.07142857142857,0.11285714285714286,0.028571428571428574,0.0,4.0,0.0,2.0
1420,2022,35,2022-12-08,82.14285714285714,62.285714285714285,72.21428571428571,0.0,0.0,0.0,0.0,0.0,0.0
1421,2022,46,2022-12-08,28.571428571428573,19.285714285714285,23.928571428571427,0.051428571428571435,0.6571428571428571,2.142857142857143,7.0,5.0,7.0
1422,2022,51,2022-12-08,5.0,-6.857142857142857,-0.9285714285714286,0.07285714285714286,1.3571428571428572,8.571428571428571,7.0,7.0,7.0
1423,2023,2,2024-01-13,30.571428571428573,18.142857142857142,24.357142857142858,0.01,0.0,13.0,7.0,3.0,6.0
1424,2023,3,2024-01-13,29.857142857142858,24.0,26.928571428571427,0.10285714285714287,0.6142857142857142,10.428571428571429,6.0,3.0,5.0
1425,2023,5,2024-01-13,15.857142857142858,-3.0,6.428571428571429,0.0,0.0,10.142857142857142,7.0,7.0,7.0
1426,2023,7,2024-01-13,34.857142857142854,19.0,26.928571428571427,0.12000000000000001,0.0,4.857142857142857,6.0,2.0,5.0
1427,2023,9,2024-01-13,36.857142857142854,21.857142857142858,29.357142857142858,0.11714285714285715,0.45714285714285713,8.0,7.0,1.0,6.0
1428,2023,17,2024-01-13,53.857142857142854,37.57142857142857,45.714285714285715,0.037142857142857144,0.0,0.0,0.0,0.0,0.0
1429,2023,21,2024-01-13,81.14285714285714,56.714285714285715,68.92857142857143,0.0,0.0,0.0,0.0,0.0,0.0
1430,2023,23,2024-01-13,82.71428571428571,62.142857142857146,72.42857142857143,0.008571428571428572,0.0,0.0,0.0,0.0,0.0
1431,2023,25,2024-01-13,88.28571428571429,67.85714285714286,78.07142857142857,0.10857142857142857,0.0,0.0,0.0,0.0,0.0
1432,2023,28,2024-01-13,84.14285714285714,63.285714285714285,73.71428571428571,0.027142857142857142,0.0,0.0,0.0,0.0,0.0
1433,2023,49,2024-01-13,40.42857142857143,26.857142857142858,33.642857142857146,0.02,0.1857142857142857,0.14285714285714285,6.0,1.0,3.0
1434,2024,5,,46.57142857142857,28.142857142857142,37.357142857142854,0.0,0.0,0.0,6.0,0.0,0.0
1435,2024,19,,75.42857142857143,51.57142857142857,63.5,0.049999999999999996,0.0,0.0,0.0,0.0,0.0
1436,2024,22,,72.42857142857143,55.57142857142857,64.0,0.16999999999999998,0.0,0.0,0.0,0.0,0.0
1437,2024,26,,79.0,62.57142857142857,70.78571428571429,0.16142857142857145,0.0,0.0,0.0,0.0,0.0
1438,2024,37,,83.28571428571429,64.0,73.64285714285714,0.002857142857142857,0.0,0.0,0.0,0.0,0.0
1439,2024,40,,72.71428571428571,49.285714285714285,61.0,0.0,0.0,0.0,0.0,0.0,0.0
1440,2024,41,,69.42857142857143,47.285714285714285,58.357142857142854,0.0,0.0,0.0,0.0,0.0,0.0
1441,1970,3,,10.714285714285714,-3.857142857142857,3.4285714285714284,0.03142857142857143,0.7285714285714285,17.571428571428573,7.0,7.0,7.0
1442,1970,24,,84.57142857142857,67.0,75.78571428571429,0.09000000000000001,0.0,0.0,0.0,0.0,0.0
1443,1970,27,,86.85714285714286,65.42857142857143,76.14285714285714,0.027142857142857142,0.0,0.0,0.0,0.0,0.0
1444,1970,30,,85.57142857142857,60.57142857142857,73.07142857142857,0.09142857142857143,0.0,0.0,0.0,0.0,0.0
1445,1970,39,,64.28571428571429,46.42857142857143,55.357142857142854,0.14285714285714285,0.0,0.0,0.0,0.0,0.0
1446,1970,44,,47.42857142857143,37.42857142857143,42.42857142857143,0.18142857142857144,0.0,0.0,0.0,0.0,0.0
1447,1970,46,,40.142857142857146,29.714285714285715,34.92857142857143,0.21571428571428572,0.0,0.0,3.0,0.0,2.0
1448,1971,5,,11.714285714285714,-2.4285714285714284,4.642857142857143,0.0642857142857143,1.3000000000000003,16.285714285714285,7.0,7.0,7.0
1449,1971,17,,56.142857142857146,37.285714285714285,46.714285714285715,0.08714285714285715,0.0,0.0,0.0,0.0,0.0
1450,1971,22,,77.28571428571429,57.57142857142857,67.42857142857143,0.12,0.0,0.0,0.0,0.0,0.0
1451,1971,48,,28.571428571428573,17.285714285714285,22.928571428571427,0.015714285714285715,0.3,7.285714285714286,7.0,5.0,7.0
1452,1972,16,,52.285714285714285,35.57142857142857,43.92857142857143,0.14142857142857143,0.6857142857142857,0.0,0.0,0.0,0.0
1453,1972,23,,78.42857142857143,52.42857142857143,65.42857142857143,0.012857142857142857,0.0,0.0,0.0,0.0,0.0
1454,1972,24,,78.42857142857143,55.714285714285715,67.07142857142857,0.1142857142857143,0.0,0.0,0.0,0.0,0.0
1455,1972,25,,72.85714285714286,49.142857142857146,61.0,0.1685714285714286,0.0,0.0,0.0,0.0,0.0
1456,1972,26,,80.57142857142857,59.142857142857146,69.85714285714286,0.18285714285714286,0.0,0.0,0.0,0.0,0.0
1457,1972,38,,71.42857142857143,49.0,60.214285714285715,0.058571428571428566,0.0,0.0,0.0,0.0,0.0
1458,1972,39,,59.0,39.142857142857146,49.07142857142857,0.09,0.0,0.0,1.0,0.0,0.0
1459,1972,44,,43.857142857142854,37.142857142857146,40.5,0.21428571428571427,0.0,0.0,0.0,0.0,0.0
1460,1972,45,,40.857142857142854,34.142857142857146,37.5,0.012857142857142857,0.028571428571428574,0.0,3.0,0.0,0.0
1461,1973,2,,17.428571428571427,-1.8571428571428572,7.785714285714286,0.0,0.014285714285714287,7.857142857142857,7.0,6.0,7.0
1462,1973,6,,23.571428571428573,9.857142857142858,16.714285714285715,0.0,0.0,4.0,7.0,7.0,7.0
1463,1973,23,,84.0,58.714285714285715,71.35714285714286,0.030000000000000002,0.0,0.0,0.0,0.0,0.0
1464,1973,31,,81.42857142857143,60.57142857142857,71.0,0.041428571428571426,0.0,0.0,0.0,0.0,0.0
1465,1973,32,,83.57142857142857,63.142857142857146,73.35714285714286,0.042857142857142864,0.0,0.0,0.0,0.0,0.0
1466,1973,33,,84.28571428571429,63.857142857142854,74.07142857142857,0.17285714285714285,0.0,0.0,0.0,0.0,0.0
1467,1973,35,,87.14285714285714,71.85714285714286,79.5,0.02857142857142857,0.0,0.0,0.0,0.0,0.0
1468,1973,36,,72.42857142857143,56.0,64.21428571428571,0.018571428571428572,0.0,0.0,0.0,0.0,0.0
1469,1973,46,,49.57142857142857,33.0,41.285714285714285,0.0,0.0,0.0,3.0,0.0,1.0
1470,1973,47,,44.57142857142857,30.714285714285715,37.642857142857146,0.27142857142857146,0.0,0.0,4.0,0.0,1.0
1471,1973,51,,19.571428571428573,7.0,13.285714285714286,0.002857142857142857,0.2285714285714286,4.714285714285714,7.0,7.0,7.0
1472,1974,13,,38.285714285714285,24.285714285714285,31.285714285714285,0.10142857142857142,0.5714285714285714,0.7142857142857143,7.0,0.0,3.0
1473,1974,23,,76.0,57.0,66.5,0.54,0.0,0.0,0.0,0.0,0.0
1474,1974,24,,71.14285714285714,50.285714285714285,60.714285714285715,0.06285714285714286,0.0,0.0,0.0,0.0,0.0
1475,1974,28,,90.14285714285714,71.28571428571429,80.71428571428571,0.10142857142857142,0.0,0.0,0.0,0.0,0.0
1476,1974,47,,40.714285714285715,26.571428571428573,33.642857142857146,0.017142857142857144,0.028571428571428574,0.0,6.0,0.0,2.0
1477,1975,8,,30.714285714285715,12.857142857142858,21.785714285714285,0.030000000000000002,0.2857142857142857,16.285714285714285,7.0,4.0,7.0
1478,1975,13,,27.142857142857142,14.714285714285714,20.928571428571427,0.1457142857142857,1.3142857142857143,9.428571428571429,7.0,5.0,7.0
1479,1975,14,,30.714285714285715,17.0,23.857142857142858,0.002857142857142857,0.04285714285714286,9.142857142857142,7.0,4.0,6.0
1480,1975,18,,55.714285714285715,39.0,47.357142857142854,0.021428571428571432,0.0,0.0,0.0,0.0,0.0
1481,1975,23,,74.42857142857143,53.142857142857146,63.785714285714285,0.1542857142857143,0.0,0.0,0.0,0.0,0.0
1482,1975,27,,88.57142857142857,70.28571428571429,79.42857142857143,0.16142857142857145,0.0,0.0,0.0,0.0,0.0
1483,1975,28,,75.14285714285714,56.714285714285715,65.92857142857143,0.027142857142857142,0.0,0.0,0.0,0.0,0.0
1484,1978,15,1978-12-02,53.285714285714285,33.57142857142857,43.42857142857143,0.027142857142857142,0.0,0.0,2.0,0.0,0.0
1485,1978,42,1978-12-02,62.42857142857143,38.285714285714285,50.357142857142854,0.0,0.0,0.0,0.0,0.0,0.0
1486,1978,47,1978-12-02,25.571428571428573,13.857142857142858,19.714285714285715,0.049999999999999996,0.6571428571428571,6.571428571428571,7.0,6.0,7.0
1487,1978,49,1978-12-02,15.857142857142858,-8.428571428571429,3.7142857142857144,0.0014285714285714286,0.028571428571428574,10.428571428571429,7.0,6.0,7.0
1488,1978,50,1978-12-02,33.42857142857143,20.142857142857142,26.785714285714285,0.0,0.0,8.571428571428571,7.0,2.0,6.0
1489,1978,51,1978-12-02,30.428571428571427,14.857142857142858,22.642857142857142,0.05285714285714286,0.8285714285714286,9.857142857142858,7.0,4.0,7.0
1490,1979,1,1979-12-13,5.875,-8.125,-1.125,0.0,0.0,9.625,8.0,7.0,8.0
1491,1979,10,1979-12-13,30.428571428571427,9.857142857142858,20.142857142857142,0.012857142857142857,0.21428571428571427,21.428571428571427,7.0,2.0,7.0
1492,1979,19,1979-12-13,59.42857142857143,41.857142857142854,50.642857142857146,0.16999999999999998,0.0,0.0,1.0,0.0,0.0
1493,1979,21,1979-12-13,69.42857142857143,43.142857142857146,56.285714285714285,0.07857142857142858,0.0,0.0,0.0,0.0,0.0
1494,1979,38,1979-12-13,71.42857142857143,48.142857142857146,59.785714285714285,0.0,0.0,0.0,0.0,0.0,0.0
1495,1979,46,1979-12-13,46.857142857142854,26.285714285714285,36.57142857142857,0.0,0.028571428571428574,0.0,5.0,0.0,3.0
1496,1979,48,1979-12-13,27.571428571428573,14.0,20.785714285714285,0.008571428571428572,0.14285714285714285,0.2857142857142857,7.0,6.0,7.0
1497,1980,21,1980-12-09,83.28571428571429,54.285714285714285,68.78571428571429,0.0,0.0,0.0,0.0,0.0,0.0
1498,1981,6,1981-12-15,16.714285714285715,0.8571428571428571,8.785714285714286,0.03428571428571429,0.5714285714285714,3.7142857142857144,7.0,7.0,7.0
1499,1975,47,,43.285714285714285,27.285714285714285,35.285714285714285,0.33428571428571424,1.242857142857143,2.142857142857143,4.0,3.0,3.0
1500,1975,48,,27.142857142857142,13.0,20.071428571428573,0.10714285714285714,0.7857142857142857,4.142857142857143,7.0,5.0,6.0
1501,1976,4,,26.571428571428573,8.428571428571429,17.5,0.025714285714285714,0.2571428571428571,9.714285714285714,7.0,6.0,7.0
1502,1976,11,,35.142857142857146,17.0,26.071428571428573,0.07857142857142858,0.24285714285714288,5.142857142857143,7.0,1.0,6.0
1503,1976,16,,73.57142857142857,49.714285714285715,61.642857142857146,0.04,0.0,0.0,1.0,0.0,0.0
1504,1976,17,,59.142857142857146,40.714285714285715,49.92857142857143,0.07142857142857142,0.0,0.0,0.0,0.0,0.0
1505,1976,19,,67.42857142857143,37.0,52.214285714285715,0.0014285714285714286,0.0,0.0,0.0,0.0,0.0
1506,1976,28,,92.42857142857143,66.57142857142857,79.5,0.0,0.0,0.0,0.0,0.0,0.0
1507,1976,34,,91.71428571428571,66.0,78.85714285714286,0.0,0.0,0.0,0.0,0.0,0.0
1508,1977,25,,81.71428571428571,61.142857142857146,71.42857142857143,0.015714285714285715,0.0,0.0,0.0,0.0,0.0
1509,1977,31,,79.42857142857143,56.42857142857143,67.92857142857143,0.06142857142857143,0.0,0.0,0.0,0.0,0.0
1510,1977,41,,54.857142857142854,33.42857142857143,44.142857142857146,0.07714285714285715,0.42857142857142855,0.0,1.0,0.0,0.0
1511,1981,13,1981-12-15,60.285714285714285,37.857142857142854,49.07142857142857,0.09142857142857143,0.0,0.0,0.0,0.0,0.0
1512,1981,28,1981-12-15,86.42857142857143,63.42857142857143,74.92857142857143,0.33999999999999997,0.0,0.0,0.0,0.0,0.0
1513,1981,29,1981-12-15,80.71428571428571,62.42857142857143,71.57142857142857,0.10428571428571429,0.0,0.0,0.0,0.0,0.0
1514,1981,35,1981-12-15,74.0,63.714285714285715,68.85714285714286,0.3814285714285714,0.0,0.0,0.0,0.0,0.0
1515,1981,50,1981-12-15,31.857142857142858,22.428571428571427,27.142857142857142,0.017142857142857144,0.2,3.7142857142857144,7.0,3.0,5.0
1516,1982,7,1982-12-11,37.0,25.714285714285715,31.357142857142858,0.0,0.0,15.571428571428571,6.0,0.0,3.0
1517,1982,15,1982-12-11,61.57142857142857,40.42857142857143,51.0,0.11857142857142856,0.0,0.0,0.0,0.0,0.0
1518,1982,16,1982-12-11,62.0,37.285714285714285,49.642857142857146,0.08571428571428573,0.42857142857142855,0.2857142857142857,3.0,0.0,0.0
1519,1982,20,1982-12-11,69.85714285714286,51.714285714285715,60.785714285714285,0.08142857142857142,0.0,0.0,0.0,0.0,0.0
1520,1982,23,1982-12-11,74.71428571428571,51.0,62.857142857142854,0.002857142857142857,0.0,0.0,0.0,0.0,0.0
1521,1982,49,1982-12-11,25.142857142857142,6.714285714285714,15.928571428571429,0.0,0.0,0.0,7.0,5.0,7.0
1522,1983,2,1983-12-02,26.285714285714285,8.0,17.142857142857142,0.015714285714285715,0.14285714285714285,8.857142857142858,7.0,6.0,7.0
1523,1983,11,1983-12-02,37.0,28.714285714285715,32.857142857142854,0.10285714285714287,0.9714285714285714,2.2857142857142856,5.0,1.0,2.0
1524,1983,12,1983-12-02,35.57142857142857,22.0,28.785714285714285,0.06714285714285714,0.9857142857142858,1.1428571428571428,7.0,1.0,5.0
1525,1983,18,1983-12-02,62.0,41.57142857142857,51.785714285714285,0.3271428571428571,0.0,0.0,0.0,0.0,0.0
1526,1983,20,1983-12-02,63.42857142857143,45.285714285714285,54.357142857142854,0.10714285714285714,0.0,0.0,0.0,0.0,0.0
1527,1983,35,1983-12-02,84.28571428571429,66.85714285714286,75.57142857142857,0.18142857142857144,0.0,0.0,0.0,0.0,0.0
1528,1984,1,1984-12-06,30.375,17.125,23.75,0.021249999999999998,0.325,11.875,8.0,3.0,7.0
1529,1984,20,1984-12-06,72.14285714285714,48.714285714285715,60.42857142857143,0.10714285714285714,0.0,0.0,0.0,0.0,0.0
1530,1984,30,1984-12-06,81.0,62.0,71.5,0.04857142857142858,0.0,0.0,0.0,0.0,0.0
1531,1984,31,1984-12-06,84.42857142857143,68.85714285714286,76.64285714285714,0.21,0.0,0.0,0.0,0.0,0.0
1532,1985,12,1985-11-27,51.0,31.285714285714285,41.142857142857146,0.04142857142857143,0.08571428571428573,0.0,3.0,0.0,0.0
1533,1985,19,1985-11-27,76.71428571428571,53.714285714285715,65.21428571428571,0.12285714285714287,0.0,0.0,0.0,0.0,0.0
1534,1985,24,1985-11-27,69.0,51.285714285714285,60.142857142857146,0.19571428571428573,0.0,0.0,0.0,0.0,0.0
1535,1985,28,1985-11-27,86.85714285714286,64.0,75.42857142857143,0.0,0.0,0.0,0.0,0.0,0.0
1536,1986,8,1986-12-05,24.714285714285715,11.714285714285714,18.214285714285715,0.027142857142857142,0.4714285714285715,17.571428571428573,7.0,7.0,7.0
1537,1986,16,1986-12-05,55.57142857142857,38.57142857142857,47.07142857142857,0.21428571428571433,0.05714285714285715,0.0,0.0,0.0,0.0
1538,1986,24,1986-12-05,78.14285714285714,54.42857142857143,66.28571428571429,0.06999999999999999,0.0,0.0,0.0,0.0,0.0
1539,1986,27,1986-12-05,80.14285714285714,61.857142857142854,71.0,0.08,0.0,0.0,0.0,0.0,0.0
1540,1986,44,1986-12-05,54.0,33.0,43.5,0.04285714285714286,0.0,0.0,2.0,0.0,1.0
1541,1987,4,1987-12-17,16.428571428571427,-1.4285714285714286,7.5,0.012857142857142857,0.12857142857142856,0.8571428571428571,7.0,6.0,7.0
1542,1987,7,1987-12-17,41.142857142857146,21.285714285714285,31.214285714285715,0.0,0.0,0.0,7.0,1.0,3.0
1543,1987,16,1987-12-17,72.85714285714286,48.0,60.42857142857143,0.002857142857142857,0.0,0.0,0.0,0.0,0.0
1544,1987,22,1987-12-17,78.57142857142857,60.714285714285715,69.64285714285714,0.015714285714285715,0.0,0.0,0.0,0.0,0.0
1545,1987,25,1987-12-17,86.57142857142857,67.0,76.78571428571429,0.08571428571428572,0.0,0.0,0.0,0.0,0.0
1546,1987,31,1987-12-17,91.71428571428571,73.0,82.35714285714286,0.13857142857142857,0.0,0.0,0.0,0.0,0.0
1547,1987,32,1987-12-17,78.71428571428571,62.42857142857143,70.57142857142857,0.36714285714285716,0.0,0.0,0.0,0.0,0.0
1548,1987,38,1987-12-17,68.0,52.142857142857146,60.07142857142857,0.09571428571428572,0.0,0.0,0.0,0.0,0.0
1549,1988,1,1988-12-01,4.714285714285714,-13.857142857142858,-4.571428571428571,0.0014285714285714286,0.014285714285714287,3.5714285714285716,7.0,7.0,7.0
1550,1988,2,1988-12-01,27.428571428571427,7.142857142857143,17.285714285714285,0.04,0.6,4.0,7.0,4.0,6.0
1551,1988,14,1988-12-01,66.28571428571429,41.57142857142857,53.92857142857143,0.0,0.0,0.0,1.0,0.0,0.0
1552,1988,23,1988-12-01,85.71428571428571,55.42857142857143,70.57142857142857,0.0,0.0,0.0,0.0,0.0,0.0
1553,1988,30,1988-12-01,94.71428571428571,67.28571428571429,81.0,0.0,0.0,0.0,0.0,0.0,0.0
1554,1988,40,1988-12-01,59.0,35.285714285714285,47.142857142857146,0.0,0.0,0.0,1.0,0.0,0.0
1555,1988,42,1988-12-01,50.857142857142854,32.57142857142857,41.714285714285715,0.09000000000000001,0.028571428571428574,0.0,3.0,0.0,0.0
1556,1988,50,1988-12-01,30.0,11.0,20.5,0.017142857142857144,0.2571428571428572,0.2857142857142857,7.0,3.0,7.0
1557,1989,14,1989-12-03,46.0,27.142857142857142,36.57142857142857,0.052857142857142866,0.014285714285714287,0.0,5.0,0.0,2.0
1558,1989,16,1989-12-03,63.57142857142857,39.142857142857146,51.357142857142854,0.012857142857142857,0.07142857142857142,0.14285714285714285,3.0,0.0,0.0
1559,1989,20,1989-12-03,77.14285714285714,53.857142857142854,65.5,0.07714285714285715,0.0,0.0,0.0,0.0,0.0
1560,1989,21,1989-12-03,73.57142857142857,50.42857142857143,62.0,0.1442857142857143,0.0,0.0,0.0,0.0,0.0
1561,1989,40,1989-12-03,53.142857142857146,31.714285714285715,42.42857142857143,0.0071428571428571435,0.0,0.0,5.0,0.0,0.0
1562,1989,51,1989-12-03,1.4285714285714286,-13.714285714285714,-6.142857142857143,0.014285714285714285,0.24285714285714285,1.4285714285714286,7.0,7.0,7.0
1563,1990,19,1990-12-18,67.42857142857143,44.714285714285715,56.07142857142857,0.10428571428571429,0.0,0.0,0.0,0.0,0.0
1564,1990,20,1990-12-18,59.42857142857143,45.285714285714285,52.357142857142854,0.2685714285714286,0.0,0.0,0.0,0.0,0.0
1565,1990,28,1990-12-18,77.14285714285714,57.42857142857143,67.28571428571429,0.08285714285714285,0.0,0.0,0.0,0.0,0.0
1566,1990,32,1990-12-18,78.57142857142857,56.714285714285715,67.64285714285714,0.002857142857142857,0.0,0.0,0.0,0.0,0.0
1567,1990,33,1990-12-18,79.71428571428571,61.57142857142857,70.64285714285714,0.03571428571428571,0.0,0.0,0.0,0.0,0.0
1568,1990,44,1990-12-18,58.857142857142854,37.142857142857146,48.0,0.04285714285714286,0.41428571428571426,0.14285714285714285,2.0,0.0,1.0
1569,1991,12,1991-11-25,48.142857142857146,33.857142857142854,41.0,0.17285714285714288,0.014285714285714287,0.0,1.0,0.0,0.0
1570,1991,13,1991-11-25,49.714285714285715,25.714285714285715,37.714285714285715,0.07142857142857142,0.042857142857142864,0.0,6.0,0.0,3.0
1571,1991,22,1991-11-25,81.42857142857143,63.0,72.21428571428571,0.24000000000000002,0.0,0.0,0.0,0.0,0.0
1572,1991,30,1991-11-25,74.85714285714286,58.285714285714285,66.57142857142857,0.10142857142857142,0.0,0.0,0.0,0.0,0.0
1573,1991,32,1991-11-25,76.0,58.285714285714285,67.14285714285714,0.1442857142857143,0.0,0.0,0.0,0.0,0.0
1574,1991,36,1991-11-25,78.85714285714286,58.0,68.42857142857143,0.33285714285714285,0.0,0.0,0.0,0.0,0.0
1575,1992,5,1992-12-18,35.57142857142857,19.571428571428573,27.571428571428573,0.0,0.0,9.285714285714286,7.0,2.0,4.0
1576,1992,15,1992-12-18,50.42857142857143,30.0,40.214285714285715,0.06142857142857144,0.08571428571428572,0.14285714285714285,3.0,0.0,1.0
1577,1992,28,1992-12-18,77.0,59.57142857142857,68.28571428571429,0.2842857142857143,0.0,0.0,0.0,0.0,0.0
1578,1992,32,1992-12-18,78.42857142857143,59.42857142857143,68.92857142857143,0.28285714285714286,0.0,0.0,0.0,0.0,0.0
1579,1992,34,1992-12-18,79.71428571428571,58.57142857142857,69.14285714285714,0.004285714285714286,0.0,0.0,0.0,0.0,0.0
1580,1993,2,1993-12-11,22.571428571428573,6.285714285714286,14.428571428571429,0.11857142857142858,1.3142857142857143,9.142857142857142,7.0,7.0,7.0
1581,1993,7,1993-12-11,14.571428571428571,0.0,7.285714285714286,0.02,0.34285714285714286,6.0,7.0,7.0,7.0
1582,1993,8,1993-12-11,21.428571428571427,-0.7142857142857143,10.357142857142858,0.01,0.1285714285714286,8.285714285714286,7.0,6.0,7.0
1583,1993,12,1993-12-11,48.0,29.0,38.5,0.0014285714285714286,0.028571428571428574,0.2857142857142857,5.0,0.0,0.0
1584,1993,20,1993-12-11,64.0,44.42857142857143,54.214285714285715,0.11571428571428573,0.0,0.0,0.0,0.0,0.0
1585,1993,21,1993-12-11,64.42857142857143,48.57142857142857,56.5,0.1442857142857143,0.0,0.0,0.0,0.0,0.0
1586,1993,32,1993-12-11,85.28571428571429,66.28571428571429,75.78571428571429,0.3485714285714286,0.0,0.0,0.0,0.0,0.0
1587,1994,6,1994-12-11,14.571428571428571,-6.571428571428571,4.0,0.04428571428571428,0.8714285714285713,10.857142857142858,7.0,7.0,7.0
1588,1994,14,1994-12-11,48.285714285714285,28.142857142857142,38.214285714285715,0.027142857142857142,0.1142857142857143,0.0,5.0,0.0,2.0
1589,1994,32,1994-12-11,69.42857142857143,54.285714285714285,61.857142857142854,0.18142857142857144,0.0,0.0,0.0,0.0,0.0
1590,1994,45,1994-12-11,53.714285714285715,37.285714285714285,45.5,0.02428571428571429,0.0,0.0,2.0,0.0,0.0
1591,1994,51,1994-12-11,40.0,21.0,30.5,0.0,0.0,3.2857142857142856,7.0,0.0,4.0
1592,1995,16,1995-11-28,53.857142857142854,35.0,44.42857142857143,0.12571428571428572,0.014285714285714287,0.0,0.0,0.0,0.0
1593,1995,27,1995-11-28,78.28571428571429,60.857142857142854,69.57142857142857,0.13142857142857142,0.0,0.0,0.0,0.0,0.0
1594,1995,35,1995-11-28,83.14285714285714,63.285714285714285,73.21428571428571,0.04142857142857143,0.0,0.0,0.0,0.0,0.0
1595,1995,38,1995-11-28,54.0,39.57142857142857,46.785714285714285,0.07142857142857142,0.0,0.0,0.0,0.0,0.0
1596,1995,41,1995-11-28,67.42857142857143,46.57142857142857,57.0,0.002857142857142857,0.0,0.0,0.0,0.0,0.0
1597,1995,44,1995-11-28,37.42857142857143,25.571428571428573,31.5,0.08571428571428572,0.3285714285714286,0.14285714285714285,5.0,1.0,3.0
1598,1996,13,1996-11-25,35.42857142857143,14.428571428571429,24.928571428571427,0.03,0.5142857142857143,5.0,7.0,2.0,4.0
1599,1996,17,1996-11-25,56.142857142857146,31.0,43.57142857142857,0.027142857142857142,0.014285714285714287,0.0,3.0,0.0,0.0
1600,1996,37,1996-11-25,72.42857142857143,48.0,60.214285714285715,0.0,0.0,0.0,0.0,0.0,0.0
1601,1996,38,1996-11-25,68.14285714285714,50.142857142857146,59.142857142857146,0.10142857142857142,0.0,0.0,0.0,0.0,0.0
1602,1996,39,1996-11-25,62.142857142857146,45.714285714285715,53.92857142857143,0.0842857142857143,0.0,0.0,0.0,0.0,0.0
1603,1996,40,1996-11-25,66.42857142857143,43.285714285714285,54.857142857142854,0.0,0.0,0.0,2.0,0.0,0.0
1604,1996,44,1996-11-25,44.285714285714285,23.142857142857142,33.714285714285715,0.11571428571428573,0.0,0.0,6.0,1.0,3.0
1605,1996,45,1996-11-25,40.857142857142854,30.142857142857142,35.5,0.05285714285714286,0.0,0.0,5.0,1.0,2.0
1606,1996,48,1996-11-25,25.142857142857142,6.714285714285714,15.928571428571429,0.08714285714285716,0.2857142857142857,8.285714285714286,7.0,5.0,7.0
1607,1997,26,1997-12-26,83.71428571428571,64.42857142857143,74.07142857142857,0.3614285714285714,0.0,0.0,0.0,0.0,0.0
1608,1997,34,1997-12-26,73.0,57.0,65.0,0.46428571428571425,0.0,0.0,0.0,0.0,0.0
1609,1997,35,1997-12-26,81.0,62.714285714285715,71.85714285714286,0.18,0.0,0.0,0.0,0.0,0.0
1610,1998,15,1998-12-25,61.714285714285715,41.42857142857143,51.57142857142857,0.11285714285714286,0.0,0.0,1.0,0.0,0.0
1611,1998,18,1998-12-25,68.85714285714286,39.857142857142854,54.357142857142854,0.06999999999999999,0.0,0.0,0.0,0.0,0.0
1612,1998,23,1998-12-25,64.14285714285714,42.285714285714285,53.214285714285715,0.0,0.0,0.0,0.0,0.0,0.0
1613,1998,27,1998-12-25,80.42857142857143,61.714285714285715,71.07142857142857,0.08714285714285715,0.0,0.0,0.0,0.0,0.0
1614,1998,43,1998-12-25,62.42857142857143,37.857142857142854,50.142857142857146,0.0,0.0,0.0,2.0,0.0,0.0
1615,1998,44,1998-12-25,58.0,43.42857142857143,50.714285714285715,0.06999999999999999,0.0,0.0,0.0,0.0,0.0
1616,1999,53,1999-12-21,12.666666666666666,0.0,6.333333333333333,0.20666666666666667,2.733333333333333,1.6666666666666667,3.0,3.0,3.0
1617,1999,2,1999-12-21,19.714285714285715,5.0,12.357142857142858,0.16714285714285712,2.2,7.714285714285714,7.0,5.0,6.0
1618,1999,8,1999-12-21,37.57142857142857,25.285714285714285,31.428571428571427,0.015714285714285715,0.21428571428571427,0.14285714285714285,6.0,0.0,4.0
1619,1999,24,1999-12-21,69.14285714285714,50.142857142857146,59.642857142857146,0.02,0.0,0.0,0.0,0.0,0.0
1620,1999,27,1999-12-21,83.28571428571429,59.57142857142857,71.42857142857143,0.08142857142857143,0.0,0.0,0.0,0.0,0.0
1621,1999,35,1999-12-21,82.0,63.0,72.5,0.05142857142857143,0.0,0.0,0.0,0.0,0.0
1622,1999,37,1999-12-21,68.14285714285714,47.42857142857143,57.785714285714285,0.06714285714285714,0.0,0.0,0.0,0.0,0.0
1623,1999,40,1999-12-21,67.28571428571429,41.714285714285715,54.5,0.012857142857142857,0.0,0.0,0.0,0.0,0.0
1624,1999,43,1999-12-21,65.14285714285714,40.857142857142854,53.0,0.09285714285714285,0.0,0.0,0.0,0.0,0.0
1625,2000,7,2000-12-05,28.285714285714285,13.0,20.642857142857142,0.027142857142857142,0.4428571428571429,8.285714285714286,7.0,5.0,7.0
1626,2000,10,2000-12-05,50.42857142857143,30.714285714285715,40.57142857142857,0.08857142857142859,0.07142857142857142,0.14285714285714285,4.0,1.0,4.0
1627,2000,17,2000-12-05,69.57142857142857,45.142857142857146,57.357142857142854,0.011428571428571429,0.0,0.0,0.0,0.0,0.0
1628,2000,26,2000-12-05,79.85714285714286,59.42857142857143,69.64285714285714,0.11142857142857143,0.0,0.0,0.0,0.0,0.0
1629,2000,36,2000-12-05,76.0,55.285714285714285,65.64285714285714,0.01,0.0,0.0,0.0,0.0,0.0
1630,2000,41,2000-12-05,65.28571428571429,42.142857142857146,53.714285714285715,0.0014285714285714286,0.0,0.0,1.0,0.0,0.0
1631,2000,49,2000-12-05,21.428571428571427,4.0,12.714285714285714,0.02428571428571429,0.3714285714285714,1.0,7.0,6.0,7.0
1632,2001,4,2002-01-02,25.0,5.571428571428571,15.285714285714286,0.015714285714285715,0.32857142857142857,9.428571428571429,7.0,7.0,7.0
1633,2001,14,2002-01-02,51.57142857142857,36.0,43.785714285714285,0.30142857142857143,0.18571428571428572,0.8571428571428571,1.0,0.0,0.0
1634,2001,23,2002-01-02,71.42857142857143,56.142857142857146,63.785714285714285,0.11714285714285713,0.0,0.0,0.0,0.0,0.0
1635,2001,33,2002-01-02,77.57142857142857,58.857142857142854,68.21428571428571,0.19714285714285712,0.0,0.0,0.0,0.0,0.0
1636,2001,35,2002-01-02,80.14285714285714,59.857142857142854,70.0,0.09428571428571429,0.0,0.0,0.0,0.0,0.0
1637,2001,39,2002-01-02,66.57142857142857,41.714285714285715,54.142857142857146,0.0,0.0,0.0,0.0,0.0,0.0
1638,2001,40,2002-01-02,61.0,40.857142857142854,50.92857142857143,0.0,0.0,0.0,2.0,0.0,0.0
1639,2002,21,2002-12-03,66.42857142857143,46.142857142857146,56.285714285714285,0.06285714285714286,0.0,0.0,0.0,0.0,0.0
1640,2002,28,2002-12-03,82.57142857142857,65.28571428571429,73.92857142857143,0.2971428571428571,0.0,0.0,0.0,0.0,0.0
1641,2002,32,2002-12-03,81.0,64.0,72.5,0.017142857142857144,0.0,0.0,0.0,0.0,0.0
1642,2002,38,2002-12-03,72.71428571428571,55.285714285714285,64.0,0.004285714285714286,0.0,0.0,0.0,0.0,0.0
1643,2002,41,2002-12-03,60.57142857142857,38.857142857142854,49.714285714285715,0.14714285714285716,0.0,0.0,1.0,0.0,0.0
1644,2002,44,2002-12-03,41.142857142857146,28.714285714285715,34.92857142857143,0.0,0.0,0.0,5.0,0.0,2.0
1645,2002,45,2002-12-03,48.285714285714285,32.714285714285715,40.5,0.011428571428571429,0.1142857142857143,0.0,2.0,0.0,0.0
1646,2002,47,2002-12-03,41.142857142857146,26.857142857142858,34.0,0.0014285714285714286,0.07142857142857142,0.0,5.0,1.0,2.0
1647,2002,52,2002-12-03,31.285714285714285,17.571428571428573,24.428571428571427,0.002857142857142857,0.0,0.0,7.0,3.0,5.0
1648,2003,23,2003-12-12,70.57142857142857,54.42857142857143,62.5,0.14857142857142858,0.0,0.0,0.0,0.0,0.0
1649,2003,31,2003-12-12,83.57142857142857,64.85714285714286,74.21428571428571,0.028571428571428574,0.0,0.0,0.0,0.0,0.0
1650,2004,5,2004-12-19,7.428571428571429,-7.285714285714286,0.07142857142857142,0.06,2.157142857142857,6.142857142857143,7.0,7.0,7.0
1651,2004,11,2004-12-19,38.0,19.714285714285715,28.857142857142858,0.04428571428571428,0.15714285714285717,0.42857142857142855,7.0,1.0,4.0
1652,2004,26,2004-12-19,71.57142857142857,52.714285714285715,62.142857142857146,0.04428571428571428,0.0,0.0,0.0,0.0,0.0
1653,2004,50,2004-12-19,37.857142857142854,29.0,33.42857142857143,0.028571428571428574,0.028571428571428574,0.0,5.0,0.0,2.0
1654,2005,3,2005-12-07,23.0,5.571428571428571,14.285714285714286,0.10714285714285716,0.8857142857142858,2.5714285714285716,7.0,6.0,7.0
1655,2005,9,2005-12-07,36.57142857142857,18.285714285714285,27.428571428571427,0.0,0.0,1.5714285714285714,6.0,3.0,4.0
1656,2005,11,2005-12-07,33.57142857142857,19.142857142857142,26.357142857142858,0.04857142857142858,0.7714285714285714,1.2857142857142858,7.0,2.0,7.0
1657,2005,20,2005-12-07,66.42857142857143,52.42857142857143,59.42857142857143,0.1242857142857143,0.0,0.0,0.0,0.0,0.0
1658,2005,36,2005-12-07,82.14285714285714,64.71428571428571,73.42857142857143,0.06999999999999999,0.0,0.0,0.0,0.0,0.0
1659,2005,37,2005-12-07,75.14285714285714,56.714285714285715,65.92857142857143,0.09428571428571429,0.0,0.0,0.0,0.0,0.0
1660,2005,41,2005-12-07,64.42857142857143,45.0,54.714285714285715,0.03142857142857143,0.0,0.0,0.0,0.0,0.0
1661,2005,45,2005-12-07,57.285714285714285,35.714285714285715,46.5,0.027142857142857142,0.0,0.0,1.0,0.0,0.0
1662,2005,49,2005-12-07,20.142857142857142,3.857142857142857,12.0,0.0014285714285714286,0.028571428571428574,3.7142857142857144,7.0,6.0,7.0
1663,2006,10,2006-12-04,44.42857142857143,28.857142857142858,36.642857142857146,0.03142857142857143,0.1142857142857143,0.14285714285714285,5.0,0.0,1.0
1664,2006,21,2006-12-04,83.71428571428571,60.714285714285715,72.21428571428571,0.04428571428571428,0.0,0.0,0.0,0.0,0.0
1665,2006,31,2006-12-04,87.42857142857143,69.57142857142857,78.5,0.5857142857142856,0.0,0.0,0.0,0.0,0.0
1666,2006,35,2006-12-04,75.0,60.142857142857146,67.57142857142857,0.1542857142857143,0.0,0.0,0.0,0.0,0.0
1667,2006,46,2006-12-04,39.142857142857146,27.428571428571427,33.285714285714285,0.008571428571428572,0.014285714285714287,0.0,5.0,0.0,3.0
1668,2006,49,2006-12-04,32.42857142857143,11.142857142857142,21.785714285714285,0.0,0.014285714285714287,0.0,7.0,3.0,5.0
1669,2007,4,2007-12-03,25.142857142857142,11.857142857142858,18.5,0.0,0.014285714285714287,2.857142857142857,7.0,6.0,7.0
1670,2007,10,2007-12-03,37.0,20.571428571428573,28.785714285714285,0.0,0.0,9.0,6.0,3.0,4.0
1671,2007,13,2007-12-03,57.714285714285715,43.142857142857146,50.42857142857143,0.3357142857142857,0.0,0.0,0.0,0.0,0.0
1672,2007,39,2007-12-03,71.57142857142857,53.714285714285715,62.642857142857146,0.25142857142857145,0.0,0.0,0.0,0.0,0.0
1673,2007,40,2007-12-03,75.85714285714286,58.857142857142854,67.35714285714286,0.22000000000000003,0.0,0.0,0.0,0.0,0.0
1674,2007,41,2007-12-03,54.57142857142857,43.714285714285715,49.142857142857146,0.06428571428571428,0.0,0.0,0.0,0.0,0.0
1675,2007,50,2007-12-03,21.571428571428573,4.714285714285714,13.142857142857142,0.0,0.0,5.571428571428571,7.0,6.0,7.0
1676,2007,51,2007-12-03,28.714285714285715,15.714285714285714,22.214285714285715,0.07428571428571429,0.5714285714285714,5.0,7.0,4.0,6.0
1677,2008,8,2008-12-07,19.714285714285715,1.1428571428571428,10.428571428571429,0.0014285714285714286,0.042857142857142864,3.857142857142857,7.0,5.0,7.0
1678,2008,9,2008-12-07,31.285714285714285,15.857142857142858,23.571428571428573,0.011428571428571429,0.15714285714285717,2.4285714285714284,7.0,4.0,7.0
1679,2008,19,2008-12-07,64.14285714285714,44.57142857142857,54.357142857142854,0.07285714285714286,0.0,0.0,0.0,0.0,0.0
1680,2008,28,2008-12-07,83.85714285714286,63.42857142857143,73.64285714285714,0.2342857142857143,0.0,0.0,0.0,0.0,0.0
1681,2008,34,2008-12-07,83.42857142857143,63.57142857142857,73.5,0.0,0.0,0.0,0.0,0.0,0.0
1682,2008,36,2008-12-07,72.57142857142857,54.0,63.285714285714285,0.02142857142857143,0.0,0.0,0.0,0.0,0.0
1683,2008,49,2008-12-07,25.714285714285715,9.428571428571429,17.571428571428573,0.017142857142857144,0.4571428571428572,1.5714285714285714,7.0,6.0,7.0
1684,2009,7,2009-12-15,33.285714285714285,21.857142857142858,27.571428571428573,0.021428571428571432,0.0,0.2857142857142857,5.0,3.0,4.0
1685,2009,18,2009-12-15,60.857142857142854,43.285714285714285,52.07142857142857,0.02428571428571429,0.0,0.0,0.0,0.0,0.0
1686,2009,19,2009-12-15,67.14285714285714,48.142857142857146,57.642857142857146,0.047142857142857146,0.0,0.0,0.0,0.0,0.0
1687,2009,45,2009-12-15,55.57142857142857,35.0,45.285714285714285,0.012857142857142857,0.0,0.0,3.0,0.0,0.0
1688,2010,53,2010-12-03,4.666666666666667,-12.666666666666666,-4.0,0.0,0.0,9.0,3.0,3.0,3.0
1689,2010,1,2010-12-03,11.142857142857142,-6.428571428571429,2.357142857142857,0.008571428571428572,0.31428571428571433,10.142857142857142,7.0,7.0,7.0
1690,2010,9,2010-12-03,41.42857142857143,22.857142857142858,32.142857142857146,0.002857142857142857,0.0,9.428571428571429,6.0,0.0,4.0
1691,2010,20,2010-12-03,78.14285714285714,57.0,67.57142857142857,0.019999999999999997,0.0,0.0,0.0,0.0,0.0
1692,2010,28,2010-12-03,86.85714285714286,66.42857142857143,76.64285714285714,0.07857142857142858,0.0,0.0,0.0,0.0,0.0
1693,2010,40,2010-12-03,76.42857142857143,50.714285714285715,63.57142857142857,0.0,0.0,0.0,0.0,0.0,0.0
1694,2010,52,2010-12-03,31.6,14.0,22.8,0.06000000000000001,0.04,14.8,5.0,2.0,5.0
1695,2011,3,2011-12-16,12.571428571428571,-2.7142857142857144,4.928571428571429,0.014285714285714287,0.39999999999999997,12.285714285714286,14.0,14.0,14.0
1696,2011,10,2011-12-16,34.57142857142857,22.0,28.285714285714285,0.022857142857142857,0.2714285714285714,8.857142857142858,14.0,6.0,10.0
1697,2011,12,2011-12-16,35.42857142857143,21.285714285714285,28.357142857142858,0.21142857142857144,0.6428571428571429,2.4285714285714284,10.0,2.0,10.0
1698,2011,20,2011-12-16,70.85714285714286,52.714285714285715,61.785714285714285,0.37000000000000005,0.0,0.0,0.0,0.0,0.0
1699,2011,21,2011-12-16,67.28571428571429,51.57142857142857,59.42857142857143,0.07142857142857142,0.0,0.0,0.0,0.0,0.0
1700,2011,24,2011-12-16,78.0,60.857142857142854,69.42857142857143,0.34714285714285725,0.0,0.0,0.0,0.0,0.0
1701,2011,32,2011-12-16,80.71428571428571,63.0,71.85714285714286,0.08857142857142856,0.0,0.0,0.0,0.0,0.0
1702,2011,34,2011-12-16,82.85714285714286,63.57142857142857,73.21428571428571,0.017142857142857144,0.0,0.0,0.0,0.0,0.0
1703,2011,37,2011-12-16,66.57142857142857,48.857142857142854,57.714285714285715,0.028571428571428574,0.0,0.0,0.0,0.0,0.0
1704,2011,39,2011-12-16,70.28571428571429,49.57142857142857,59.92857142857143,0.0071428571428571435,0.0,0.0,0.0,0.0,0.0
1705,2011,40,2011-12-16,84.28571428571429,60.142857142857146,72.21428571428571,0.0,0.0,0.0,0.0,0.0,0.0
1706,2011,41,2011-12-16,65.28571428571429,50.285714285714285,57.785714285714285,0.09714285714285716,0.0,0.0,0.0,0.0,0.0
1707,2011,49,2011-12-16,26.0,11.857142857142858,18.928571428571427,0.0,0.014285714285714287,2.4285714285714284,14.0,12.0,14.0
1708,2011,51,2011-12-16,35.857142857142854,21.714285714285715,28.785714285714285,0.002857142857142857,0.05714285714285715,0.0,14.0,4.0,10.0
1709,2012,3,2012-12-22,20.285714285714285,4.571428571428571,12.428571428571429,0.012857142857142857,0.18571428571428572,0.2857142857142857,7.0,6.0,7.0
1710,2012,11,2012-12-22,70.42857142857143,47.0,58.714285714285715,0.04,0.0,0.0,0.0,0.0,0.0
1711,2012,19,2012-12-22,68.71428571428571,48.857142857142854,58.785714285714285,0.017142857142857144,0.0,0.0,0.0,0.0,0.0
1712,2012,27,2012-12-22,95.85714285714286,72.28571428571429,84.07142857142857,0.0842857142857143,0.0,0.0,0.0,0.0,0.0
1713,2012,33,2012-12-22,77.71428571428571,57.0,67.35714285714286,0.10714285714285714,0.0,0.0,0.0,0.0,0.0
1714,2012,34,2012-12-22,82.14285714285714,62.0,72.07142857142857,0.017142857142857144,0.0,0.0,0.0,0.0,0.0
1715,2012,36,2012-12-22,82.14285714285714,59.0,70.57142857142857,0.002857142857142857,0.0,0.0,0.0,0.0,0.0
1716,2012,43,2012-12-22,52.0,39.42857142857143,45.714285714285715,0.1442857142857143,0.0,0.0,2.0,0.0,0.0
1717,2013,4,2013-11-29,15.714285714285714,-0.8571428571428571,7.428571428571429,0.06999999999999999,0.4571428571428572,0.0,7.0,6.0,7.0
1718,2013,13,2013-11-29,44.42857142857143,27.285714285714285,35.857142857142854,0.027142857142857142,0.0,3.0,5.0,0.0,1.0
1719,2013,18,2013-11-29,57.857142857142854,40.285714285714285,49.07142857142857,0.09,0.07142857142857142,0.0,0.0,0.0,0.0
1720,2013,26,2013-11-29,82.85714285714286,66.28571428571429,74.57142857142857,0.06714285714285714,0.0,0.0,0.0,0.0,0.0
1721,2013,28,2013-11-29,85.85714285714286,67.0,76.42857142857143,0.4471428571428571,0.0,0.0,0.0,0.0,0.0
1722,2013,37,2013-11-29,78.14285714285714,59.0,68.57142857142857,0.11714285714285715,0.0,0.0,0.0,0.0,0.0
1723,2013,42,2013-11-29,53.285714285714285,39.42857142857143,46.357142857142854,0.21714285714285717,0.0,0.0,0.0,0.0,0.0
1724,2013,49,2013-11-29,19.714285714285715,7.857142857142857,13.785714285714286,0.11285714285714286,0.8857142857142856,1.8571428571428572,6.0,4.0,5.0
1725,2013,50,2013-11-29,12.285714285714286,0.2857142857142857,6.285714285714286,0.02,0.38571428571428573,4.428571428571429,7.0,7.0,7.0
1726,2014,1,2014-11-27,11.75,-8.375,1.6875,0.017499999999999998,0.0375,5.0,8.0,7.0,8.0
1727,2014,5,2014-11-27,14.428571428571429,-8.428571428571429,3.0,0.06285714285714286,0.9142857142857144,13.571428571428571,7.0,6.0,7.0
1728,2014,10,2014-11-27,26.428571428571427,10.857142857142858,18.642857142857142,0.002857142857142857,0.04285714285714286,17.142857142857142,7.0,5.0,7.0
1729,2014,18,2014-11-27,51.0,38.285714285714285,44.642857142857146,0.1957142857142857,0.0,0.0,0.0,0.0,0.0
1730,2014,24,2014-11-27,73.14285714285714,56.42857142857143,64.78571428571429,0.3457142857142857,0.0,0.0,0.0,0.0,0.0
1731,2014,27,2014-11-27,80.0,60.857142857142854,70.42857142857143,0.04142857142857143,0.0,0.0,0.0,0.0,0.0
1732,2014,28,2014-11-27,81.0,63.142857142857146,72.07142857142857,0.20857142857142857,0.0,0.0,0.0,0.0,0.0
1733,2014,34,2014-11-27,83.0,68.42857142857143,75.71428571428571,0.03142857142857143,0.0,0.0,0.0,0.0,0.0
1734,2014,35,2014-11-27,78.14285714285714,61.714285714285715,69.92857142857143,0.21,0.0,0.0,0.0,0.0,0.0
1735,2016,2,2016-12-15,13.0,-2.5714285714285716,5.214285714285714,0.004285714285714286,0.08571428571428572,5.0,7.0,7.0,7.0
1736,2016,17,2016-12-15,54.42857142857143,40.0,47.214285714285715,0.20857142857142857,0.0,0.0,0.0,0.0,0.0
1737,2016,25,2016-12-15,84.14285714285714,63.57142857142857,73.85714285714286,0.06714285714285714,0.0,0.0,0.0,0.0,0.0
1738,2016,28,2016-12-15,82.28571428571429,66.28571428571429,74.28571428571429,0.07857142857142858,0.0,0.0,0.0,0.0,0.0
1739,2016,31,2016-12-15,84.57142857142857,68.0,76.28571428571429,0.16142857142857142,0.0,0.0,0.0,0.0,0.0
1740,2016,45,2016-12-15,59.714285714285715,39.857142857142854,49.785714285714285,0.0,0.0,0.0,0.0,0.0,0.0
1741,2017,1,2017-12-14,14.714285714285714,0.0,7.357142857142857,0.002857142857142857,0.0,1.0,7.0,5.0,7.0
1742,2017,3,2017-12-14,37.142857142857146,28.571428571428573,32.857142857142854,0.04714285714285714,0.08571428571428572,1.4285714285714286,4.0,0.0,1.0
1743,2017,4,2017-12-14,31.285714285714285,25.0,28.142857142857142,0.012857142857142857,0.31428571428571433,1.0,5.0,4.0,5.0
1744,2017,6,2017-12-14,32.714285714285715,17.0,24.857142857142858,0.004285714285714286,0.0,0.0,6.0,2.0,4.0
1745,2017,12,2017-12-14,44.0,32.42857142857143,38.214285714285715,0.038571428571428576,0.0,0.0,2.0,0.0,1.0
1746,2017,14,2017-12-14,61.857142857142854,42.0,51.92857142857143,0.019999999999999997,0.0,0.0,0.0,0.0,0.0
1747,2017,29,2017-12-14,85.57142857142857,66.85714285714286,76.21428571428571,0.26857142857142857,0.0,0.0,0.0,0.0,0.0
1748,2017,46,2017-12-14,41.142857142857146,27.285714285714285,34.214285714285715,0.024285714285714282,0.0,0.0,5.0,0.0,3.0
1749,2018,3,2018-11-28,30.714285714285715,14.571428571428571,22.642857142857142,0.0,0.0,3.142857142857143,6.0,3.0,4.0
1750,2018,5,2018-11-28,18.0,0.5714285714285714,9.285714285714286,0.04,0.6571428571428571,4.285714285714286,7.0,6.0,7.0
1751,2018,9,2018-11-28,43.42857142857143,23.428571428571427,33.42857142857143,0.01,0.0,6.142857142857143,5.0,0.0,2.0
1752,2018,11,2018-11-28,42.285714285714285,24.0,33.142857142857146,0.0,0.0,2.142857142857143,7.0,0.0,2.0
1753,2018,12,2018-11-28,41.0,27.142857142857142,34.07142857142857,0.011428571428571429,0.05714285714285715,0.14285714285714285,6.0,0.0,2.0
1754,2018,13,2018-11-28,41.57142857142857,23.571428571428573,32.57142857142857,0.08857142857142856,0.5142857142857143,0.5714285714285714,5.0,1.0,2.0
1755,2018,18,2018-11-28,76.71428571428571,53.857142857142854,65.28571428571429,0.08428571428571428,0.0,0.0,0.0,0.0,0.0
1756,2018,22,2018-11-28,82.28571428571429,64.57142857142857,73.42857142857143,0.16285714285714284,0.0,0.0,0.0,0.0,0.0
1757,2018,40,2018-11-28,54.857142857142854,42.42857142857143,48.642857142857146,0.19,0.0,0.0,0.0,0.0,0.0
1758,2018,46,2018-11-28,32.0,15.714285714285714,23.857142857142858,0.002857142857142857,0.014285714285714287,0.14285714285714285,7.0,4.0,6.0
1759,2019,12,2019-12-02,49.0,28.857142857142858,38.92857142857143,0.0,0.0,0.42857142857142855,6.0,0.0,0.0
1760,2019,14,2019-12-02,51.42857142857143,35.714285714285715,43.57142857142857,0.16999999999999998,0.0,0.0,3.0,0.0,0.0
1761,2019,17,2019-12-02,60.42857142857143,42.142857142857146,51.285714285714285,0.049999999999999996,0.0,0.0,0.0,0.0,0.0
1762,2019,31,2019-12-02,82.85714285714286,65.14285714285714,74.0,0.03428571428571429,0.0,0.0,0.0,0.0,0.0
1763,2019,32,2019-12-02,82.0,64.57142857142857,73.28571428571429,0.09142857142857143,0.0,0.0,0.0,0.0,0.0
1764,2019,33,2019-12-02,79.71428571428571,63.285714285714285,71.5,0.5642857142857143,0.0,0.0,0.0,0.0,0.0
1765,2019,45,2019-12-02,35.142857142857146,21.0,28.071428571428573,0.028571428571428574,0.1142857142857143,0.0,7.0,2.0,5.0
1766,2020,19,2020-12-24,57.42857142857143,40.857142857142854,49.142857142857146,0.02142857142857143,0.0,0.0,0.0,0.0,0.0
1767,2015,1,,25.75,5.5,15.625,0.0,0.025,3.0,4.0,3.0,4.0
1768,2015,10,,30.428571428571427,10.285714285714286,20.357142857142858,0.018571428571428572,0.2714285714285714,0.8571428571428571,7.0,4.0,5.0
1769,2015,30,,84.14285714285714,66.71428571428571,75.42857142857143,0.032857142857142856,0.0,0.0,0.0,0.0,0.0
1770,2015,38,,76.28571428571429,57.142857142857146,66.71428571428571,0.42,0.0,0.0,0.0,0.0,0.0
1771,2015,41,,67.85714285714286,47.857142857142854,57.857142857142854,0.047142857142857146,0.0,0.0,0.0,0.0,0.0
1772,2015,42,,60.285714285714285,38.42857142857143,49.357142857142854,0.0,0.0,0.0,1.0,0.0,0.0
1773,2015,48,,39.142857142857146,23.0,31.071428571428573,0.017142857142857144,0.18571428571428572,0.42857142857142855,6.0,2.0,3.0
1774,2015,53,,23.75,13.75,18.75,0.0925,1.4,4.0,4.0,4.0,4.0
1775,2020,36,2020-12-24,76.85714285714286,56.57142857142857,66.71428571428571,0.08714285714285715,0.0,0.0,0.0,0.0,0.0
1776,2020,40,2020-12-24,57.285714285714285,42.285714285714285,49.785714285714285,0.012857142857142859,0.0,0.0,0.0,0.0,0.0
1777,2021,1,2021-12-08,28.571428571428573,17.857142857142858,23.214285714285715,0.0014285714285714286,0.0,7.857142857142857,7.0,4.0,7.0
1778,2021,4,2021-12-08,24.285714285714285,15.428571428571429,19.857142857142858,0.0014285714285714286,0.0,8.571428571428571,7.0,5.0,7.0
1779,2021,7,2021-12-08,15.142857142857142,-1.4285714285714286,6.857142857142857,0.018571428571428572,0.21428571428571427,7.571428571428571,7.0,7.0,7.0
1780,2021,18,2021-12-08,60.57142857142857,41.0,50.785714285714285,0.01,0.0,0.0,0.0,0.0,0.0
1781,2021,38,2021-12-08,71.42857142857143,49.142857142857146,60.285714285714285,0.02,0.0,0.0,0.0,0.0,0.0
1782,2021,43,2021-12-08,54.0,39.57142857142857,46.785714285714285,0.12285714285714287,0.0,0.0,0.0,0.0,0.0
1783,2022,34,2022-12-08,80.85714285714286,64.57142857142857,72.71428571428571,0.16428571428571428,0.0,0.0,0.0,0.0,0.0
1784,2022,47,2022-12-08,44.0,27.0,35.5,0.0,0.0,0.7142857142857143,6.0,0.0,2.0
1785,2023,8,2024-01-13,22.714285714285715,3.857142857142857,13.285714285714286,0.13857142857142857,2.2,9.285714285714286,7.0,5.0,7.0
1786,2023,13,2024-01-13,39.0,21.142857142857142,30.071428571428573,0.22571428571428573,1.2142857142857142,2.0,7.0,1.0,3.0
1787,2023,18,2024-01-13,67.0,48.0,57.5,0.09428571428571429,0.0,0.0,0.0,0.0,0.0
1788,2023,48,2024-01-13,36.714285714285715,20.142857142857142,28.428571428571427,0.0,0.0,0.0,7.0,1.0,4.0
1789,2024,8,,45.57142857142857,25.0,35.285714285714285,0.0,0.0,0.7142857142857143,6.0,0.0,3.0
1790,2024,17,,60.285714285714285,43.42857142857143,51.857142857142854,0.15,0.0,0.0,0.0,0.0,0.0
1791,1970,1,,16.25,-3.75,6.25,0.01,0.35,19.25,4.0,4.0,4.0
1792,1970,2,,7.0,-11.428571428571429,-2.2142857142857144,0.0,0.0,17.285714285714285,7.0,7.0,7.0
1793,1970,6,,22.428571428571427,2.2857142857142856,12.357142857142858,0.012857142857142859,0.2285714285714286,15.571428571428571,7.0,4.0,6.0
1794,1970,10,,31.571428571428573,19.285714285714285,25.428571428571427,0.22142857142857145,0.34285714285714286,7.428571428571429,7.0,4.0,5.0
1795,1970,17,,60.714285714285715,36.857142857142854,48.785714285714285,0.05857142857142857,0.07142857142857142,0.0,1.0,0.0,0.0
1796,1970,22,,69.0,51.714285714285715,60.357142857142854,0.3157142857142857,0.0,0.0,0.0,0.0,0.0
1797,1970,25,,76.57142857142857,58.42857142857143,67.5,0.06428571428571428,0.0,0.0,0.0,0.0,0.0
1798,1970,33,,86.14285714285714,65.71428571428571,75.92857142857143,0.03428571428571429,0.0,0.0,0.0,0.0,0.0
1799,1970,35,,83.71428571428571,61.42857142857143,72.57142857142857,0.18142857142857144,0.0,0.0,0.0,0.0,0.0
1800,1970,37,,71.0,51.285714285714285,61.142857142857146,0.07857142857142858,0.0,0.0,0.0,0.0,0.0
1801,1970,38,,66.0,50.285714285714285,58.142857142857146,0.1457142857142857,0.0,0.0,0.0,0.0,0.0
1802,1970,42,,57.0,34.857142857142854,45.92857142857143,0.0014285714285714286,0.0,0.0,2.0,0.0,0.0
1803,1970,45,,46.42857142857143,33.142857142857146,39.785714285714285,0.22142857142857145,0.08571428571428572,0.0,1.0,0.0,0.0
1804,1970,50,,29.857142857142858,15.428571428571429,22.642857142857142,0.028571428571428574,0.3857142857142857,0.8571428571428571,7.0,4.0,6.0
1805,1971,3,,21.571428571428573,4.285714285714286,12.928571428571429,0.005714285714285714,0.09999999999999999,8.142857142857142,7.0,6.0,7.0
1806,1971,6,,19.428571428571427,-3.142857142857143,8.142857142857142,0.004285714285714286,0.08571428571428573,17.0,7.0,7.0,7.0
1807,1971,10,,34.285714285714285,21.571428571428573,27.928571428571427,0.060000000000000005,0.2714285714285714,5.0,5.0,2.0,4.0
1808,1971,16,,65.85714285714286,40.42857142857143,53.142857142857146,0.022857142857142857,0.0,0.0,1.0,0.0,0.0
1809,1971,29,,81.57142857142857,57.714285714285715,69.64285714285714,0.0,0.0,0.0,0.0,0.0,0.0
1810,1971,52,,21.2,2.4,11.8,0.08600000000000001,1.8199999999999998,8.2,5.0,5.0,5.0
1811,1972,11,,42.857142857142854,28.714285714285715,35.785714285714285,0.0014285714285714286,0.0,4.285714285714286,4.0,0.0,1.0
1812,1972,13,,36.0,24.857142857142858,30.428571428571427,0.027142857142857142,0.32857142857142857,0.7142857142857143,7.0,1.0,5.0
1813,1972,47,,34.857142857142854,21.142857142857142,28.0,0.0,0.0,0.0,7.0,3.0,5.0
1814,1973,7,,24.285714285714285,8.285714285714286,16.285714285714285,0.05714285714285714,0.7,7.571428571428571,7.0,4.0,7.0
1815,1973,10,,37.857142857142854,33.285714285714285,35.57142857142857,0.07714285714285715,0.0,0.14285714285714285,1.0,0.0,0.0
1816,1973,29,,84.71428571428571,64.42857142857143,74.57142857142857,0.03142857142857143,0.0,0.0,0.0,0.0,0.0
1817,1974,8,,30.714285714285715,15.571428571428571,23.142857142857142,0.03571428571428571,0.15714285714285717,7.571428571428571,7.0,3.0,6.0
1818,1974,40,,55.714285714285715,34.142857142857146,44.92857142857143,0.048571428571428564,0.0,0.0,2.0,0.0,0.0
1819,1974,41,,65.0,40.57142857142857,52.785714285714285,0.05714285714285714,0.0,0.0,1.0,0.0,0.0
1820,1975,2,,25.857142857142858,15.0,20.428571428571427,0.22857142857142856,1.4857142857142858,7.428571428571429,6.0,4.0,6.0
1821,1975,19,,68.14285714285714,48.142857142857146,58.142857142857146,0.07857142857142858,0.0,0.0,0.0,0.0,0.0
1822,1978,5,1978-12-02,10.857142857142858,-4.428571428571429,3.2142857142857144,0.012857142857142859,0.19999999999999998,7.714285714285714,7.0,7.0,7.0
1823,1978,10,1978-12-02,35.285714285714285,16.428571428571427,25.857142857142858,0.01,0.05714285714285715,9.142857142857142,5.0,1.0,5.0
1824,1978,14,1978-12-02,51.42857142857143,37.0,44.214285714285715,0.21857142857142858,0.0,0.0,0.0,0.0,0.0
1825,1978,19,1978-12-02,68.14285714285714,47.285714285714285,57.714285714285715,0.04285714285714286,0.0,0.0,0.0,0.0,0.0
1826,1978,28,1978-12-02,82.0,60.714285714285715,71.35714285714286,0.024285714285714282,0.0,0.0,0.0,0.0,0.0
1827,1978,32,1978-12-02,87.57142857142857,63.285714285714285,75.42857142857143,0.0,0.0,0.0,0.0,0.0,0.0
1828,1978,34,1978-12-02,83.0,66.42857142857143,74.71428571428571,0.5442857142857143,0.0,0.0,0.0,0.0,0.0
1829,1978,38,1978-12-02,71.85714285714286,49.857142857142854,60.857142857142854,0.05142857142857143,0.0,0.0,0.0,0.0,0.0
1830,1978,44,1978-12-02,66.0,37.57142857142857,51.785714285714285,0.0,0.0,0.0,2.0,0.0,0.0
1831,1978,48,1978-12-02,22.285714285714285,5.142857142857143,13.714285714285714,0.07285714285714286,1.2714285714285716,7.571428571428571,7.0,6.0,7.0
1832,1979,5,1979-12-13,10.571428571428571,-8.142857142857142,1.2142857142857142,0.012857142857142857,0.3285714285714286,20.428571428571427,7.0,7.0,7.0
1833,1979,16,1979-12-13,64.85714285714286,42.0,53.42857142857143,0.008571428571428572,0.0,0.0,0.0,0.0,0.0
1834,1979,20,1979-12-13,71.42857142857143,47.285714285714285,59.357142857142854,0.17285714285714285,0.0,0.0,0.0,0.0,0.0
1835,1979,22,1979-12-13,78.14285714285714,50.0,64.07142857142857,0.12999999999999998,0.0,0.0,0.0,0.0,0.0
1836,1979,24,1979-12-13,79.85714285714286,58.57142857142857,69.21428571428571,0.19285714285714287,0.0,0.0,0.0,0.0,0.0
1837,1979,25,1979-12-13,72.85714285714286,56.857142857142854,64.85714285714286,0.07428571428571429,0.0,0.0,0.0,0.0,0.0
1838,1979,41,1979-12-13,49.0,30.428571428571427,39.714285714285715,0.004285714285714286,0.0,0.0,6.0,0.0,0.0
1839,1980,4,1980-12-09,17.571428571428573,-0.42857142857142855,8.571428571428571,0.028571428571428574,0.5571428571428572,2.142857142857143,7.0,5.0,7.0
1840,1980,6,1980-12-09,21.857142857142858,2.4285714285714284,12.142857142857142,0.03571428571428571,0.7142857142857143,6.0,7.0,7.0,7.0
1841,1980,8,1980-12-09,33.857142857142854,24.428571428571427,29.142857142857142,0.037142857142857144,0.17142857142857143,3.0,5.0,2.0,4.0
1842,1980,13,1980-12-09,43.857142857142854,28.428571428571427,36.142857142857146,0.025714285714285717,0.24285714285714285,0.14285714285714285,5.0,0.0,2.0
1843,1980,14,1980-12-09,56.285714285714285,32.142857142857146,44.214285714285715,0.017142857142857144,0.1285714285714286,0.0,4.0,0.0,0.0
1844,1980,16,1980-12-09,69.0,39.142857142857146,54.07142857142857,0.0,0.0,0.0,1.0,0.0,0.0
1845,1980,25,1980-12-09,79.57142857142857,54.142857142857146,66.85714285714286,0.03428571428571429,0.0,0.0,0.0,0.0,0.0
1846,1980,47,1980-12-09,45.57142857142857,24.142857142857142,34.857142857142854,0.0014285714285714286,0.0,0.0,6.0,0.0,2.0
1847,1981,1,1981-12-15,15.25,-0.75,7.25,0.01,0.1,0.0,4.0,3.0,4.0
1848,1981,7,1981-12-15,21.857142857142858,1.8571428571428572,11.857142857142858,0.017142857142857144,0.29999999999999993,6.428571428571429,6.0,4.0,6.0
1849,1981,10,1981-12-15,36.714285714285715,16.571428571428573,26.642857142857142,0.0,0.0,0.0,7.0,2.0,7.0
1850,1975,41,,71.14285714285714,46.857142857142854,59.0,0.002857142857142857,0.0,0.0,0.0,0.0,0.0
1851,1975,49,,31.0,12.714285714285714,21.857142857142858,0.0071428571428571435,0.2571428571428572,4.0,7.0,4.0,6.0
1852,1975,51,,19.857142857142858,-0.2857142857142857,9.785714285714286,0.008571428571428572,0.17142857142857146,2.2857142857142856,7.0,6.0,7.0
1853,1976,5,,29.857142857142858,2.142857142857143,16.0,0.0071428571428571435,0.08571428571428572,7.857142857142857,7.0,3.0,7.0
1854,1976,21,,75.42857142857143,50.142857142857146,62.785714285714285,0.0,0.0,0.0,0.0,0.0,0.0
1855,1976,25,,79.42857142857143,54.142857142857146,66.78571428571429,0.33571428571428574,0.0,0.0,0.0,0.0,0.0
1856,1976,32,,82.28571428571429,58.285714285714285,70.28571428571429,0.038571428571428576,0.0,0.0,0.0,0.0,0.0
1857,1977,14,,55.714285714285715,32.857142857142854,44.285714285714285,0.021428571428571432,0.2571428571428572,0.0,5.0,0.0,1.0
1858,1977,26,,82.42857142857143,61.42857142857143,71.92857142857143,0.2714285714285714,0.0,0.0,0.0,0.0,0.0
1859,1977,27,,84.57142857142857,67.42857142857143,76.0,0.19285714285714287,0.0,0.0,0.0,0.0,0.0
1860,1977,48,,25.0,11.428571428571429,18.214285714285715,0.015714285714285715,0.24285714285714285,6.285714285714286,7.0,5.0,7.0
1861,1977,50,,35.0,27.0,31.0,0.07142857142857142,0.014285714285714287,5.285714285714286,5.0,1.0,4.0
1862,1977,51,,21.714285714285715,7.857142857142857,14.785714285714286,0.005714285714285714,0.1142857142857143,0.14285714285714285,7.0,7.0,7.0
1863,1981,15,1981-12-15,63.714285714285715,39.714285714285715,51.714285714285715,0.004285714285714286,0.0,0.0,1.0,0.0,0.0
1864,1981,17,1981-12-15,55.42857142857143,39.285714285714285,47.357142857142854,0.11714285714285713,0.0,0.0,0.0,0.0,0.0
1865,1981,31,1981-12-15,76.42857142857143,59.714285714285715,68.07142857142857,0.07857142857142858,0.0,0.0,0.0,0.0,0.0
1866,1981,34,1981-12-15,77.42857142857143,56.0,66.71428571428571,0.03142857142857143,0.0,0.0,0.0,0.0,0.0
1867,1981,40,1981-12-15,57.57142857142857,39.714285714285715,48.642857142857146,0.1157142857142857,0.0,0.0,1.0,0.0,0.0
1868,1981,42,1981-12-15,60.0,44.42857142857143,52.214285714285715,0.21857142857142856,0.0,0.0,1.0,0.0,0.0
1869,1981,43,1981-12-15,45.42857142857143,26.142857142857142,35.785714285714285,0.012857142857142857,0.1285714285714286,0.0,6.0,0.0,2.0
1870,1982,10,1982-12-11,34.42857142857143,18.571428571428573,26.5,0.08857142857142856,0.39999999999999997,9.428571428571429,6.0,2.0,4.0
1871,1982,13,1982-12-11,51.0,30.428571428571427,40.714285714285715,0.03428571428571429,0.07142857142857142,0.0,3.0,0.0,1.0
1872,1982,22,1982-12-11,69.14285714285714,47.714285714285715,58.42857142857143,0.005714285714285714,0.0,0.0,0.0,0.0,0.0
1873,1982,42,1982-12-11,55.57142857142857,34.142857142857146,44.857142857142854,0.25857142857142856,0.19999999999999998,0.0,3.0,0.0,0.0
1874,1982,45,1982-12-11,33.857142857142854,22.571428571428573,28.214285714285715,0.33714285714285713,0.32857142857142857,0.14285714285714285,4.0,2.0,3.0
1875,1982,50,1982-12-11,34.142857142857146,22.0,28.071428571428573,0.018571428571428572,0.19999999999999998,0.14285714285714285,7.0,1.0,5.0
1876,1983,3,1983-12-02,25.571428571428573,12.714285714285714,19.142857142857142,0.0,0.0,8.142857142857142,7.0,5.0,7.0
1877,1983,4,1983-12-02,24.714285714285715,9.857142857142858,17.285714285714285,0.028571428571428574,0.19999999999999998,7.428571428571429,7.0,5.0,7.0
1878,1983,10,1983-12-02,38.285714285714285,22.714285714285715,30.5,0.005714285714285714,0.04285714285714286,0.0,7.0,1.0,4.0
1879,1983,17,1983-12-02,63.857142857142854,43.42857142857143,53.642857142857146,0.22428571428571428,0.0,0.0,0.0,0.0,0.0
1880,1983,19,1983-12-02,67.0,44.0,55.5,0.18142857142857144,0.0,0.0,0.0,0.0,0.0
1881,1983,23,1983-12-02,81.14285714285714,55.714285714285715,68.42857142857143,0.02,0.0,0.0,0.0,0.0,0.0
1882,1983,27,1983-12-02,85.28571428571429,64.14285714285714,74.71428571428571,0.004285714285714286,0.0,0.0,0.0,0.0,0.0
1883,1983,28,1983-12-02,89.28571428571429,68.71428571428571,79.0,0.10714285714285714,0.0,0.0,0.0,0.0,0.0
1884,1983,32,1983-12-02,84.85714285714286,63.142857142857146,74.0,0.0,0.0,0.0,0.0,0.0,0.0
1885,1983,40,1983-12-02,59.285714285714285,43.0,51.142857142857146,0.01,0.0,0.0,0.0,0.0,0.0
1886,1984,2,1984-12-06,14.428571428571429,0.7142857142857143,7.571428571428571,0.07142857142857142,0.9285714285714286,15.857142857142858,7.0,7.0,7.0
1887,1984,8,1984-12-06,38.285714285714285,25.428571428571427,31.857142857142858,0.017142857142857144,0.2857142857142857,2.857142857142857,6.0,1.0,2.0
1888,1984,12,1984-12-06,41.285714285714285,25.857142857142858,33.57142857142857,0.02,0.19999999999999998,3.5714285714285716,7.0,0.0,1.0
1889,1984,25,1984-12-06,79.42857142857143,60.857142857142854,70.14285714285714,0.049999999999999996,0.0,0.0,0.0,0.0,0.0
1890,1984,34,1984-12-06,77.71428571428571,58.857142857142854,68.28571428571429,0.17285714285714285,0.0,0.0,0.0,0.0,0.0
1891,1984,38,1984-12-06,76.85714285714286,52.142857142857146,64.5,0.045714285714285714,0.0,0.0,0.0,0.0,0.0
1892,1984,51,1984-12-06,21.428571428571427,6.285714285714286,13.857142857142858,0.02428571428571429,0.7428571428571429,1.0,7.0,6.0,7.0
1893,1985,4,1985-11-27,23.142857142857142,4.0,13.571428571428571,0.03142857142857143,0.32857142857142857,6.428571428571429,7.0,7.0,7.0
1894,1985,6,1985-11-27,14.142857142857142,-2.142857142857143,6.0,0.032857142857142856,0.4571428571428572,7.714285714285714,7.0,7.0,7.0
1895,1985,16,1985-11-27,78.14285714285714,49.857142857142854,64.0,0.09714285714285716,0.0,0.0,0.0,0.0,0.0
1896,1985,29,1985-11-27,85.14285714285714,62.0,73.57142857142857,0.055714285714285716,0.0,0.0,0.0,0.0,0.0
1897,1985,45,1985-11-27,41.42857142857143,25.571428571428573,33.5,0.037142857142857144,0.2285714285714286,0.2857142857142857,6.0,2.0,3.0
1898,1985,52,1985-11-27,17.285714285714285,-1.0,8.142857142857142,0.030000000000000002,0.4,10.857142857142858,7.0,6.0,7.0
1899,1986,11,1986-12-05,38.285714285714285,26.428571428571427,32.357142857142854,0.12,1.1,10.428571428571429,5.0,0.0,2.0
1900,1986,13,1986-12-05,59.285714285714285,32.0,45.642857142857146,0.0,0.0,0.14285714285714285,3.0,0.0,0.0
1901,1986,29,1986-12-05,85.85714285714286,69.57142857142857,77.71428571428571,0.12285714285714286,0.0,0.0,0.0,0.0,0.0
1902,1986,33,1986-12-05,79.71428571428571,58.42857142857143,69.07142857142857,0.41428571428571426,0.0,0.0,0.0,0.0,0.0
1903,1986,34,1986-12-05,73.42857142857143,56.857142857142854,65.14285714285714,0.1442857142857143,0.0,0.0,0.0,0.0,0.0
1904,1986,45,1986-12-05,47.42857142857143,27.285714285714285,37.357142857142854,0.032857142857142856,0.028571428571428574,0.0,5.0,1.0,1.0
1905,1986,52,1986-12-05,32.285714285714285,23.428571428571427,27.857142857142858,0.008571428571428572,0.08571428571428572,0.14285714285714285,7.0,2.0,7.0
1906,1987,1,1987-12-17,31.75,20.25,26.0,0.0,0.0,0.0,4.0,2.0,3.0
1907,1987,53,1987-12-17,29.0,13.5,21.25,0.0175,0.05,4.0,4.0,3.0,4.0
1908,1988,4,1988-12-01,23.142857142857142,3.0,13.071428571428571,0.0,0.0,11.857142857142858,7.0,4.0,6.0
1909,1988,15,1988-12-01,59.857142857142854,32.285714285714285,46.07142857142857,0.0,0.0,0.0,4.0,0.0,0.0
1910,1988,18,1988-12-01,79.0,52.142857142857146,65.57142857142857,0.10142857142857142,0.0,0.0,0.0,0.0,0.0
1911,1988,26,1988-12-01,84.0,59.57142857142857,71.78571428571429,0.0,0.0,0.0,0.0,0.0,0.0
1912,1988,28,1988-12-01,91.28571428571429,66.42857142857143,78.85714285714286,0.11285714285714286,0.0,0.0,0.0,0.0,0.0
1913,1988,34,1988-12-01,75.0,55.142857142857146,65.07142857142857,0.06999999999999999,0.0,0.0,0.0,0.0,0.0
1914,1989,1,1989-12-03,23.285714285714285,3.4285714285714284,13.357142857142858,0.05714285714285715,0.7428571428571429,4.571428571428571,7.0,5.0,7.0
1915,1989,2,1989-12-03,24.571428571428573,3.142857142857143,13.857142857142858,0.002857142857142857,0.0,5.428571428571429,7.0,4.0,7.0
1916,1989,7,1989-12-03,19.0,0.8571428571428571,9.928571428571429,0.06857142857142857,0.9285714285714286,6.428571428571429,7.0,6.0,7.0
1917,1989,12,1989-12-03,41.285714285714285,23.857142857142858,32.57142857142857,0.02714285714285714,0.0,4.285714285714286,3.0,2.0,3.0
1918,1989,29,1989-12-03,83.42857142857143,63.0,73.21428571428571,0.24571428571428572,0.0,0.0,0.0,0.0,0.0
1919,1989,32,1989-12-03,83.14285714285714,58.714285714285715,70.92857142857143,0.11714285714285713,0.0,0.0,0.0,0.0,0.0
1920,1989,36,1989-12-03,74.57142857142857,54.42857142857143,64.5,0.07142857142857142,0.0,0.0,0.0,0.0,0.0
1921,1989,41,1989-12-03,69.28571428571429,41.142857142857146,55.214285714285715,0.014285714285714287,0.0,0.0,0.0,0.0,0.0
1922,1990,7,1990-12-18,29.428571428571427,10.428571428571429,19.928571428571427,0.054285714285714284,0.8714285714285713,2.4285714285714284,7.0,5.0,6.0
1923,1990,8,1990-12-18,29.857142857142858,10.857142857142858,20.357142857142858,0.041428571428571426,0.4857142857142857,2.142857142857143,7.0,3.0,6.0
1924,1990,14,1990-12-18,47.714285714285715,23.571428571428573,35.642857142857146,0.0014285714285714286,0.0,0.0,6.0,0.0,2.0
1925,1990,34,1990-12-18,79.57142857142857,63.857142857142854,71.71428571428571,0.03428571428571429,0.0,0.0,0.0,0.0,0.0
1926,1990,45,1990-12-18,40.142857142857146,22.428571428571427,31.285714285714285,0.002857142857142857,0.0,0.0,7.0,0.0,4.0
1927,1991,16,1991-11-25,55.42857142857143,32.714285714285715,44.07142857142857,0.025714285714285714,0.0,0.0,3.0,0.0,0.0
1928,1991,31,1991-11-25,77.42857142857143,60.142857142857146,68.78571428571429,0.14285714285714285,0.0,0.0,0.0,0.0,0.0
1929,1991,33,1991-11-25,81.14285714285714,60.42857142857143,70.78571428571429,0.012857142857142857,0.0,0.0,0.0,0.0,0.0
1930,1991,37,1991-11-25,73.42857142857143,60.42857142857143,66.92857142857143,0.39285714285714285,0.0,0.0,0.0,0.0,0.0
1931,1991,46,1991-11-25,39.42857142857143,28.857142857142858,34.142857142857146,0.08428571428571428,0.0,8.571428571428571,6.0,0.0,2.0
1932,1992,21,1992-12-18,74.85714285714286,50.285714285714285,62.57142857142857,0.08285714285714287,0.0,0.0,0.0,0.0,0.0
1933,1992,30,1992-12-18,71.57142857142857,56.0,63.785714285714285,0.06714285714285714,0.0,0.0,0.0,0.0,0.0
1934,1992,33,1992-12-18,73.71428571428571,53.142857142857146,63.42857142857143,0.0,0.0,0.0,0.0,0.0,0.0
1935,1992,41,1992-12-18,58.42857142857143,43.714285714285715,51.07142857142857,0.25142857142857145,0.0,0.0,0.0,0.0,0.0
1936,1993,6,1993-12-11,27.0,16.857142857142858,21.928571428571427,0.02428571428571429,0.2857142857142857,5.285714285714286,7.0,6.0,7.0
1937,1993,9,1993-12-11,43.0,23.428571428571427,33.214285714285715,0.0,0.0,4.285714285714286,7.0,0.0,3.0
1938,1993,11,1993-12-11,32.142857142857146,13.714285714285714,22.928571428571427,0.01,0.12857142857142856,2.2857142857142856,7.0,2.0,6.0
1939,1993,13,1993-12-11,48.142857142857146,25.142857142857142,36.642857142857146,0.10571428571428572,0.18571428571428572,0.14285714285714285,6.0,0.0,2.0
1940,1993,16,1993-12-11,58.142857142857146,37.42857142857143,47.785714285714285,0.004285714285714286,0.0,0.0,1.0,0.0,0.0
1941,1993,17,1993-12-11,61.285714285714285,41.857142857142854,51.57142857142857,0.18142857142857144,0.0,0.0,0.0,0.0,0.0
1942,1993,19,1993-12-11,68.57142857142857,47.714285714285715,58.142857142857146,0.10428571428571429,0.0,0.0,0.0,0.0,0.0
1943,1993,46,1993-12-11,43.285714285714285,26.428571428571427,34.857142857142854,0.0,0.0,0.0,6.0,0.0,1.0
1944,1993,48,1993-12-11,32.42857142857143,22.0,27.214285714285715,0.008571428571428572,0.028571428571428574,3.0,7.0,3.0,5.0
1945,1994,1,1994-12-11,12.285714285714286,-6.571428571428571,2.857142857142857,0.04142857142857143,0.7999999999999999,4.142857142857143,7.0,7.0,7.0
1946,1994,2,1994-12-11,7.857142857142857,-8.714285714285714,-0.42857142857142855,0.04285714285714286,1.3142857142857145,5.714285714285714,7.0,6.0,7.0
1947,1994,35,1994-12-11,67.14285714285714,52.285714285714285,59.714285714285715,0.12000000000000001,0.0,0.0,0.0,0.0,0.0
1948,1994,37,1994-12-11,77.85714285714286,60.42857142857143,69.14285714285714,0.43714285714285717,0.0,0.0,0.0,0.0,0.0
1949,1994,41,1994-12-11,64.14285714285714,45.285714285714285,54.714285714285715,0.13285714285714287,0.0,0.0,0.0,0.0,0.0
1950,1995,52,1995-11-28,26.75,15.25,21.0,0.01125,0.125,4.5,8.0,5.0,8.0
1951,1995,8,1995-11-28,34.714285714285715,21.285714285714285,28.0,0.0014285714285714286,0.014285714285714287,0.0,7.0,1.0,6.0
1952,1995,10,1995-11-28,36.714285714285715,17.714285714285715,27.214285714285715,0.06571428571428571,0.8142857142857142,4.571428571428571,5.0,4.0,4.0
1953,1995,13,1995-11-28,46.857142857142854,30.0,38.42857142857143,0.037142857142857144,0.08571428571428572,0.0,5.0,0.0,0.0
1954,1995,24,1995-11-28,87.42857142857143,62.142857142857146,74.78571428571429,0.0,0.0,0.0,0.0,0.0,0.0
1955,1995,37,1995-11-28,74.71428571428571,51.714285714285715,63.214285714285715,0.038571428571428576,0.0,0.0,0.0,0.0,0.0
1956,1995,42,1995-11-28,52.57142857142857,37.857142857142854,45.214285714285715,0.0014285714285714286,0.0,0.0,1.0,0.0,0.0
1957,1996,3,1996-11-25,22.714285714285715,2.4285714285714284,12.571428571428571,0.15285714285714286,0.2285714285714286,8.428571428571429,7.0,4.0,7.0
1958,1996,25,1996-11-25,72.42857142857143,59.142857142857146,65.78571428571429,0.35428571428571426,0.0,0.0,0.0,0.0,0.0
1959,1996,27,1996-11-25,85.28571428571429,60.142857142857146,72.71428571428571,0.08571428571428572,0.0,0.0,0.0,0.0,0.0
1960,1996,32,1996-11-25,81.42857142857143,62.285714285714285,71.85714285714286,0.14142857142857143,0.0,0.0,0.0,0.0,0.0
1961,1996,50,1996-11-25,30.714285714285715,16.857142857142858,23.785714285714285,0.06285714285714286,0.9857142857142858,6.571428571428571,7.0,4.0,6.0
1962,1996,52,1996-11-25,8.0,-7.714285714285714,0.14285714285714285,0.08285714285714287,1.0,17.285714285714285,7.0,7.0,7.0
1963,1997,9,1997-12-26,31.142857142857142,15.428571428571429,23.285714285714285,0.024285714285714282,0.028571428571428574,6.714285714285714,7.0,2.0,7.0
1964,1997,11,1997-12-26,30.714285714285715,15.0,22.857142857142858,0.05142857142857143,0.9142857142857143,4.428571428571429,7.0,3.0,5.0
1965,1997,25,1997-12-26,79.0,55.714285714285715,67.35714285714286,0.045714285714285714,0.0,0.0,0.0,0.0,0.0
1966,1997,33,1997-12-26,74.14285714285714,57.0,65.57142857142857,0.1042857142857143,0.0,0.0,0.0,0.0,0.0
1967,1997,43,1997-12-26,43.42857142857143,30.142857142857142,36.785714285714285,0.0,0.0,0.0,4.0,0.0,1.0
1968,1997,51,1997-12-26,40.857142857142854,22.142857142857142,31.5,0.0014285714285714286,0.014285714285714287,0.0,7.0,0.0,3.0
1969,1997,52,1997-12-26,31.0,18.857142857142858,24.928571428571427,0.011428571428571429,0.14285714285714285,0.0,7.0,3.0,7.0
1970,1998,2,1998-12-25,24.285714285714285,12.428571428571429,18.357142857142858,0.015714285714285715,0.2,0.14285714285714285,7.0,3.0,7.0
1971,1998,4,1998-12-25,26.285714285714285,14.571428571428571,20.428571428571427,0.09285714285714286,1.2142857142857142,8.285714285714286,7.0,7.0,7.0
1972,1998,14,1998-12-25,49.714285714285715,35.142857142857146,42.42857142857143,0.19428571428571426,0.0,0.0,0.0,0.0,0.0
1973,1998,22,1998-12-25,77.28571428571429,52.142857142857146,64.71428571428571,0.16571428571428573,0.0,0.0,0.0,0.0,0.0
1974,1998,39,1998-12-25,69.28571428571429,50.285714285714285,59.785714285714285,0.07285714285714286,0.0,0.0,0.0,0.0,0.0
1975,1999,3,1999-12-21,30.0,13.571428571428571,21.785714285714285,0.058571428571428566,0.7000000000000001,9.857142857142858,7.0,3.0,7.0
1976,1999,13,1999-12-21,60.857142857142854,41.857142857142854,51.357142857142854,0.06142857142857143,0.0,0.0,1.0,0.0,0.0
1977,1999,16,1999-12-21,58.142857142857146,36.714285714285715,47.42857142857143,0.055714285714285716,0.0,0.0,1.0,0.0,0.0
1978,1999,17,1999-12-21,71.42857142857143,45.142857142857146,58.285714285714285,0.0014285714285714286,0.0,0.0,0.0,0.0,0.0
1979,1999,18,1999-12-21,66.14285714285714,49.42857142857143,57.785714285714285,0.15,0.0,0.0,0.0,0.0,0.0
1980,1999,34,1999-12-21,81.57142857142857,64.14285714285714,72.85714285714286,0.0,0.0,0.0,0.0,0.0,0.0
1981,1999,42,1999-12-21,53.142857142857146,32.142857142857146,42.642857142857146,0.0071428571428571435,0.0,0.0,3.0,0.0,0.0
1982,2000,9,2000-12-05,56.42857142857143,31.285714285714285,43.857142857142854,0.0,0.0,0.0,4.0,0.0,0.0
1983,2000,25,2000-12-05,79.28571428571429,61.857142857142854,70.57142857142857,0.27285714285714285,0.0,0.0,0.0,0.0,0.0
1984,2000,28,2000-12-05,85.0,68.0,76.5,0.028571428571428574,0.0,0.0,0.0,0.0,0.0
1985,2001,3,2002-01-02,22.285714285714285,6.714285714285714,14.5,0.002857142857142857,0.07142857142857142,9.571428571428571,7.0,6.0,7.0
1986,2001,6,2002-01-02,22.714285714285715,6.571428571428571,14.642857142857142,0.055714285714285716,0.9,13.142857142857142,7.0,7.0,7.0
1987,2001,13,2002-01-02,38.57142857142857,23.857142857142858,31.214285714285715,0.06428571428571428,0.3,6.857142857142857,6.0,1.0,2.0
1988,2001,16,2002-01-02,55.142857142857146,37.142857142857146,46.142857142857146,0.45,0.0,0.0,3.0,0.0,1.0
1989,2001,19,2002-01-02,68.14285714285714,48.42857142857143,58.285714285714285,0.027142857142857142,0.0,0.0,0.0,0.0,0.0
1990,2001,41,2002-01-02,61.142857142857146,44.42857142857143,52.785714285714285,0.13428571428571429,0.0,0.0,0.0,0.0,0.0
1991,2001,43,2002-01-02,52.285714285714285,36.142857142857146,44.214285714285715,0.03428571428571429,0.014285714285714287,0.0,1.0,0.0,0.0
1992,2001,46,2002-01-02,63.857142857142854,44.0,53.92857142857143,0.04428571428571428,0.0,0.0,0.0,0.0,0.0
1993,2001,50,2002-01-02,39.857142857142854,28.0,33.92857142857143,0.0,0.0,0.0,6.0,1.0,2.0
1994,2002,1,2002-12-03,27.25,12.375,19.8125,0.0,0.0625,1.75,8.0,5.0,8.0
1995,2002,5,2002-12-03,25.571428571428573,13.571428571428571,19.571428571428573,0.01,0.2285714285714286,0.42857142857142855,7.0,6.0,7.0
1996,2002,10,2002-12-03,25.285714285714285,11.571428571428571,18.428571428571427,0.11714285714285713,0.6428571428571429,1.0,7.0,6.0,7.0
1997,2002,22,2002-12-03,81.85714285714286,59.857142857142854,70.85714285714286,0.08,0.0,0.0,0.0,0.0,0.0
1998,2002,35,2002-12-03,82.42857142857143,66.14285714285714,74.28571428571429,0.07857142857142858,0.0,0.0,0.0,0.0,0.0
1999,2002,36,2002-12-03,86.71428571428571,65.0,75.85714285714286,0.3385714285714286,0.0,0.0,0.0,0.0,0.0
2000,2002,43,2002-12-03,39.57142857142857,29.857142857142858,34.714285714285715,0.002857142857142857,0.05714285714285715,0.0,5.0,0.0,1.0
2001,2003,2,2003-12-12,33.714285714285715,14.714285714285714,24.214285714285715,0.002857142857142857,0.028571428571428574,0.0,7.0,3.0,5.0
2002,2003,17,2003-12-12,67.71428571428571,45.142857142857146,56.42857142857143,0.002857142857142857,0.0,0.0,0.0,0.0,0.0
2003,2003,18,2003-12-12,62.714285714285715,45.42857142857143,54.07142857142857,0.09428571428571429,0.0,0.0,0.0,0.0,0.0
2004,2003,27,2003-12-12,86.28571428571429,67.14285714285714,76.71428571428571,0.12142857142857144,0.0,0.0,0.0,0.0,0.0
2005,2003,28,2003-12-12,77.28571428571429,62.142857142857146,69.71428571428571,0.027142857142857142,0.0,0.0,0.0,0.0,0.0
2006,2003,43,2003-12-12,57.0,40.57142857142857,48.785714285714285,0.0014285714285714286,0.0,0.0,1.0,0.0,0.0
2007,2003,50,2003-12-12,25.428571428571427,12.285714285714286,18.857142857142858,0.058571428571428566,1.5,5.142857142857143,6.0,5.0,6.0
2008,2004,33,2004-12-19,70.57142857142857,52.142857142857146,61.357142857142854,0.005714285714285714,0.0,0.0,0.0,0.0,0.0
2009,2004,36,2004-12-19,84.42857142857143,64.28571428571429,74.35714285714286,0.16,0.0,0.0,0.0,0.0,0.0
2010,2004,45,2004-12-19,52.857142857142854,35.0,43.92857142857143,0.012857142857142857,0.0,0.0,0.0,0.0,0.0
2011,2004,46,2004-12-19,47.0,27.285714285714285,37.142857142857146,0.0,0.0,0.0,4.0,0.0,2.0
2012,2004,52,2004-12-19,15.428571428571429,-0.2857142857142857,7.571428571428571,0.005714285714285714,0.1142857142857143,0.8571428571428571,7.0,6.0,7.0
2013,2005,19,2005-12-07,57.0,44.714285714285715,50.857142857142854,0.19142857142857145,0.0,0.0,0.0,0.0,0.0
2014,2005,25,2005-12-07,87.42857142857143,68.71428571428571,78.07142857142857,0.08714285714285716,0.0,0.0,0.0,0.0,0.0
2015,2005,43,2005-12-07,56.142857142857146,36.57142857142857,46.357142857142854,0.012857142857142857,0.0,0.0,1.0,0.0,0.0
2016,2006,12,2006-12-04,39.714285714285715,27.714285714285715,33.714285714285715,0.005714285714285714,0.014285714285714287,5.142857142857143,5.0,0.0,2.0
2017,2006,17,2006-12-04,62.0,44.714285714285715,53.357142857142854,0.2814285714285715,0.0,0.0,0.0,0.0,0.0
2018,2006,22,2006-12-04,85.57142857142857,63.857142857142854,74.71428571428571,0.01,0.0,0.0,0.0,0.0,0.0
2019,2006,39,2006-12-04,66.42857142857143,45.857142857142854,56.142857142857146,0.014285714285714285,0.0,0.0,0.0,0.0,0.0
2020,2006,44,2006-12-04,46.0,25.857142857142858,35.92857142857143,0.0,0.0,0.0,4.0,1.0,4.0
2021,2006,48,2006-12-04,30.285714285714285,16.0,23.142857142857142,0.09714285714285716,0.0,0.0,5.0,4.0,5.0
2022,2006,50,2006-12-04,41.57142857142857,29.0,35.285714285714285,0.014285714285714285,0.0,0.0,5.0,0.0,1.0
2023,2007,27,2007-12-03,89.28571428571429,66.85714285714286,78.07142857142857,0.24,0.0,0.0,0.0,0.0,0.0
2024,2007,48,2007-12-03,26.571428571428573,11.142857142857142,18.857142857142858,0.06857142857142857,0.6428571428571429,0.5714285714285714,7.0,6.0,6.0
2025,2008,14,2008-12-07,50.285714285714285,31.857142857142858,41.07142857142857,0.1657142857142857,0.8428571428571429,1.2857142857142858,3.0,0.0,0.0
2026,2008,21,2008-12-07,69.57142857142857,47.285714285714285,58.42857142857143,0.004285714285714286,0.0,0.0,0.0,0.0,0.0
2027,2008,23,2008-12-07,72.71428571428571,59.42857142857143,66.07142857142857,0.20142857142857146,0.0,0.0,0.0,0.0,0.0
2028,2008,27,2008-12-07,84.57142857142857,62.42857142857143,73.5,0.0,0.0,0.0,0.0,0.0,0.0
2029,2008,38,2008-12-07,78.0,55.714285714285715,66.85714285714286,0.0,0.0,0.0,0.0,0.0,0.0
2030,2008,41,2008-12-07,69.57142857142857,49.42857142857143,59.5,0.15142857142857144,0.0,0.0,0.0,0.0,0.0
2031,2008,48,2008-12-07,37.0,20.714285714285715,28.857142857142858,0.011428571428571429,0.21428571428571427,0.14285714285714285,7.0,1.0,5.0
2032,2009,3,2009-12-15,8.428571428571429,-8.571428571428571,-0.07142857142857142,0.04428571428571428,0.9,6.428571428571429,7.0,7.0,7.0
2033,2009,15,2009-12-15,52.714285714285715,31.142857142857142,41.92857142857143,0.0,0.0,0.0,5.0,0.0,0.0
2034,2009,37,2009-12-15,81.28571428571429,62.285714285714285,71.78571428571429,0.0014285714285714286,0.0,0.0,0.0,0.0,0.0
2035,2009,38,2009-12-15,80.85714285714286,60.714285714285715,70.78571428571429,0.0,0.0,0.0,0.0,0.0,0.0
2036,2009,47,2009-12-15,50.42857142857143,33.57142857142857,42.0,0.004285714285714286,0.0,0.0,3.0,0.0,0.0
2037,2009,48,2009-12-15,43.0,33.714285714285715,38.357142857142854,0.02857142857142857,0.0,0.0,3.0,0.0,1.0
2038,2010,7,2010-12-03,33.285714285714285,14.714285714285714,24.0,0.004285714285714286,0.09999999999999999,15.0,7.0,3.0,7.0
2039,2010,17,2010-12-03,66.0,47.285714285714285,56.642857142857146,0.01,0.0,0.0,0.0,0.0,0.0
2040,2010,21,2010-12-03,86.0,62.57142857142857,74.28571428571429,0.05857142857142857,0.0,0.0,0.0,0.0,0.0
2041,2010,31,2010-12-03,89.0,70.42857142857143,79.71428571428571,0.055714285714285716,0.0,0.0,0.0,0.0,0.0
2042,2010,47,2010-12-03,30.571428571428573,14.285714285714286,22.428571428571427,0.019999999999999997,0.17142857142857146,0.5714285714285714,7.0,5.0,6.0
2043,2010,50,2010-12-03,14.285714285714286,3.0,8.642857142857142,0.0,0.0,15.571428571428571,7.0,7.0,7.0
2044,2011,52,2011-12-16,33.625,19.625,26.625,0.0425,0.225,2.25,16.0,4.0,8.0
2045,2011,9,2011-12-16,29.142857142857142,9.857142857142858,19.5,0.018571428571428572,0.2571428571428572,9.571428571428571,14.0,10.0,14.0
2046,2011,11,2011-12-16,45.857142857142854,28.571428571428573,37.214285714285715,0.025714285714285714,0.0,2.5714285714285716,10.0,0.0,2.0
2047,2011,13,2011-12-16,46.714285714285715,29.142857142857142,37.92857142857143,0.025714285714285714,0.0,0.8571428571428571,8.0,0.0,4.0
2048,2011,31,2011-12-16,85.42857142857143,70.0,77.71428571428571,0.11857142857142856,0.0,0.0,0.0,0.0,0.0
2049,2011,33,2011-12-16,82.0,63.57142857142857,72.78571428571429,0.20571428571428568,0.0,0.0,0.0,0.0,0.0
2050,2011,44,2011-12-16,54.0,36.57142857142857,45.285714285714285,0.0,0.0,0.0,4.0,0.0,0.0
2051,2011,47,2011-12-16,46.57142857142857,33.857142857142854,40.214285714285715,0.011428571428571429,0.0,0.42857142857142855,4.0,0.0,2.0
2052,2011,48,2011-12-16,35.57142857142857,22.285714285714285,28.928571428571427,0.03428571428571429,0.6857142857142858,0.5714285714285714,14.0,2.0,8.0
2053,2012,10,2012-12-22,50.285714285714285,26.714285714285715,38.5,0.01,0.028571428571428574,0.5714285714285714,5.0,0.0,3.0
2054,2012,13,2012-12-22,56.714285714285715,40.57142857142857,48.642857142857146,0.030000000000000002,0.0,0.0,0.0,0.0,0.0
2055,2012,14,2012-12-22,62.0,42.285714285714285,52.142857142857146,0.09,0.0,0.0,0.0,0.0,0.0
2056,2012,17,2012-12-22,61.57142857142857,43.42857142857143,52.5,0.049999999999999996,0.0,0.0,0.0,0.0,0.0
2057,2012,20,2012-12-22,79.42857142857143,55.714285714285715,67.57142857142857,0.06285714285714286,0.0,0.0,0.0,0.0,0.0
2058,2012,25,2012-12-22,83.71428571428571,64.42857142857143,74.07142857142857,0.12428571428571429,0.0,0.0,0.0,0.0,0.0
2059,2012,31,2012-12-22,86.0,66.57142857142857,76.28571428571429,0.05714285714285715,0.0,0.0,0.0,0.0,0.0
2060,2012,35,2012-12-22,88.0,65.42857142857143,76.71428571428571,0.0,0.0,0.0,0.0,0.0,0.0
2061,2012,45,2012-12-22,52.857142857142854,35.57142857142857,44.214285714285715,0.08142857142857143,0.0,0.0,1.0,0.0,0.0
2062,2013,2,2013-11-29,33.42857142857143,17.285714285714285,25.357142857142858,0.042857142857142864,0.0,1.7142857142857142,6.0,1.0,6.0
2063,2013,11,2013-11-29,32.0,18.285714285714285,25.142857142857142,0.03571428571428571,0.19999999999999998,5.857142857142857,7.0,4.0,6.0
2064,2013,17,2013-11-29,59.42857142857143,38.0,48.714285714285715,0.13428571428571429,0.5428571428571428,0.42857142857142855,2.0,0.0,0.0
2065,2013,41,2013-11-29,70.28571428571429,49.0,59.642857142857146,0.005714285714285714,0.0,0.0,0.0,0.0,0.0
2066,2014,9,2014-11-27,9.428571428571429,-9.428571428571429,0.0,0.0071428571428571435,0.15714285714285717,20.142857142857142,7.0,7.0,7.0
2067,2014,14,2014-11-27,47.142857142857146,26.571428571428573,36.857142857142854,0.11714285714285715,0.9571428571428572,1.4285714285714286,6.0,0.0,1.0
2068,2014,20,2014-11-27,59.42857142857143,42.857142857142854,51.142857142857146,0.038571428571428576,0.0,0.0,0.0,0.0,0.0
2069,2014,25,2014-11-27,81.28571428571429,65.57142857142857,73.42857142857143,0.7314285714285714,0.0,0.0,0.0,0.0,0.0
2070,2014,33,2014-11-27,81.85714285714286,62.857142857142854,72.35714285714286,0.055714285714285716,0.0,0.0,0.0,0.0,0.0
2071,2014,38,2014-11-27,72.42857142857143,51.142857142857146,61.785714285714285,0.04285714285714286,0.0,0.0,0.0,0.0,0.0
2072,2014,41,2014-11-27,58.142857142857146,37.285714285714285,47.714285714285715,0.0,0.0,0.0,1.0,0.0,0.0
2073,2014,44,2014-11-27,49.42857142857143,33.142857142857146,41.285714285714285,0.0,0.0,0.0,3.0,0.0,0.0
2074,2014,51,2014-11-27,32.0,21.0,26.5,0.06285714285714286,0.18571428571428575,0.8571428571428571,7.0,4.0,5.0
2075,2016,1,2016-12-15,25.714285714285715,12.857142857142858,19.285714285714285,0.024285714285714282,0.2857142857142857,4.428571428571429,7.0,3.0,6.0
2076,2016,8,2016-12-15,41.57142857142857,28.857142857142858,35.214285714285715,0.01,0.05714285714285715,0.0,5.0,0.0,2.0
2077,2016,9,2016-12-15,38.42857142857143,22.714285714285715,30.571428571428573,0.0071428571428571435,0.05714285714285715,0.0,7.0,1.0,4.0
2078,2016,15,2016-12-15,68.0,44.42857142857143,56.214285714285715,0.0,0.0,0.0,2.0,0.0,0.0
2079,2016,47,2016-12-15,39.0,30.0,34.5,0.1642857142857143,0.2857142857142857,0.5714285714285714,3.0,0.0,1.0
2080,2016,52,2016-12-15,33.333333333333336,19.166666666666668,26.25,0.0,0.0,1.0,6.0,2.0,6.0
2081,2017,17,2017-12-14,53.285714285714285,39.285714285714285,46.285714285714285,0.22428571428571428,0.0,0.0,0.0,0.0,0.0
2082,2017,20,2017-12-14,63.142857142857146,50.57142857142857,56.857142857142854,0.5971428571428571,0.0,0.0,0.0,0.0,0.0
2083,2017,21,2017-12-14,69.57142857142857,51.714285714285715,60.642857142857146,0.0071428571428571435,0.0,0.0,0.0,0.0,0.0
2084,2017,24,2017-12-14,84.42857142857143,64.71428571428571,74.57142857142857,0.09000000000000001,0.0,0.0,0.0,0.0,0.0
2085,2017,38,2017-12-14,81.71428571428571,63.0,72.35714285714286,0.058571428571428566,0.0,0.0,0.0,0.0,0.0
2086,2017,50,2017-12-14,29.285714285714285,16.571428571428573,22.928571428571427,0.03428571428571429,0.2714285714285714,2.0,7.0,6.0,7.0
2087,2017,51,2017-12-14,28.571428571428573,16.857142857142858,22.714285714285715,0.002857142857142857,0.028571428571428574,1.5714285714285714,7.0,5.0,6.0
2088,2018,4,2018-11-28,31.285714285714285,19.428571428571427,25.357142857142858,0.14857142857142858,1.7857142857142858,6.428571428571429,7.0,4.0,6.0
2089,2018,20,2018-11-28,79.14285714285714,54.142857142857146,66.64285714285714,0.03,0.0,0.0,0.0,0.0,0.0
2090,2018,23,2018-11-28,78.42857142857143,61.42857142857143,69.92857142857143,0.06285714285714286,0.0,0.0,0.0,0.0,0.0
2091,2018,25,2018-11-28,78.71428571428571,65.0,71.85714285714286,0.1542857142857143,0.0,0.0,0.0,0.0,0.0
2092,2018,26,2018-11-28,83.85714285714286,67.85714285714286,75.85714285714286,0.32285714285714284,0.0,0.0,0.0,0.0,0.0
2093,2018,27,2018-11-28,85.42857142857143,68.14285714285714,76.78571428571429,0.09857142857142857,0.0,0.0,0.0,0.0,0.0
2094,2018,39,2018-11-28,59.857142857142854,45.42857142857143,52.642857142857146,0.05285714285714286,0.0,0.0,0.0,0.0,0.0
2095,2018,43,2018-11-28,54.142857142857146,38.857142857142854,46.5,0.06,0.0,0.0,1.0,0.0,0.0
2096,2018,52,2018-11-28,29.285714285714285,17.714285714285715,23.5,0.17857142857142858,0.4571428571428572,0.2857142857142857,6.0,3.0,6.0
2097,2019,3,2019-12-02,20.857142857142858,10.0,15.428571428571429,0.0014285714285714286,0.028571428571428574,0.0,7.0,5.0,7.0
2098,2019,8,2019-12-02,26.0,8.285714285714286,17.142857142857142,0.1442857142857143,1.9428571428571428,13.857142857142858,7.0,6.0,7.0
2099,2019,24,2019-12-02,75.42857142857143,56.857142857142854,66.14285714285714,0.037142857142857144,0.0,0.0,0.0,0.0,0.0
2100,2019,27,2019-12-02,84.0,68.14285714285714,76.07142857142857,0.3614285714285714,0.0,0.0,0.0,0.0,0.0
2101,2020,4,2020-12-24,29.0,18.571428571428573,23.785714285714285,0.037142857142857144,0.2857142857142857,7.714285714285714,7.0,3.0,7.0
2102,2020,17,2020-12-24,63.0,39.285714285714285,51.142857142857146,0.01,0.0,0.0,1.0,0.0,0.0
2103,2020,20,2020-12-24,62.285714285714285,45.57142857142857,53.92857142857143,0.43000000000000005,0.0,0.0,0.0,0.0,0.0
2104,2015,3,,26.571428571428573,13.857142857142858,20.214285714285715,0.004285714285714286,0.08571428571428573,3.7142857142857144,7.0,4.0,5.0
2105,2015,15,,53.42857142857143,38.0,45.714285714285715,0.22142857142857145,0.042857142857142864,0.0,0.0,0.0,0.0
2106,2015,17,,52.57142857142857,36.0,44.285714285714285,0.055714285714285716,0.0,0.0,1.0,0.0,0.0
2107,2015,24,,79.14285714285714,59.857142857142854,69.5,0.05285714285714286,0.0,0.0,0.0,0.0,0.0
2108,2015,29,,83.71428571428571,65.57142857142857,74.64285714285714,0.14857142857142858,0.0,0.0,0.0,0.0,0.0
2109,2015,34,,73.28571428571429,59.142857142857146,66.21428571428571,0.2414285714285714,0.0,0.0,0.0,0.0,0.0
2110,2015,49,,38.714285714285715,28.0,33.357142857142854,0.07142857142857142,0.5571428571428572,2.142857142857143,5.0,0.0,3.0
2111,2020,51,2020-12-24,31.285714285714285,17.285714285714285,24.285714285714285,0.002857142857142857,0.0,0.0,7.0,4.0,6.0
2112,2021,9,2021-12-08,46.42857142857143,24.571428571428573,35.5,0.005714285714285714,0.09999999999999999,2.142857142857143,6.0,1.0,1.0
2113,2021,17,2021-12-08,65.57142857142857,43.857142857142854,54.714285714285715,0.10857142857142857,0.0,0.0,0.0,0.0,0.0
2114,2021,33,2021-12-08,85.42857142857143,64.28571428571429,74.85714285714286,0.02,0.0,0.0,0.0,0.0,0.0
2115,2021,44,2021-12-08,53.42857142857143,36.0,44.714285714285715,0.0,0.0,0.0,2.0,0.0,0.0
2116,2022,2,2022-12-08,26.428571428571427,9.428571428571429,17.928571428571427,0.03571428571428571,0.5285714285714286,4.428571428571429,7.0,4.0,6.0
2117,2022,7,2022-12-08,28.571428571428573,7.571428571428571,18.071428571428573,0.005714285714285714,0.11428571428571428,4.714285714285714,7.0,4.0,6.0
2118,2022,9,2022-12-08,35.57142857142857,23.428571428571427,29.5,0.1642857142857143,0.4714285714285714,4.142857142857143,7.0,2.0,4.0
2119,2022,17,2022-12-08,49.42857142857143,36.857142857142854,43.142857142857146,0.16142857142857145,0.0,0.0,3.0,0.0,0.0
2120,2022,19,2022-12-08,80.42857142857143,58.57142857142857,69.5,0.2857142857142857,0.0,0.0,0.0,0.0,0.0
2121,2022,29,2022-12-08,88.14285714285714,71.57142857142857,79.85714285714286,0.027142857142857142,0.0,0.0,0.0,0.0,0.0
2122,2022,41,2022-12-08,57.57142857142857,39.142857142857146,48.357142857142854,0.018571428571428572,0.05714285714285715,0.0,1.0,0.0,0.0
2123,2022,49,2022-12-08,30.714285714285715,18.571428571428573,24.642857142857142,0.0071428571428571435,0.09999999999999999,3.7142857142857144,7.0,4.0,5.0
2124,2023,4,2024-01-13,21.428571428571427,6.571428571428571,14.0,0.02428571428571429,0.4142857142857143,10.428571428571429,7.0,6.0,7.0
2125,2023,10,2024-01-13,34.285714285714285,27.714285714285715,31.0,0.07285714285714286,0.8714285714285716,8.857142857142858,6.0,1.0,4.0
2126,2023,15,2024-01-13,71.85714285714286,49.714285714285715,60.785714285714285,0.10714285714285714,0.08571428571428572,0.0,0.0,0.0,0.0
2127,2023,31,2024-01-13,86.28571428571429,68.71428571428571,77.5,0.049999999999999996,0.0,0.0,0.0,0.0,0.0
2128,2023,35,2024-01-13,87.71428571428571,65.28571428571429,76.5,0.0,0.0,0.0,0.0,0.0,0.0
2129,2023,46,2024-01-13,58.714285714285715,35.285714285714285,47.0,0.0,0.0,0.0,1.0,0.0,0.0
2130,2024,2,,20.714285714285715,10.571428571428571,15.642857142857142,0.014285714285714285,0.22857142857142856,0.5714285714285714,7.0,7.0,7.0
2131,2024,6,,45.42857142857143,29.714285714285715,37.57142857142857,0.032857142857142856,0.0,0.0,5.0,0.0,2.0
2132,2024,15,,65.85714285714286,43.285714285714285,54.57142857142857,0.04142857142857143,0.0,0.0,0.0,0.0,0.0
2133,2024,16,,54.42857142857143,39.57142857142857,47.0,0.23714285714285716,0.0,0.0,1.0,0.0,0.0
2134,2024,24,,80.71428571428571,60.57142857142857,70.64285714285714,0.2957142857142857,0.0,0.0,0.0,0.0,0.0
2135,2024,28,,84.57142857142857,68.0,76.28571428571429,0.22857142857142856,0.0,0.0,0.0,0.0,0.0
2136,2024,38,,83.57142857142857,64.57142857142857,74.07142857142857,0.004285714285714286,0.0,0.0,0.0,0.0,0.0
2137,1970,9,,28.285714285714285,12.285714285714286,20.285714285714285,0.0014285714285714286,0.08571428571428573,9.285714285714286,7.0,5.0,7.0
2138,1970,21,,77.28571428571429,59.42857142857143,68.35714285714286,0.22000000000000003,0.0,0.0,0.0,0.0,0.0
2139,1970,34,,81.57142857142857,57.142857142857146,69.35714285714286,0.002857142857142857,0.0,0.0,0.0,0.0,0.0
2140,1970,47,,39.285714285714285,25.428571428571427,32.357142857142854,0.012857142857142857,0.07142857142857142,0.0,6.0,0.0,2.0
2141,1971,7,,34.714285714285715,22.0,28.357142857142858,0.08,0.05714285714285715,11.0,7.0,2.0,4.0
2142,1971,18,,68.28571428571429,41.142857142857146,54.714285714285715,0.04285714285714286,0.0,0.0,0.0,0.0,0.0
2143,1971,20,,59.714285714285715,45.57142857142857,52.642857142857146,0.3457142857142857,0.028571428571428574,0.0,0.0,0.0,0.0
2144,1971,21,,68.14285714285714,45.0,56.57142857142857,0.037142857142857144,0.0,0.0,0.0,0.0,0.0
2145,1971,31,,77.57142857142857,53.142857142857146,65.35714285714286,0.0,0.0,0.0,0.0,0.0,0.0
2146,1971,35,,84.0,66.57142857142857,75.28571428571429,0.24571428571428572,0.0,0.0,0.0,0.0,0.0
2147,1971,37,,66.85714285714286,42.142857142857146,54.5,0.0014285714285714286,0.0,0.0,0.0,0.0,0.0
2148,1971,42,,61.0,46.57142857142857,53.785714285714285,0.11285714285714286,0.0,0.0,0.0,0.0,0.0
2149,1972,2,,13.0,-7.714285714285714,2.642857142857143,0.008571428571428572,0.14285714285714285,7.0,7.0,6.0,7.0
2150,1972,3,,20.857142857142858,1.2857142857142858,11.071428571428571,0.049999999999999996,0.5714285714285714,8.142857142857142,7.0,5.0,7.0
2151,1972,5,,9.285714285714286,-4.0,2.642857142857143,0.015714285714285715,0.34285714285714286,15.142857142857142,7.0,7.0,7.0
2152,1972,7,,27.142857142857142,6.142857142857143,16.642857142857142,0.05428571428571428,0.7285714285714285,13.0,7.0,5.0,7.0
2153,1972,8,,23.285714285714285,3.4285714285714284,13.357142857142858,0.004285714285714286,0.09999999999999999,15.0,7.0,6.0,7.0
2154,1972,9,,19.571428571428573,2.4285714285714284,11.0,0.04714285714285714,0.8142857142857144,15.714285714285714,7.0,6.0,7.0
2155,1972,12,,40.714285714285715,26.142857142857142,33.42857142857143,0.10428571428571429,0.35714285714285715,0.0,5.0,0.0,3.0
2156,1972,14,,41.57142857142857,22.857142857142858,32.214285714285715,0.03428571428571429,0.4,0.2857142857142857,6.0,0.0,4.0
2157,1972,18,,57.857142857142854,41.142857142857146,49.5,0.07428571428571429,0.0,0.0,0.0,0.0,0.0
2158,1972,22,,75.57142857142857,48.857142857142854,62.214285714285715,0.09285714285714285,0.0,0.0,0.0,0.0,0.0
2159,1972,51,,26.714285714285715,16.142857142857142,21.428571428571427,0.002857142857142857,0.014285714285714287,3.4285714285714284,7.0,7.0,7.0
2160,1973,8,,32.57142857142857,15.571428571428571,24.071428571428573,0.02142857142857143,0.38571428571428573,7.285714285714286,7.0,4.0,7.0
2161,1973,11,,49.285714285714285,32.285714285714285,40.785714285714285,0.05857142857142857,0.05714285714285715,0.0,4.0,0.0,0.0
2162,1973,14,,46.857142857142854,32.0,39.42857142857143,0.021428571428571432,0.028571428571428574,0.0,4.0,0.0,1.0
2163,1973,15,,49.857142857142854,28.142857142857142,39.0,0.12000000000000001,0.24285714285714285,0.42857142857142855,5.0,1.0,1.0
2164,1973,18,,54.857142857142854,39.42857142857143,47.142857142857146,0.2442857142857143,0.0,0.0,0.0,0.0,0.0
2165,1973,28,,84.71428571428571,62.714285714285715,73.71428571428571,0.0,0.0,0.0,0.0,0.0,0.0
2166,1973,34,,74.57142857142857,63.0,68.78571428571429,0.1757142857142857,0.0,0.0,0.0,0.0,0.0
2167,1973,37,,67.71428571428571,50.285714285714285,59.0,0.014285714285714287,0.0,0.0,0.0,0.0,0.0
2168,1973,52,,22.0,11.428571428571429,16.714285714285715,0.09857142857142856,1.0571428571428572,6.571428571428571,7.0,4.0,6.0
2169,1974,2,,3.857142857142857,-16.857142857142858,-6.5,0.002857142857142857,0.04285714285714286,8.0,7.0,7.0,7.0
2170,1974,16,,63.0,37.857142857142854,50.42857142857143,0.005714285714285714,0.0,0.0,2.0,0.0,0.0
2171,1974,17,,67.71428571428571,43.0,55.357142857142854,0.054285714285714284,0.0,0.0,1.0,0.0,0.0
2172,1974,21,,69.0,47.714285714285715,58.357142857142854,0.011428571428571429,0.0,0.0,0.0,0.0,0.0
2173,1974,30,,86.71428571428571,61.714285714285715,74.21428571428571,0.018571428571428572,0.0,0.0,0.0,0.0,0.0
2174,1974,48,,30.428571428571427,19.142857142857142,24.785714285714285,0.017142857142857144,0.14285714285714285,0.14285714285714285,7.0,3.0,7.0
2175,1975,9,,26.0,12.0,19.0,0.0,0.014285714285714287,13.0,7.0,5.0,7.0
2176,1975,22,,68.14285714285714,48.857142857142854,58.5,0.058571428571428566,0.0,0.0,0.0,0.0,0.0
2177,1975,30,,88.28571428571429,64.0,76.14285714285714,0.04285714285714286,0.0,0.0,0.0,0.0,0.0
2178,1978,9,1978-12-02,21.142857142857142,2.2857142857142856,11.714285714285714,0.03,0.6285714285714287,10.428571428571429,7.0,7.0,7.0
2179,1978,22,1978-12-02,71.0,52.142857142857146,61.57142857142857,0.022857142857142857,0.0,0.0,0.0,0.0,0.0
2180,1978,36,1978-12-02,92.42857142857143,68.28571428571429,80.35714285714286,0.004285714285714286,0.0,0.0,0.0,0.0,0.0
2181,1979,7,1979-12-13,16.142857142857142,1.7142857142857142,8.928571428571429,0.0071428571428571435,0.07142857142857142,21.285714285714285,7.0,7.0,7.0
2182,1979,11,1979-12-13,36.142857142857146,18.142857142857142,27.142857142857142,0.06142857142857143,0.014285714285714287,18.285714285714285,5.0,2.0,5.0
2183,1979,15,1979-12-13,49.857142857142854,34.0,41.92857142857143,0.018571428571428572,0.0,0.0,2.0,0.0,0.0
2184,1979,28,1979-12-13,87.28571428571429,66.71428571428571,77.0,0.10857142857142857,0.0,0.0,0.0,0.0,0.0
2185,1979,29,1979-12-13,83.71428571428571,61.142857142857146,72.42857142857143,0.06571428571428571,0.0,0.0,0.0,0.0,0.0
2186,1979,35,1979-12-13,81.0,62.285714285714285,71.64285714285714,0.17857142857142858,0.0,0.0,0.0,0.0,0.0
2187,1979,51,1979-12-13,37.42857142857143,19.714285714285715,28.571428571428573,0.02,0.1285714285714286,0.0,7.0,1.0,4.0
2188,1980,17,1980-12-09,71.14285714285714,44.0,57.57142857142857,0.0,0.0,0.0,1.0,0.0,0.0
2189,1980,19,1980-12-09,63.0,41.42857142857143,52.214285714285715,0.02,0.0,0.0,0.0,0.0,0.0
2190,1980,23,1980-12-09,76.42857142857143,54.42857142857143,65.42857142857143,0.5685714285714285,0.0,0.0,0.0,0.0,0.0
2191,1980,26,1980-12-09,81.42857142857143,62.42857142857143,71.92857142857143,0.0014285714285714286,0.0,0.0,0.0,0.0,0.0
2192,1980,32,1980-12-09,81.85714285714286,63.0,72.42857142857143,0.13428571428571429,0.0,0.0,0.0,0.0,0.0
2193,1980,48,1980-12-09,40.285714285714285,20.714285714285715,30.5,0.008571428571428572,0.1142857142857143,0.0,7.0,2.0,4.0
2194,1980,50,1980-12-09,26.428571428571427,8.714285714285714,17.571428571428573,0.005714285714285714,0.08571428571428572,0.5714285714285714,7.0,6.0,6.0
2195,1981,4,1981-12-15,46.857142857142854,19.857142857142858,33.357142857142854,0.0,0.0,0.0,6.0,0.0,4.0
2196,1981,5,1981-12-15,26.857142857142858,8.857142857142858,17.857142857142858,0.03142857142857143,0.5571428571428572,0.42857142857142855,7.0,5.0,7.0
2197,1981,8,1981-12-15,52.714285714285715,32.714285714285715,42.714285714285715,0.08,0.3285714285714286,0.14285714285714285,1.0,0.0,0.0
2198,1981,9,1981-12-15,39.42857142857143,26.428571428571427,32.92857142857143,0.15857142857142859,0.14285714285714285,0.0,6.0,0.0,3.0
2199,1975,43,,59.285714285714285,38.57142857142857,48.92857142857143,0.03571428571428571,0.0,0.0,1.0,0.0,0.0
2200,1975,44,,60.57142857142857,36.42857142857143,48.5,0.0,0.0,0.0,2.0,0.0,0.0
2201,1976,3,,20.857142857142858,0.42857142857142855,10.642857142857142,0.011428571428571429,0.24285714285714285,8.714285714285714,7.0,6.0,7.0
2202,1976,29,,87.28571428571429,61.714285714285715,74.5,0.011428571428571429,0.0,0.0,0.0,0.0,0.0
2203,1976,39,,65.14285714285714,41.57142857142857,53.357142857142854,0.02,0.0,0.0,0.0,0.0,0.0
2204,1976,47,,45.857142857142854,23.285714285714285,34.57142857142857,0.005714285714285714,0.05714285714285715,0.0,7.0,0.0,1.0
2205,1977,3,,19.142857142857142,-2.0,8.571428571428571,0.02428571428571429,0.5714285714285714,9.142857142857142,7.0,6.0,7.0
2206,1977,5,,19.428571428571427,0.5714285714285714,10.0,0.012857142857142857,0.17142857142857146,8.571428571428571,7.0,7.0,7.0
2207,1977,12,,54.285714285714285,29.428571428571427,41.857142857142854,0.02,0.0,0.0,4.0,0.0,2.0
2208,1977,13,,46.0,31.714285714285715,38.857142857142854,0.14142857142857143,0.0,0.0,4.0,0.0,0.0
2209,1977,16,,67.42857142857143,47.0,57.214285714285715,0.09571428571428572,0.0,0.0,0.0,0.0,0.0
2210,1977,38,,62.714285714285715,51.0,56.857142857142854,0.2385714285714286,0.0,0.0,0.0,0.0,0.0
2211,1981,16,1981-12-15,60.142857142857146,36.0,48.07142857142857,0.045714285714285714,0.0,0.0,2.0,0.0,0.0
2212,1981,32,1981-12-15,79.85714285714286,61.714285714285715,70.78571428571429,0.054285714285714284,0.0,0.0,0.0,0.0,0.0
2213,1981,38,1981-12-15,68.42857142857143,44.285714285714285,56.357142857142854,0.01,0.0,0.0,0.0,0.0,0.0
2214,1981,39,1981-12-15,64.14285714285714,49.142857142857146,56.642857142857146,0.1385714285714286,0.0,0.0,0.0,0.0,0.0
2215,1981,45,1981-12-15,60.57142857142857,34.0,47.285714285714285,0.0,0.0,0.0,4.0,0.0,0.0
2216,1981,46,1981-12-15,54.714285714285715,34.0,44.357142857142854,0.0,0.0,0.0,3.0,0.0,1.0
2217,1982,1,1982-12-11,6.428571428571429,-13.428571428571429,-3.5,0.0,0.0,9.714285714285714,7.0,7.0,7.0
2218,1982,9,1982-12-11,23.428571428571427,9.571428571428571,16.5,0.004285714285714286,0.04285714285714286,11.714285714285714,7.0,7.0,7.0
2219,1982,29,1982-12-11,88.28571428571429,67.0,77.64285714285714,0.03428571428571429,0.0,0.0,0.0,0.0,0.0
2220,1982,48,1982-12-11,45.42857142857143,32.714285714285715,39.07142857142857,0.002857142857142857,0.0,0.0,4.0,0.0,0.0
2221,1982,51,1982-12-11,35.857142857142854,22.142857142857142,29.0,0.3728571428571429,0.19999999999999998,0.14285714285714285,5.0,1.0,5.0
2222,1983,16,1983-12-02,55.714285714285715,31.285714285714285,43.5,0.0,0.0,1.1428571428571428,4.0,0.0,1.0
2223,1983,44,1983-12-02,52.0,38.57142857142857,45.285714285714285,0.002857142857142857,0.0,0.0,1.0,0.0,0.0
2224,1984,52,1984-12-06,22.25,5.0,13.625,0.04125,0.35000000000000003,3.375,8.0,6.0,7.0
2225,1984,3,1984-12-06,3.7142857142857144,-15.142857142857142,-5.714285714285714,0.004285714285714286,0.08571428571428572,17.571428571428573,7.0,7.0,7.0
2226,1984,4,1984-12-06,27.857142857142858,9.0,18.428571428571427,0.03428571428571429,0.37142857142857144,16.142857142857142,7.0,5.0,7.0
2227,1984,11,1984-12-06,29.428571428571427,17.428571428571427,23.428571428571427,0.037142857142857144,0.3428571428571429,6.571428571428571,7.0,4.0,7.0
2228,1984,23,1984-12-06,78.57142857142857,62.285714285714285,70.42857142857143,0.8057142857142858,0.0,0.0,0.0,0.0,0.0
2229,1984,35,1984-12-06,77.42857142857143,59.42857142857143,68.42857142857143,0.03142857142857143,0.0,0.0,0.0,0.0,0.0
2230,1984,42,1984-12-06,52.142857142857146,39.285714285714285,45.714285714285715,0.5499999999999999,0.0,0.0,0.0,0.0,0.0
2231,1985,8,1985-11-27,37.0,22.428571428571427,29.714285714285715,0.03428571428571429,0.09999999999999999,5.428571428571429,7.0,0.0,4.0
2232,1985,9,1985-11-27,39.142857142857146,22.857142857142858,31.0,0.13999999999999999,1.8,0.2857142857142857,6.0,2.0,4.0
2233,1985,14,1985-11-27,49.285714285714285,30.857142857142858,40.07142857142857,0.0,0.0,2.142857142857143,4.0,0.0,0.0
2234,1985,25,1985-11-27,74.85714285714286,54.714285714285715,64.78571428571429,0.06571428571428571,0.0,0.0,0.0,0.0,0.0
2235,1985,26,1985-11-27,78.71428571428571,58.0,68.35714285714286,0.025714285714285714,0.0,0.0,0.0,0.0,0.0
2236,1985,35,1985-11-27,73.71428571428571,58.285714285714285,66.0,0.21428571428571427,0.0,0.0,0.0,0.0,0.0
2237,1985,43,1985-11-27,63.57142857142857,44.285714285714285,53.92857142857143,0.015714285714285715,0.0,0.0,0.0,0.0,0.0
2238,1985,48,1985-11-27,16.571428571428573,-1.4285714285714286,7.571428571428571,0.22571428571428573,3.357142857142857,5.857142857142857,7.0,7.0,7.0
2239,1986,1,1986-12-05,27.0,15.875,21.4375,0.01375,0.125,7.5,8.0,5.0,7.0
2240,1986,2,1986-12-05,27.0,8.142857142857142,17.571428571428573,0.0,0.0,10.857142857142858,7.0,3.0,5.0
2241,1986,5,1986-12-05,16.285714285714285,5.142857142857143,10.714285714285714,0.04,0.5571428571428572,12.571428571428571,7.0,7.0,7.0
2242,1986,6,1986-12-05,25.142857142857142,16.0,20.571428571428573,0.0,0.0,12.714285714285714,7.0,6.0,7.0
2243,1986,7,1986-12-05,11.857142857142858,-6.285714285714286,2.7857142857142856,0.06857142857142857,1.1714285714285713,13.714285714285714,7.0,7.0,7.0
2244,1986,12,1986-12-05,39.42857142857143,22.714285714285715,31.071428571428573,0.11857142857142856,0.14285714285714285,3.857142857142857,4.0,1.0,3.0
2245,1986,15,1986-12-05,59.285714285714285,37.42857142857143,48.357142857142854,0.0014285714285714286,0.0,0.0,1.0,0.0,0.0
2246,1986,17,1986-12-05,64.28571428571429,42.57142857142857,53.42857142857143,0.39,0.0,0.0,1.0,0.0,0.0
2247,1986,39,1986-12-05,74.57142857142857,53.142857142857146,63.857142857142854,0.09571428571428572,0.0,0.0,0.0,0.0,0.0
2248,1986,41,1986-12-05,55.285714285714285,38.285714285714285,46.785714285714285,0.17285714285714288,0.0,0.0,0.0,0.0,0.0
2249,1986,43,1986-12-05,62.714285714285715,45.857142857142854,54.285714285714285,0.004285714285714286,0.0,0.0,0.0,0.0,0.0
2250,1987,6,1987-12-17,41.285714285714285,19.571428571428573,30.428571428571427,0.0,0.0,0.7142857142857143,7.0,1.0,4.0
2251,1987,8,1987-12-17,39.285714285714285,20.571428571428573,29.928571428571427,0.004285714285714286,0.028571428571428574,0.0,7.0,1.0,4.0
2252,1987,20,1987-12-17,81.85714285714286,53.57142857142857,67.71428571428571,0.04285714285714286,0.0,0.0,0.0,0.0,0.0
2253,1987,21,1987-12-17,64.71428571428571,47.0,55.857142857142854,0.13,0.0,0.0,0.0,0.0,0.0
2254,1987,24,1987-12-17,85.28571428571429,59.857142857142854,72.57142857142857,0.06999999999999999,0.0,0.0,0.0,0.0,0.0
2255,1987,34,1987-12-17,75.14285714285714,57.285714285714285,66.21428571428571,0.0014285714285714286,0.0,0.0,0.0,0.0,0.0
2256,1987,39,1987-12-17,75.57142857142857,49.714285714285715,62.642857142857146,0.0,0.0,0.0,0.0,0.0,0.0
2257,1987,40,1987-12-17,67.0,43.857142857142854,55.42857142857143,0.004285714285714286,0.0,0.0,1.0,0.0,0.0
2258,1987,42,1987-12-17,58.857142857142854,39.857142857142854,49.357142857142854,0.06999999999999999,0.0,0.0,0.0,0.0,0.0
2259,1987,43,1987-12-17,44.285714285714285,30.714285714285715,37.5,0.012857142857142857,0.04285714285714286,0.0,4.0,0.0,0.0
2260,1988,8,1988-12-01,34.285714285714285,17.142857142857142,25.714285714285715,0.0,0.0,1.1428571428571428,7.0,3.0,5.0
2261,1988,17,1988-12-01,63.857142857142854,40.0,51.92857142857143,0.07857142857142858,0.0,0.0,0.0,0.0,0.0
2262,1988,24,1988-12-01,88.0,63.857142857142854,75.92857142857143,0.02142857142857143,0.0,0.0,0.0,0.0,0.0
2263,1988,37,1988-12-01,77.71428571428571,53.714285714285715,65.71428571428571,0.03571428571428571,0.0,0.0,0.0,0.0,0.0
2264,1988,39,1988-12-01,65.57142857142857,50.42857142857143,58.0,0.054285714285714284,0.0,0.0,0.0,0.0,0.0
2265,1988,44,1988-12-01,47.285714285714285,31.571428571428573,39.42857142857143,0.12999999999999998,0.41428571428571426,0.42857142857142855,4.0,0.0,0.0
2266,1988,46,1988-12-01,36.285714285714285,21.571428571428573,28.928571428571427,0.12714285714285714,0.42857142857142855,1.0,6.0,2.0,5.0
2267,1988,49,1988-12-01,27.0,10.428571428571429,18.714285714285715,0.0,0.0,0.2857142857142857,7.0,4.0,5.0
2268,1989,4,1989-12-03,35.857142857142854,20.428571428571427,28.142857142857142,0.014285714285714287,0.1142857142857143,0.8571428571428571,7.0,2.0,6.0
2269,1989,11,1989-12-03,25.714285714285715,11.0,18.357142857142858,0.16142857142857145,1.4714285714285715,6.285714285714286,6.0,4.0,6.0
2270,1989,25,1989-12-03,84.0,64.28571428571429,74.14285714285714,0.04428571428571428,0.0,0.0,0.0,0.0,0.0
2271,1989,31,1989-12-03,85.42857142857143,66.14285714285714,75.78571428571429,0.0,0.0,0.0,0.0,0.0,0.0
2272,1989,35,1989-12-03,75.28571428571429,58.42857142857143,66.85714285714286,0.16142857142857142,0.0,0.0,0.0,0.0,0.0
2273,1989,38,1989-12-03,72.0,50.714285714285715,61.357142857142854,0.025714285714285714,0.0,0.0,0.0,0.0,0.0
2274,1989,39,1989-12-03,73.71428571428571,44.57142857142857,59.142857142857146,0.014285714285714287,0.0,0.0,0.0,0.0,0.0
2275,1989,48,1989-12-03,31.571428571428573,9.428571428571429,20.5,0.022857142857142857,0.14285714285714285,0.42857142857142855,7.0,2.0,7.0
2276,1990,2,1990-12-18,36.57142857142857,17.571428571428573,27.071428571428573,0.0,0.0,0.14285714285714285,7.0,2.0,5.0
2277,1990,9,1990-12-18,41.285714285714285,19.0,30.142857142857142,0.0,0.0,0.5714285714285714,7.0,1.0,5.0
2278,1990,11,1990-12-18,48.142857142857146,33.42857142857143,40.785714285714285,0.21,0.21428571428571427,0.0,3.0,1.0,1.0
2279,1990,13,1990-12-18,52.142857142857146,29.714285714285715,40.92857142857143,0.045714285714285714,0.1142857142857143,0.0,2.0,0.0,1.0
2280,1990,27,1990-12-18,84.57142857142857,64.42857142857143,74.5,0.1285714285714286,0.0,0.0,0.0,0.0,0.0
2281,1990,37,1990-12-18,78.42857142857143,56.57142857142857,67.5,0.03428571428571429,0.0,0.0,0.0,0.0,0.0
2282,1990,43,1990-12-18,57.0,31.714285714285715,44.357142857142854,0.0,0.0,0.0,4.0,0.0,0.0
2283,1990,46,1990-12-18,54.142857142857146,32.57142857142857,43.357142857142854,0.0,0.0,0.0,4.0,0.0,0.0
2284,1990,47,1990-12-18,51.57142857142857,29.142857142857142,40.357142857142854,0.0014285714285714286,0.0,0.0,5.0,1.0,1.0
2285,1990,48,1990-12-18,34.142857142857146,18.714285714285715,26.428571428571427,0.049999999999999996,0.35714285714285715,0.8571428571428571,6.0,2.0,6.0
2286,1990,49,1990-12-18,38.857142857142854,20.428571428571427,29.642857142857142,0.017142857142857144,0.2285714285714286,0.7142857142857143,7.0,2.0,4.0
2287,1990,52,1990-12-18,15.0,-7.714285714285714,3.642857142857143,0.008571428571428572,0.14285714285714285,5.857142857142857,7.0,7.0,7.0
2288,1991,3,1991-11-25,30.285714285714285,14.714285714285714,22.5,0.002857142857142857,0.04285714285714286,5.571428571428571,7.0,4.0,7.0
2289,1991,9,1991-11-25,29.142857142857142,9.428571428571429,19.285714285714285,0.018571428571428572,0.31428571428571433,3.857142857142857,7.0,5.0,6.0
2290,1991,15,1991-11-25,46.857142857142854,32.714285714285715,39.785714285714285,0.22142857142857145,0.21428571428571427,0.0,1.0,0.0,0.0
2291,1991,38,1991-11-25,59.57142857142857,41.0,50.285714285714285,0.011428571428571429,0.0,0.0,1.0,0.0,0.0
2292,1991,41,1991-11-25,63.142857142857146,38.0,50.57142857142857,0.0,0.0,0.0,1.0,0.0,0.0
2293,1991,44,1991-11-25,37.857142857142854,23.857142857142858,30.857142857142858,0.4571428571428572,4.057142857142858,8.571428571428571,6.0,2.0,5.0
2294,1991,47,1991-11-25,36.714285714285715,24.714285714285715,30.714285714285715,0.09428571428571429,0.8857142857142858,1.5714285714285714,5.0,2.0,3.0
2295,1992,9,1992-12-18,42.57142857142857,25.0,33.785714285714285,0.047142857142857146,0.4714285714285714,3.857142857142857,5.0,0.0,2.0
2296,1992,16,1992-12-18,50.0,38.42857142857143,44.214285714285715,0.12714285714285714,0.0,0.0,1.0,0.0,0.0
2297,1992,19,1992-12-18,74.42857142857143,46.714285714285715,60.57142857142857,0.0,0.0,0.0,0.0,0.0,0.0
2298,1992,25,1992-12-18,71.28571428571429,52.57142857142857,61.92857142857143,0.3871428571428571,0.0,0.0,0.0,0.0,0.0
2299,1992,29,1992-12-18,74.85714285714286,57.142857142857146,66.0,0.02,0.0,0.0,0.0,0.0,0.0
2300,1992,43,1992-12-18,61.857142857142854,36.714285714285715,49.285714285714285,0.008571428571428572,0.07142857142857142,0.0,2.0,0.0,0.0
2301,1993,18,1993-12-11,72.57142857142857,54.0,63.285714285714285,0.13285714285714284,0.0,0.0,0.0,0.0,0.0
2302,1993,26,1993-12-11,74.71428571428571,59.714285714285715,67.21428571428571,0.4571428571428572,0.0,0.0,0.0,0.0,0.0
2303,1993,28,1993-12-11,78.14285714285714,61.57142857142857,69.85714285714286,0.014285714285714287,0.0,0.0,0.0,0.0,0.0
2304,1993,36,1993-12-11,71.28571428571429,48.42857142857143,59.857142857142854,0.008571428571428572,0.0,0.0,0.0,0.0,0.0
2305,1993,42,1993-12-11,62.57142857142857,39.142857142857146,50.857142857142854,0.037142857142857144,0.0,0.0,2.0,0.0,0.0
2306,1993,43,1993-12-11,45.57142857142857,34.285714285714285,39.92857142857143,0.0,0.0,0.0,4.0,0.0,1.0
2307,1993,44,1993-12-11,42.0,26.714285714285715,34.357142857142854,0.06571428571428571,0.3,0.42857142857142855,4.0,1.0,3.0
2308,1994,8,1994-12-11,21.285714285714285,6.142857142857143,13.714285714285714,0.06142857142857143,0.7857142857142857,2.142857142857143,7.0,7.0,7.0
2309,1994,24,1994-12-11,85.71428571428571,66.14285714285714,75.92857142857143,0.09571428571428572,0.0,0.0,0.0,0.0,0.0
2310,1994,25,1994-12-11,83.14285714285714,62.0,72.57142857142857,0.005714285714285714,0.0,0.0,0.0,0.0,0.0
2311,1995,5,1995-11-28,30.428571428571427,15.285714285714286,22.857142857142858,0.0,0.0,0.0,7.0,3.0,6.0
2312,1995,7,1995-11-28,30.285714285714285,6.428571428571429,18.357142857142858,0.025714285714285714,0.17142857142857143,0.42857142857142855,7.0,4.0,6.0
2313,1995,9,1995-11-28,26.571428571428573,10.714285714285714,18.642857142857142,0.037142857142857144,0.6142857142857142,0.42857142857142855,7.0,4.0,7.0
2314,1995,22,1995-11-28,80.28571428571429,55.285714285714285,67.78571428571429,0.0014285714285714286,0.0,0.0,0.0,0.0,0.0
2315,1995,23,1995-11-28,70.71428571428571,51.285714285714285,61.0,0.2842857142857143,0.0,0.0,0.0,0.0,0.0
2316,1995,25,1995-11-28,89.28571428571429,69.0,79.14285714285714,0.037142857142857144,0.0,0.0,0.0,0.0,0.0
2317,1995,39,1995-11-28,73.42857142857143,49.42857142857143,61.42857142857143,0.19,0.0,0.0,0.0,0.0,0.0
2318,1995,43,1995-11-28,51.142857142857146,36.57142857142857,43.857142857142854,0.2542857142857143,0.014285714285714287,0.0,0.0,0.0,0.0
2319,1996,10,1996-11-25,22.571428571428573,3.7142857142857144,13.142857142857142,0.017142857142857144,0.32857142857142857,1.4285714285714286,7.0,6.0,7.0
2320,1996,11,1996-11-25,47.714285714285715,31.428571428571427,39.57142857142857,0.004285714285714286,0.0,0.14285714285714285,4.0,0.0,0.0
2321,1996,15,1996-11-25,51.285714285714285,28.571428571428573,39.92857142857143,0.027142857142857142,0.24285714285714285,0.0,5.0,0.0,0.0
2322,1996,20,1996-11-25,70.71428571428571,51.857142857142854,61.285714285714285,0.1557142857142857,0.0,0.0,0.0,0.0,0.0
2323,1996,22,1996-11-25,70.71428571428571,49.0,59.857142857142854,0.022857142857142857,0.0,0.0,0.0,0.0,0.0
2324,1996,30,1996-11-25,79.85714285714286,57.714285714285715,68.78571428571429,0.11714285714285715,0.0,0.0,0.0,0.0,0.0
2325,1996,35,1996-11-25,80.57142857142857,56.285714285714285,68.42857142857143,0.0,0.0,0.0,0.0,0.0,0.0
2326,1996,36,1996-11-25,84.0,64.71428571428571,74.35714285714286,0.0,0.0,0.0,0.0,0.0,0.0
2327,1997,3,1997-12-26,12.714285714285714,-6.0,3.357142857142857,0.02428571428571429,0.37142857142857144,15.0,7.0,7.0,7.0
2328,1997,19,1997-12-26,64.57142857142857,41.285714285714285,52.92857142857143,0.07714285714285715,0.0,0.0,0.0,0.0,0.0
2329,1997,44,1997-12-26,47.857142857142854,28.857142857142858,38.357142857142854,0.06857142857142857,0.14285714285714285,0.0,4.0,0.0,1.0
2330,1997,50,1997-12-26,34.42857142857143,21.714285714285715,28.071428571428573,0.012857142857142857,0.15714285714285717,0.0,7.0,3.0,6.0
2331,1998,26,1998-12-25,82.14285714285714,61.857142857142854,72.0,0.6,0.0,0.0,0.0,0.0,0.0
2332,1998,28,1998-12-25,84.28571428571429,65.42857142857143,74.85714285714286,0.0,0.0,0.0,0.0,0.0,0.0
2333,1998,29,1998-12-25,85.57142857142857,65.14285714285714,75.35714285714286,0.2871428571428571,0.0,0.0,0.0,0.0,0.0
2334,1998,31,1998-12-25,82.14285714285714,58.57142857142857,70.35714285714286,0.08714285714285715,0.0,0.0,0.0,0.0,0.0
2335,1998,32,1998-12-25,77.71428571428571,64.0,70.85714285714286,0.3271428571428571,0.0,0.0,0.0,0.0,0.0
2336,1998,33,1998-12-25,82.57142857142857,62.0,72.28571428571429,0.045714285714285714,0.0,0.0,0.0,0.0,0.0
2337,1998,34,1998-12-25,82.28571428571429,64.71428571428571,73.5,0.3771428571428571,0.0,0.0,0.0,0.0,0.0
2338,1998,47,1998-12-25,42.857142857142854,27.571428571428573,35.214285714285715,0.02142857142857143,0.0,0.0,3.0,1.0,2.0
2339,1999,7,1999-12-21,31.571428571428573,17.714285714285715,24.642857142857142,0.002857142857142857,0.028571428571428574,0.0,7.0,3.0,6.0
2340,1999,10,1999-12-21,35.142857142857146,14.571428571428571,24.857142857142858,0.17142857142857143,2.2857142857142856,8.142857142857142,7.0,1.0,7.0
2341,1999,12,1999-12-21,50.57142857142857,26.285714285714285,38.42857142857143,0.09428571428571429,0.0,0.0,5.0,0.0,0.0
2342,1999,15,1999-12-21,54.57142857142857,36.857142857142854,45.714285714285715,0.11285714285714286,0.0,0.0,0.0,0.0,0.0
2343,1999,20,1999-12-21,68.57142857142857,51.57142857142857,60.07142857142857,0.3171428571428571,0.0,0.0,0.0,0.0,0.0
2344,1999,36,1999-12-21,72.71428571428571,51.857142857142854,62.285714285714285,0.26285714285714284,0.0,0.0,0.0,0.0,0.0
2345,1999,38,1999-12-21,70.14285714285714,46.142857142857146,58.142857142857146,0.011428571428571429,0.0,0.0,0.0,0.0,0.0
2346,1999,39,1999-12-21,56.42857142857143,40.285714285714285,48.357142857142854,0.018571428571428572,0.0,0.0,0.0,0.0,0.0
2347,1999,41,1999-12-21,61.142857142857146,42.142857142857146,51.642857142857146,0.0,0.0,0.0,0.0,0.0,0.0
2348,1999,51,1999-12-21,19.714285714285715,2.2857142857142856,11.0,0.02428571428571429,0.7142857142857143,2.0,7.0,5.0,7.0
2349,2000,13,2000-12-05,56.0,34.142857142857146,45.07142857142857,0.0071428571428571435,0.0,0.0,3.0,0.0,0.0
2350,2000,16,2000-12-05,56.857142857142854,37.142857142857146,47.0,0.08857142857142856,0.0,0.0,1.0,0.0,0.0
2351,2000,29,2000-12-05,72.85714285714286,56.857142857142854,64.85714285714286,0.032857142857142856,0.0,0.0,0.0,0.0,0.0
2352,2000,43,2000-12-05,61.285714285714285,51.285714285714285,56.285714285714285,0.09285714285714285,0.0,0.0,0.0,0.0,0.0
2353,2000,45,2000-12-05,38.42857142857143,31.857142857142858,35.142857142857146,0.3185714285714286,0.17142857142857143,0.5714285714285714,5.0,1.0,2.0
2354,2001,2,2002-01-02,32.57142857142857,21.857142857142858,27.214285714285715,0.05,0.4428571428571428,8.285714285714286,6.0,2.0,5.0
2355,2001,15,2002-01-02,54.42857142857143,36.142857142857146,45.285714285714285,0.21857142857142858,0.0,0.0,2.0,0.0,0.0
2356,2001,27,2002-01-02,82.57142857142857,62.42857142857143,72.5,0.0,0.0,0.0,0.0,0.0,0.0
2357,2001,49,2002-01-02,45.142857142857146,27.857142857142858,36.5,0.025714285714285717,0.08571428571428572,0.42857142857142855,5.0,0.0,2.0
2358,2001,51,2002-01-02,37.285714285714285,20.571428571428573,28.928571428571427,0.07285714285714286,0.8428571428571429,0.8571428571428571,7.0,1.0,5.0
2359,2002,11,2002-12-03,37.42857142857143,22.714285714285715,30.071428571428573,0.07571428571428572,1.542857142857143,3.2857142857142856,7.0,0.0,4.0
2360,2002,12,2002-12-03,30.714285714285715,15.714285714285714,23.214285714285715,0.004285714285714286,0.05714285714285715,2.2857142857142856,7.0,3.0,6.0
2361,2002,20,2002-12-03,62.0,43.0,52.5,0.017142857142857144,0.0,0.0,0.0,0.0,0.0
2362,2002,23,2002-12-03,73.57142857142857,55.42857142857143,64.5,0.21428571428571427,0.0,0.0,0.0,0.0,0.0
2363,2002,31,2002-12-03,82.85714285714286,65.85714285714286,74.35714285714286,0.35428571428571426,0.0,0.0,0.0,0.0,0.0
2364,2002,33,2002-12-03,77.85714285714286,58.857142857142854,68.35714285714286,0.3457142857142857,0.0,0.0,0.0,0.0,0.0
2365,2002,51,2002-12-03,33.714285714285715,25.714285714285715,29.714285714285715,0.025714285714285714,0.14285714285714285,0.42857142857142855,6.0,4.0,4.0
2366,2003,8,2003-12-12,31.857142857142858,15.0,23.428571428571427,0.0,0.0,2.857142857142857,7.0,3.0,6.0
2367,2003,16,2003-12-12,56.857142857142854,42.142857142857146,49.5,0.33571428571428574,0.0,0.0,0.0,0.0,0.0
2368,2003,26,2003-12-12,79.42857142857143,60.0,69.71428571428571,0.5142857142857143,0.0,0.0,0.0,0.0,0.0
2369,2003,35,2003-12-12,82.14285714285714,62.142857142857146,72.14285714285714,0.002857142857142857,0.0,0.0,0.0,0.0,0.0
2370,2003,38,2003-12-12,73.85714285714286,51.285714285714285,62.57142857142857,0.08,0.0,0.0,0.0,0.0,0.0
2371,2003,46,2003-12-12,44.0,33.42857142857143,38.714285714285715,0.03571428571428571,0.08571428571428572,0.0,2.0,0.0,1.0
2372,2003,51,2003-12-12,29.714285714285715,17.428571428571427,23.571428571428573,0.015714285714285715,0.48571428571428577,6.0,7.0,4.0,7.0
2373,2004,4,2004-12-19,15.428571428571429,-0.14285714285714285,7.642857142857143,0.0071428571428571435,0.3,0.2857142857142857,7.0,7.0,7.0
2374,2004,9,2004-12-19,39.857142857142854,27.285714285714285,33.57142857142857,0.012857142857142857,0.0,5.285714285714286,5.0,0.0,4.0
2375,2004,16,2004-12-19,68.85714285714286,41.0,54.92857142857143,0.14857142857142858,0.0,0.0,2.0,0.0,0.0
2376,2004,24,2004-12-19,76.85714285714286,60.57142857142857,68.71428571428571,0.3028571428571429,0.0,0.0,0.0,0.0,0.0
2377,2004,25,2004-12-19,72.71428571428571,57.142857142857146,64.92857142857143,0.0,0.0,0.0,0.0,0.0,0.0
2378,2004,42,2004-12-19,49.0,37.57142857142857,43.285714285714285,0.042857142857142864,0.0,0.0,1.0,0.0,0.0
2379,2004,48,2004-12-19,36.285714285714285,26.0,31.142857142857142,0.030000000000000002,0.07142857142857142,0.14285714285714285,6.0,0.0,4.0
2380,2005,5,2005-12-07,44.714285714285715,29.142857142857142,36.92857142857143,0.002857142857142857,0.04285714285714286,2.5714285714285716,5.0,0.0,0.0
2381,2005,7,2005-12-07,29.0,15.285714285714286,22.142857142857142,0.054285714285714284,0.6714285714285714,1.0,7.0,4.0,6.0
2382,2005,12,2005-12-07,47.0,27.714285714285715,37.357142857142854,0.0,0.0,0.5714285714285714,6.0,0.0,0.0
2383,2005,23,2005-12-07,82.42857142857143,63.857142857142854,73.14285714285714,0.17285714285714285,0.0,0.0,0.0,0.0,0.0
2384,2005,26,2005-12-07,80.42857142857143,64.14285714285714,72.28571428571429,0.20714285714285713,0.0,0.0,0.0,0.0,0.0
2385,2005,32,2005-12-07,79.71428571428571,63.857142857142854,71.78571428571429,0.1957142857142857,0.0,0.0,0.0,0.0,0.0
2386,2005,51,2005-12-07,29.285714285714285,16.285714285714285,22.785714285714285,0.014285714285714285,0.014285714285714287,5.285714285714286,5.0,3.0,4.0
2387,2006,14,2006-12-04,56.142857142857146,35.142857142857146,45.642857142857146,0.3685714285714286,0.0,0.0,2.0,0.0,0.0
2388,2006,20,2006-12-04,68.28571428571429,48.857142857142854,58.57142857142857,0.009999999999999998,0.0,0.0,0.0,0.0,0.0
2389,2006,28,2006-12-04,91.42857142857143,69.57142857142857,80.5,0.027142857142857142,0.0,0.0,0.0,0.0,0.0
2390,2006,37,2006-12-04,74.42857142857143,53.857142857142854,64.14285714285714,0.04857142857142858,0.0,0.0,0.0,0.0,0.0
2391,2006,38,2006-12-04,57.714285714285715,45.714285714285715,51.714285714285715,0.13571428571428573,0.0,0.0,0.0,0.0,0.0
2392,2006,45,2006-12-04,49.857142857142854,34.57142857142857,42.214285714285715,0.011428571428571429,0.014285714285714287,0.0,3.0,0.0,2.0
2393,2007,7,2007-12-03,18.857142857142858,4.714285714285714,11.785714285714286,0.0,0.014285714285714287,3.7142857142857144,7.0,7.0,7.0
2394,2007,9,2007-12-03,31.571428571428573,19.0,25.285714285714285,0.18714285714285714,1.8,9.714285714285714,7.0,2.0,7.0
2395,2007,22,2007-12-03,77.71428571428571,61.0,69.35714285714286,0.15857142857142859,0.0,0.0,0.0,0.0,0.0
2396,2007,35,2007-12-03,79.42857142857143,61.42857142857143,70.42857142857143,0.19428571428571426,0.0,0.0,0.0,0.0,0.0
2397,2007,36,2007-12-03,81.28571428571429,62.714285714285715,72.0,0.17857142857142858,0.0,0.0,0.0,0.0,0.0
2398,2007,37,2007-12-03,64.28571428571429,45.714285714285715,55.0,0.0,0.0,0.0,0.0,0.0,0.0
2399,2008,17,2008-12-07,60.0,39.57142857142857,49.785714285714285,0.20857142857142857,0.04285714285714286,0.0,2.0,0.0,0.0
2400,2008,22,2008-12-07,69.71428571428571,50.42857142857143,60.07142857142857,0.09142857142857143,0.0,0.0,0.0,0.0,0.0
2401,2008,29,2008-12-07,86.14285714285714,67.85714285714286,77.0,0.037142857142857144,0.0,0.0,0.0,0.0,0.0
2402,2008,51,2008-12-07,12.0,-5.0,3.5,0.049999999999999996,0.8428571428571429,5.0,7.0,7.0,7.0
2403,2008,52,2008-12-07,24.857142857142858,4.0,14.428571428571429,0.008571428571428572,0.15714285714285717,5.857142857142857,7.0,5.0,6.0
2404,2009,2,2009-12-15,18.142857142857142,3.4285714285714284,10.785714285714286,0.011428571428571429,0.14285714285714285,3.142857142857143,7.0,7.0,7.0
2405,2009,10,2009-12-15,35.285714285714285,21.714285714285715,28.5,0.0,0.0,3.0,6.0,2.0,5.0
2406,2009,26,2009-12-15,87.57142857142857,67.42857142857143,77.5,0.12571428571428572,0.0,0.0,0.0,0.0,0.0
2407,2009,28,2009-12-15,82.14285714285714,63.285714285714285,72.71428571428571,0.004285714285714286,0.0,0.0,0.0,0.0,0.0
2408,2009,42,2009-12-15,45.285714285714285,32.57142857142857,38.92857142857143,0.09142857142857143,0.35714285714285715,0.14285714285714285,2.0,0.0,0.0
2409,2010,6,2010-12-03,24.571428571428573,8.285714285714286,16.428571428571427,0.049999999999999996,0.9857142857142858,14.714285714285714,7.0,7.0,7.0
2410,2010,8,2010-12-03,29.857142857142858,8.142857142857142,19.0,0.0,0.014285714285714287,12.428571428571429,7.0,3.0,7.0
2411,2010,22,2010-12-03,77.42857142857143,57.42857142857143,67.42857142857143,0.13,0.0,0.0,0.0,0.0,0.0
2412,2010,26,2010-12-03,82.71428571428571,65.14285714285714,73.92857142857143,0.014285714285714287,0.0,0.0,0.0,0.0,0.0
2413,2010,34,2010-12-03,84.14285714285714,63.857142857142854,74.0,0.032857142857142856,0.0,0.0,0.0,0.0,0.0
2414,2010,36,2010-12-03,70.14285714285714,53.857142857142854,62.0,0.04142857142857143,0.0,0.0,0.0,0.0,0.0
2415,2011,15,2011-12-16,54.285714285714285,37.285714285714285,45.785714285714285,0.018571428571428572,0.08571428571428572,0.14285714285714285,0.0,0.0,0.0
2416,2011,27,2011-12-16,89.0,69.57142857142857,79.28571428571429,0.09,0.0,0.0,0.0,0.0,0.0
2417,2011,36,2011-12-16,82.71428571428571,57.142857142857146,69.92857142857143,0.0,0.0,0.0,0.0,0.0,0.0
2418,2012,52,2012-12-22,21.875,7.125,14.5,0.019999999999999997,0.3375,1.75,8.0,7.0,8.0
2419,2012,1,2012-12-22,34.0,19.0,26.5,0.0,0.0,0.875,7.0,3.0,6.0
2420,2012,4,2012-12-22,29.714285714285715,18.0,23.857142857142858,0.03142857142857143,0.34285714285714286,1.5714285714285714,7.0,4.0,6.0
2421,2012,12,2012-12-22,68.71428571428571,53.857142857142854,61.285714285714285,0.10428571428571429,0.0,0.0,0.0,0.0,0.0
2422,2012,16,2012-12-22,54.57142857142857,38.142857142857146,46.357142857142854,0.1142857142857143,0.0,0.0,0.0,0.0,0.0
2423,2012,22,2012-12-22,71.0,52.142857142857146,61.57142857142857,0.027142857142857142,0.0,0.0,0.0,0.0,0.0
2424,2012,23,2012-12-22,86.57142857142857,65.0,75.78571428571429,0.05714285714285715,0.0,0.0,0.0,0.0,0.0
2425,2012,28,2012-12-22,89.14285714285714,68.42857142857143,78.78571428571429,0.14285714285714285,0.0,0.0,0.0,0.0,0.0
2426,2012,40,2012-12-22,61.714285714285715,40.57142857142857,51.142857142857146,0.0,0.0,0.0,1.0,0.0,0.0
2427,2012,42,2012-12-22,59.285714285714285,42.0,50.642857142857146,0.03142857142857143,0.0,0.0,0.0,0.0,0.0
2428,2012,49,2012-12-22,40.42857142857143,24.714285714285715,32.57142857142857,0.1457142857142857,1.6142857142857143,0.42857142857142855,6.0,0.0,4.0
2429,2013,5,2013-11-29,17.857142857142858,5.857142857142857,11.857142857142858,0.022857142857142857,0.5142857142857143,2.7142857142857144,7.0,5.0,7.0
2430,2013,12,2013-11-29,30.285714285714285,13.142857142857142,21.714285714285715,0.032857142857142856,0.4428571428571429,7.285714285714286,7.0,4.0,7.0
2431,2013,25,2013-11-29,83.0,64.28571428571429,73.64285714285714,0.4714285714285714,0.0,0.0,0.0,0.0,0.0
2432,2013,33,2013-11-29,79.71428571428571,60.0,69.85714285714286,0.0,0.0,0.0,0.0,0.0,0.0
2433,2013,52,2013-11-29,25.285714285714285,3.4285714285714284,14.357142857142858,0.037142857142857144,0.5,7.285714285714286,7.0,5.0,6.0
2434,2014,13,2014-11-27,39.42857142857143,22.285714285714285,30.857142857142858,0.07428571428571429,0.18571428571428572,0.8571428571428571,6.0,2.0,3.0
2435,2014,23,2014-11-27,76.57142857142857,57.0,66.78571428571429,0.13428571428571429,0.0,0.0,0.0,0.0,0.0
2436,2014,29,2014-11-27,76.85714285714286,60.142857142857146,68.5,0.01,0.0,0.0,0.0,0.0,0.0
2437,2014,30,2014-11-27,84.14285714285714,66.85714285714286,75.5,0.06428571428571428,0.0,0.0,0.0,0.0,0.0
2438,2014,31,2014-11-27,83.85714285714286,63.57142857142857,73.71428571428571,0.09571428571428572,0.0,0.0,0.0,0.0,0.0
2439,2014,49,2014-11-27,26.0,12.571428571428571,19.285714285714285,0.0014285714285714286,0.014285714285714287,1.7142857142857142,7.0,3.0,7.0
2440,2016,4,2016-12-15,36.142857142857146,22.285714285714285,29.214285714285715,0.011428571428571429,0.1142857142857143,3.5714285714285716,7.0,2.0,5.0
2441,2016,13,2016-12-15,52.857142857142854,34.0,43.42857142857143,0.10571428571428573,0.0,0.0,3.0,0.0,1.0
2442,2016,20,2016-12-15,73.57142857142857,49.714285714285715,61.642857142857146,0.0,0.0,0.0,0.0,0.0,0.0
2443,2016,44,2016-12-15,65.57142857142857,42.714285714285715,54.142857142857146,0.0,0.0,0.0,0.0,0.0,0.0
2444,2016,49,2016-12-15,25.428571428571427,14.857142857142858,20.142857142857142,0.06999999999999999,1.0142857142857142,0.5714285714285714,7.0,5.0,6.0
2445,2017,8,2017-12-14,45.42857142857143,28.0,36.714285714285715,0.08714285714285715,0.0,0.0,4.0,1.0,3.0
2446,2017,18,2017-12-14,64.57142857142857,43.0,53.785714285714285,0.04142857142857143,0.0,0.0,0.0,0.0,0.0
2447,2017,19,2017-12-14,74.0,50.57142857142857,62.285714285714285,0.04,0.0,0.0,0.0,0.0,0.0
2448,2017,37,2017-12-14,82.28571428571429,61.857142857142854,72.07142857142857,0.005714285714285714,0.0,0.0,0.0,0.0,0.0
2449,2017,39,2017-12-14,67.85714285714286,51.42857142857143,59.642857142857146,0.11571428571428573,0.0,0.0,0.0,0.0,0.0
2450,2017,42,2017-12-14,71.0,47.142857142857146,59.07142857142857,0.0642857142857143,0.0,0.0,0.0,0.0,0.0
2451,2018,17,2018-11-28,65.14285714285714,39.857142857142854,52.5,0.0,0.0,0.0,0.0,0.0,0.0
2452,2018,21,2018-11-28,85.42857142857143,63.714285714285715,74.57142857142857,0.11,0.0,0.0,0.0,0.0,0.0
2453,2018,28,2018-11-28,88.71428571428571,70.57142857142857,79.64285714285714,0.3157142857142857,0.0,0.0,0.0,0.0,0.0
2454,2018,31,2018-11-28,82.0,63.57142857142857,72.78571428571429,0.1842857142857143,0.0,0.0,0.0,0.0,0.0
2455,2018,32,2018-11-28,87.28571428571429,67.85714285714286,77.57142857142857,0.0,0.0,0.0,0.0,0.0,0.0
2456,2018,36,2018-11-28,74.71428571428571,58.57142857142857,66.64285714285714,0.1742857142857143,0.0,0.0,0.0,0.0,0.0
2457,2018,44,2018-11-28,48.857142857142854,36.0,42.42857142857143,0.028571428571428574,0.0,0.0,0.0,0.0,0.0
2458,2018,45,2018-11-28,32.285714285714285,22.857142857142858,27.571428571428573,0.09857142857142856,0.22857142857142856,0.5714285714285714,6.0,4.0,5.0
2459,2018,48,2018-11-28,29.714285714285715,21.857142857142858,25.785714285714285,0.06571428571428571,0.7285714285714285,1.4285714285714286,7.0,4.0,7.0
2460,2019,15,2019-12-02,45.857142857142854,30.428571428571427,38.142857142857146,0.14714285714285716,1.4,1.8571428571428572,5.0,0.0,1.0
2461,2019,22,2019-12-02,75.0,52.857142857142854,63.92857142857143,0.2642857142857143,0.0,0.0,0.0,0.0,0.0
2462,2019,39,2019-12-02,69.71428571428571,51.57142857142857,60.642857142857146,0.04285714285714286,0.0,0.0,0.0,0.0,0.0
2463,2019,46,2019-12-02,31.714285714285715,20.571428571428573,26.142857142857142,0.014285714285714287,0.08571428571428572,0.0,5.0,3.0,4.0
2464,2020,2,2020-12-24,25.857142857142858,8.714285714285714,17.285714285714285,0.015714285714285715,0.1142857142857143,3.0,7.0,4.0,7.0
2465,2020,3,2020-12-24,21.857142857142858,2.857142857142857,12.357142857142858,0.07714285714285715,0.9142857142857144,5.857142857142857,7.0,6.0,7.0
2466,2015,2,,9.0,-5.142857142857143,1.9285714285714286,0.03,0.5142857142857143,3.5714285714285716,7.0,7.0,7.0
2467,2015,7,,21.857142857142858,6.285714285714286,14.071428571428571,0.02,0.1285714285714286,0.7142857142857143,7.0,6.0,7.0
2468,2015,12,,47.42857142857143,30.571428571428573,39.0,0.028571428571428574,0.4428571428571429,0.0,4.0,0.0,0.0
2469,2015,39,,76.57142857142857,60.42857142857143,68.5,0.04428571428571428,0.0,0.0,0.0,0.0,0.0
2470,2015,40,,63.714285714285715,46.0,54.857142857142854,0.0,0.0,0.0,0.0,0.0,0.0
2471,2020,42,2020-12-24,53.285714285714285,39.0,46.142857142857146,0.11714285714285715,0.028571428571428574,0.0,1.0,0.0,0.0
2472,2020,46,2020-12-24,39.142857142857146,24.0,31.571428571428573,0.1742857142857143,1.1857142857142857,3.4285714285714284,6.0,1.0,5.0
2473,2021,3,2021-12-08,25.571428571428573,8.142857142857142,16.857142857142858,0.054285714285714284,0.7,6.571428571428571,7.0,5.0,7.0
2474,2021,8,2021-12-08,40.0,25.714285714285715,32.857142857142854,0.021428571428571432,0.2285714285714286,6.285714285714286,7.0,0.0,2.0
2475,2021,10,2021-12-08,52.857142857142854,32.857142857142854,42.857142857142854,0.09857142857142856,0.0,0.0,2.0,0.0,0.0
2476,2021,13,2021-12-08,59.57142857142857,32.714285714285715,46.142857142857146,0.0,0.0,0.0,3.0,0.0,1.0
2477,2021,15,2021-12-08,53.142857142857146,35.285714285714285,44.214285714285715,0.02,0.07142857142857142,0.0,2.0,0.0,0.0
2478,2021,22,2021-12-08,88.71428571428571,66.14285714285714,77.42857142857143,0.0,0.0,0.0,0.0,0.0,0.0
2479,2021,35,2021-12-08,75.57142857142857,60.857142857142854,68.21428571428571,0.13714285714285715,0.0,0.0,0.0,0.0,0.0
2480,2021,37,2021-12-08,80.14285714285714,57.142857142857146,68.64285714285714,0.054285714285714284,0.0,0.0,0.0,0.0,0.0
2481,2021,42,2021-12-08,59.285714285714285,40.142857142857146,49.714285714285715,0.1042857142857143,0.0,0.0,1.0,0.0,0.0
2482,2021,48,2021-12-08,44.857142857142854,31.428571428571427,38.142857142857146,0.047142857142857146,0.15714285714285717,0.14285714285714285,4.0,0.0,1.0
2483,2021,51,2021-12-08,31.0,15.142857142857142,23.071428571428573,0.037142857142857144,0.4,1.0,7.0,5.0,6.0
2484,2021,52,2021-12-08,22.8,1.2,12.0,0.038,0.54,3.2,5.0,4.0,5.0
2485,2022,13,2022-12-08,41.57142857142857,28.428571428571427,35.0,0.15714285714285717,0.21428571428571427,0.0,4.0,0.0,2.0
2486,2022,16,2022-12-08,52.285714285714285,37.285714285714285,44.785714285714285,0.15857142857142859,0.0,0.0,2.0,0.0,0.0
2487,2022,24,2022-12-08,85.71428571428571,66.85714285714286,76.28571428571429,0.06857142857142857,0.0,0.0,0.0,0.0,0.0
2488,2022,43,2022-12-08,60.42857142857143,40.0,50.214285714285715,0.011428571428571429,0.0,0.0,0.0,0.0,0.0
2489,2023,16,2024-01-13,45.57142857142857,32.714285714285715,39.142857142857146,0.16857142857142857,0.0,0.0,4.0,0.0,0.0
2490,2023,20,2024-01-13,71.71428571428571,49.142857142857146,60.42857142857143,0.02,0.0,0.0,0.0,0.0,0.0
2491,2023,33,2024-01-13,81.28571428571429,62.142857142857146,71.71428571428571,0.03571428571428571,0.0,0.0,0.0,0.0,0.0
2492,2023,37,2024-01-13,72.85714285714286,52.285714285714285,62.57142857142857,0.08285714285714285,0.0,0.0,0.0,0.0,0.0
2493,2024,1,,31.714285714285715,24.142857142857142,27.928571428571427,0.002857142857142857,0.042857142857142864,0.2857142857142857,7.0,3.0,7.0
2494,2024,9,,56.142857142857146,24.0,40.07142857142857,0.0,0.014285714285714287,0.0,4.0,1.0,1.0
2495,2024,11,,55.857142857142854,35.0,45.42857142857143,0.0,0.0,0.0,2.0,1.0,1.0
2496,2024,13,,39.57142857142857,26.142857142857142,32.857142857142854,0.2285714285714286,0.5571428571428572,3.142857142857143,4.0,1.0,3.0
2497,2024,27,,78.57142857142857,61.714285714285715,70.14285714285714,0.14285714285714285,0.0,0.0,0.0,0.0,0.0
2498,2024,30,,83.28571428571429,66.14285714285714,74.71428571428571,0.12714285714285714,0.0,0.0,0.0,0.0,0.0
2499,2024,39,,81.0,56.0,68.5,0.0,0.0,0.0,0.0,0.0,0.0
2500,2024,42,,66.0,44.57142857142857,55.285714285714285,0.0,0.0,0.0,0.0,0.0,0.0
2501,1970,4,,10.0,-9.571428571428571,0.21428571428571427,0.018571428571428572,0.32857142857142857,20.285714285714285,7.0,6.0,7.0
2502,1970,16,,50.42857142857143,37.0,43.714285714285715,0.22285714285714286,0.1142857142857143,0.0,0.0,0.0,0.0
2503,1970,20,,61.42857142857143,43.714285714285715,52.57142857142857,0.042857142857142864,0.0,0.0,0.0,0.0,0.0
2504,1970,31,,85.57142857142857,67.28571428571429,76.42857142857143,0.17714285714285719,0.0,0.0,0.0,0.0,0.0
2505,1970,40,,70.0,41.714285714285715,55.857142857142854,0.0,0.0,0.0,0.0,0.0,0.0
2506,1970,48,,31.571428571428573,14.285714285714286,22.928571428571427,0.05142857142857143,0.7428571428571429,1.8571428571428572,7.0,3.0,5.0
2507,1971,11,,36.142857142857146,23.142857142857142,29.642857142857142,0.08857142857142856,0.7000000000000001,4.142857142857143,7.0,1.0,5.0
2508,1971,19,,74.14285714285714,44.142857142857146,59.142857142857146,0.0,0.0,0.0,0.0,0.0,0.0
2509,1971,23,,79.0,59.857142857142854,69.42857142857143,0.13142857142857142,0.0,0.0,0.0,0.0,0.0
2510,1971,25,,81.42857142857143,60.42857142857143,70.92857142857143,0.05285714285714286,0.0,0.0,0.0,0.0,0.0
2511,1971,30,,74.28571428571429,50.714285714285715,62.5,0.13285714285714287,0.0,0.0,0.0,0.0,0.0
2512,1971,46,,42.0,30.857142857142858,36.42857142857143,0.18571428571428572,0.04285714285714286,0.0,3.0,1.0,2.0
2513,1972,1,,22.857142857142858,2.0,12.428571428571429,0.0,0.0,9.142857142857142,7.0,4.0,7.0
2514,1972,10,,34.285714285714285,12.571428571428571,23.428571428571427,0.0014285714285714286,0.042857142857142864,14.142857142857142,7.0,2.0,5.0
2515,1972,35,,77.28571428571429,54.714285714285715,66.0,0.01,0.0,0.0,0.0,0.0,0.0
2516,1972,41,,56.714285714285715,36.285714285714285,46.5,0.032857142857142856,0.0,0.0,2.0,0.0,0.0
2517,1973,3,,35.285714285714285,23.285714285714285,29.285714285714285,0.0,0.0,4.428571428571429,6.0,2.0,4.0
2518,1973,4,,35.142857142857146,16.857142857142858,26.0,0.04428571428571428,0.6571428571428571,6.142857142857143,7.0,3.0,5.0
2519,1973,9,,36.285714285714285,28.142857142857142,32.214285714285715,0.0014285714285714286,0.0,4.571428571428571,4.0,1.0,2.0
2520,1973,17,,56.142857142857146,35.0,45.57142857142857,0.002857142857142857,0.0,0.0,2.0,0.0,0.0
2521,1973,22,,77.71428571428571,52.857142857142854,65.28571428571429,0.032857142857142856,0.0,0.0,0.0,0.0,0.0
2522,1973,45,,35.714285714285715,17.0,26.357142857142858,0.0014285714285714286,0.0,0.0,7.0,3.0,6.0
2523,1973,49,,29.428571428571427,13.857142857142858,21.642857142857142,0.032857142857142856,0.7714285714285715,2.142857142857143,7.0,4.0,7.0
2524,1974,1,,11.375,-7.0,2.1875,0.0,0.0,6.875,8.0,6.0,8.0
2525,1974,6,,18.0,-4.857142857142857,6.571428571428571,0.051428571428571435,0.9285714285714286,14.571428571428571,7.0,7.0,7.0
2526,1974,18,,65.57142857142857,38.142857142857146,51.857142857142854,0.002857142857142857,0.0,0.0,0.0,0.0,0.0
2527,1974,25,,78.28571428571429,56.42857142857143,67.35714285714286,0.1242857142857143,0.0,0.0,0.0,0.0,0.0
2528,1974,27,,90.0,66.85714285714286,78.42857142857143,0.017142857142857144,0.0,0.0,0.0,0.0,0.0
2529,1974,35,,71.57142857142857,46.57142857142857,59.07142857142857,0.0,0.0,0.0,0.0,0.0,0.0
2530,1974,36,,69.0,46.142857142857146,57.57142857142857,0.01,0.0,0.0,0.0,0.0,0.0
2531,1974,37,,68.14285714285714,47.714285714285715,57.92857142857143,0.06857142857142857,0.0,0.0,0.0,0.0,0.0
2532,1974,46,,37.857142857142854,24.571428571428573,31.214285714285715,0.0,0.0,0.0,6.0,3.0,4.0
2533,1974,52,,29.285714285714285,16.142857142857142,22.714285714285715,0.0014285714285714286,0.028571428571428574,2.142857142857143,7.0,4.0,6.0
2534,1975,10,,26.571428571428573,10.0,18.285714285714285,0.004285714285714286,0.09999999999999999,12.714285714285714,7.0,5.0,7.0
2535,1975,12,,39.714285714285715,28.714285714285715,34.214285714285715,0.038571428571428576,0.38571428571428573,10.0,6.0,0.0,0.0
2536,1975,24,,68.71428571428571,56.42857142857143,62.57142857142857,0.4728571428571429,0.0,0.0,0.0,0.0,0.0
2537,1975,26,,85.71428571428571,67.14285714285714,76.42857142857143,0.14714285714285716,0.0,0.0,0.0,0.0,0.0
2538,1978,3,1978-12-02,13.285714285714286,-6.0,3.642857142857143,0.014285714285714287,0.2714285714285714,6.571428571428571,7.0,7.0,7.0
2539,1978,11,1978-12-02,35.42857142857143,22.428571428571427,28.928571428571427,0.0642857142857143,0.5285714285714286,6.0,6.0,1.0,5.0
2540,1978,17,1978-12-02,64.14285714285714,40.714285714285715,52.42857142857143,0.041428571428571426,0.0,0.0,0.0,0.0,0.0
2541,1978,26,1978-12-02,82.57142857142857,66.71428571428571,74.64285714285714,0.3457142857142857,0.0,0.0,0.0,0.0,0.0
2542,1978,35,1978-12-02,82.14285714285714,59.42857142857143,70.78571428571429,0.07285714285714286,0.0,0.0,0.0,0.0,0.0
2543,1978,39,1978-12-02,71.85714285714286,46.57142857142857,59.214285714285715,0.015714285714285715,0.0,0.0,0.0,0.0,0.0
2544,1978,43,1978-12-02,56.857142857142854,35.857142857142854,46.357142857142854,0.0014285714285714286,0.0,0.0,2.0,0.0,0.0
2545,1979,4,1979-12-13,19.428571428571427,5.142857142857143,12.285714285714286,0.07428571428571429,1.0428571428571427,19.285714285714285,7.0,7.0,7.0
2546,1979,30,1979-12-13,83.57142857142857,64.14285714285714,73.85714285714286,0.032857142857142856,0.0,0.0,0.0,0.0,0.0
2547,1979,44,1979-12-13,52.285714285714285,36.42857142857143,44.357142857142854,0.11571428571428573,0.04285714285714286,0.0,3.0,0.0,0.0
2548,1979,52,1979-12-13,30.857142857142858,24.428571428571427,27.642857142857142,0.0,0.0,0.0,7.0,4.0,7.0
2549,1980,10,1980-12-09,28.142857142857142,7.0,17.571428571428573,0.025714285714285714,0.5428571428571428,2.5714285714285716,7.0,4.0,7.0
2550,1980,28,1980-12-09,93.57142857142857,67.57142857142857,80.57142857142857,0.04285714285714286,0.0,0.0,0.0,0.0,0.0
2551,1980,38,1980-12-09,66.28571428571429,47.285714285714285,56.785714285714285,0.17857142857142858,0.0,0.0,0.0,0.0,0.0
2552,1980,40,1980-12-09,59.857142857142854,41.857142857142854,50.857142857142854,0.002857142857142857,0.0,0.0,0.0,0.0,0.0
2553,1980,41,1980-12-09,65.57142857142857,40.57142857142857,53.07142857142857,0.0,0.0,0.0,1.0,0.0,0.0
2554,1980,44,1980-12-09,48.142857142857146,27.714285714285715,37.92857142857143,0.0,0.0,0.0,4.0,0.0,1.0
2555,1975,45,,64.28571428571429,39.857142857142854,52.07142857142857,0.16428571428571428,0.2857142857142857,0.0,0.0,0.0,0.0
2556,1975,52,,26.0,20.428571428571427,23.214285714285715,0.0,0.0,3.0,7.0,7.0,7.0
2557,1976,2,,13.857142857142858,-6.571428571428571,3.642857142857143,0.03571428571428571,0.6428571428571429,7.571428571428571,7.0,5.0,7.0
2558,1976,20,,71.71428571428571,48.142857142857146,59.92857142857143,0.052857142857142866,0.0,0.0,0.0,0.0,0.0
2559,1976,36,,80.85714285714286,55.857142857142854,68.35714285714286,0.03428571428571429,0.0,0.0,0.0,0.0,0.0
2560,1976,40,,74.57142857142857,44.142857142857146,59.357142857142854,0.0014285714285714286,0.0,0.0,0.0,0.0,0.0
2561,1976,43,,42.142857142857146,29.285714285714285,35.714285714285715,0.037142857142857144,0.32857142857142857,0.0,4.0,0.0,0.0
2562,1976,45,,46.142857142857146,28.285714285714285,37.214285714285715,0.0,0.0,0.0,5.0,0.0,2.0
2563,1976,49,,18.142857142857142,-0.2857142857142857,8.928571428571429,0.038571428571428576,0.6285714285714287,0.8571428571428571,7.0,7.0,7.0
2564,1976,51,,38.57142857142857,19.142857142857142,28.857142857142858,0.004285714285714286,0.04285714285714286,1.0,7.0,1.0,3.0
2565,1976,53,,7.2,-9.8,-1.3,0.008,0.13999999999999999,2.0,5.0,5.0,5.0
2566,1977,4,,13.714285714285714,-2.5714285714285716,5.571428571428571,0.009999999999999998,0.09999999999999999,9.0,7.0,7.0,7.0
2567,1977,9,,32.0,17.714285714285715,24.857142857142858,0.12142857142857143,1.5714285714285714,4.571428571428571,7.0,3.0,7.0
2568,1977,15,,71.71428571428571,52.142857142857146,61.92857142857143,0.09714285714285716,0.0,0.0,0.0,0.0,0.0
2569,1977,18,,70.71428571428571,44.857142857142854,57.785714285714285,0.055714285714285716,0.0,0.0,0.0,0.0,0.0
2570,1977,20,,79.71428571428571,59.285714285714285,69.5,0.14285714285714285,0.0,0.0,0.0,0.0,0.0
2571,1977,28,,87.28571428571429,64.28571428571429,75.78571428571429,0.014285714285714287,0.0,0.0,0.0,0.0,0.0
2572,1977,33,,73.28571428571429,51.285714285714285,62.285714285714285,0.07571428571428572,0.0,0.0,0.0,0.0,0.0
2573,1977,34,,77.0,58.285714285714285,67.64285714285714,0.10714285714285714,0.0,0.0,0.0,0.0,0.0
2574,1977,36,,74.14285714285714,55.0,64.57142857142857,0.10857142857142857,0.0,0.0,0.0,0.0,0.0
2575,1977,43,,59.714285714285715,41.42857142857143,50.57142857142857,0.0071428571428571435,0.0,0.0,0.0,0.0,0.0
2576,1977,47,,18.714285714285715,2.0,10.357142857142858,0.09428571428571429,1.457142857142857,2.857142857142857,7.0,7.0,7.0
2577,1981,23,1981-12-15,80.71428571428571,56.285714285714285,68.5,0.042857142857142864,0.0,0.0,0.0,0.0,0.0
2578,1981,24,1981-12-15,78.28571428571429,59.0,68.64285714285714,0.4314285714285714,0.0,0.0,0.0,0.0,0.0
2579,1981,25,1981-12-15,71.85714285714286,54.285714285714285,63.07142857142857,0.058571428571428566,0.0,0.0,0.0,0.0,0.0
2580,1981,27,1981-12-15,81.57142857142857,60.857142857142854,71.21428571428571,0.0,0.0,0.0,0.0,0.0,0.0
2581,1981,41,1981-12-15,59.0,41.142857142857146,50.07142857142857,0.06571428571428571,0.0,0.0,1.0,0.0,0.0
2582,1981,48,1981-12-15,34.285714285714285,27.142857142857142,30.714285714285715,0.045714285714285714,0.17142857142857143,4.428571428571429,7.0,0.0,5.0
2583,1981,52,1981-12-15,26.857142857142858,12.571428571428571,19.714285714285715,0.02428571428571429,0.2285714285714286,4.285714285714286,7.0,6.0,7.0
2584,1982,6,1982-12-11,15.285714285714286,-0.5714285714285714,7.357142857142857,0.0,0.0,17.0,7.0,6.0,7.0
2585,1982,24,1982-12-11,73.0,52.857142857142854,62.92857142857143,0.07857142857142858,0.0,0.0,0.0,0.0,0.0
2586,1982,25,1982-12-11,79.14285714285714,55.42857142857143,67.28571428571429,0.09571428571428572,0.0,0.0,0.0,0.0,0.0
2587,1982,33,1982-12-11,87.57142857142857,63.42857142857143,75.5,0.12571428571428572,0.0,0.0,0.0,0.0,0.0
2588,1982,40,1982-12-11,64.14285714285714,46.0,55.07142857142857,0.11571428571428573,0.0,0.0,0.0,0.0,0.0
2589,1982,52,1982-12-11,24.4,8.2,16.3,0.304,3.3,12.2,5.0,5.0,5.0
2590,1983,25,1983-12-02,86.14285714285714,66.14285714285714,76.14285714285714,0.2057142857142857,0.0,0.0,0.0,0.0,0.0
2591,1983,30,1983-12-02,86.42857142857143,67.71428571428571,77.07142857142857,0.03,0.0,0.0,0.0,0.0,0.0
2592,1983,43,1983-12-02,57.285714285714285,34.285714285714285,45.785714285714285,0.0014285714285714286,0.0,0.0,2.0,0.0,0.0
2593,1984,13,1984-12-06,45.142857142857146,26.714285714285715,35.92857142857143,0.002857142857142857,0.028571428571428574,0.0,7.0,0.0,1.0
2594,1984,16,1984-12-06,58.857142857142854,39.285714285714285,49.07142857142857,0.0,0.0,0.0,0.0,0.0,0.0
2595,1984,18,1984-12-06,57.0,39.857142857142854,48.42857142857143,0.10714285714285714,0.4428571428571429,0.8571428571428571,1.0,0.0,0.0
2596,1984,19,1984-12-06,60.714285714285715,42.42857142857143,51.57142857142857,0.13428571428571429,0.0,0.0,0.0,0.0,0.0
2597,1984,21,1984-12-06,68.14285714285714,50.857142857142854,59.5,0.038571428571428576,0.0,0.0,0.0,0.0,0.0
2598,1984,22,1984-12-06,76.42857142857143,49.57142857142857,63.0,0.018571428571428572,0.0,0.0,0.0,0.0,0.0
2599,1984,27,1984-12-06,80.57142857142857,60.714285714285715,70.64285714285714,0.008571428571428572,0.0,0.0,0.0,0.0,0.0
2600,1984,28,1984-12-06,84.57142857142857,63.0,73.78571428571429,0.20142857142857143,0.0,0.0,0.0,0.0,0.0
2601,1984,36,1984-12-06,70.0,51.42857142857143,60.714285714285715,0.06999999999999999,0.0,0.0,0.0,0.0,0.0
2602,1984,39,1984-12-06,54.57142857142857,35.285714285714285,44.92857142857143,0.08857142857142859,0.0,0.0,2.0,0.0,0.0
2603,1985,7,1985-11-27,23.714285714285715,5.142857142857143,14.428571428571429,0.0,0.0,8.0,7.0,5.0,7.0
2604,1985,33,1985-11-27,75.57142857142857,58.57142857142857,67.07142857142857,0.39428571428571424,0.0,0.0,0.0,0.0,0.0
2605,1985,37,1985-11-27,67.85714285714286,50.857142857142854,59.357142857142854,0.022857142857142857,0.0,0.0,0.0,0.0,0.0
2606,1985,38,1985-11-27,71.28571428571429,54.714285714285715,63.0,0.13571428571428573,0.0,0.0,0.0,0.0,0.0
2607,1985,42,1985-11-27,58.142857142857146,34.57142857142857,46.357142857142854,0.027142857142857142,0.0,0.0,1.0,0.0,0.0
2608,1985,49,1985-11-27,18.857142857142858,0.0,9.428571428571429,0.005714285714285714,0.08571428571428572,15.428571428571429,7.0,7.0,7.0
2609,1986,19,1986-12-05,66.28571428571429,51.142857142857146,58.714285714285715,0.3142857142857142,0.0,0.0,0.0,0.0,0.0
2610,1986,20,1986-12-05,67.85714285714286,49.0,58.42857142857143,0.06857142857142857,0.0,0.0,0.0,0.0,0.0
2611,1986,22,1986-12-05,81.42857142857143,57.285714285714285,69.35714285714286,0.0014285714285714286,0.0,0.0,0.0,0.0,0.0
2612,1986,30,1986-12-05,83.28571428571429,65.71428571428571,74.5,0.13142857142857142,0.0,0.0,0.0,0.0,0.0
2613,1986,31,1986-12-05,80.28571428571429,61.57142857142857,70.92857142857143,0.07285714285714286,0.0,0.0,0.0,0.0,0.0
2614,1986,49,1986-12-05,31.428571428571427,19.857142857142858,25.642857142857142,0.022857142857142857,0.3285714285714286,0.8571428571428571,7.0,2.0,5.0
2615,1987,11,1987-12-17,37.57142857142857,24.857142857142858,31.214285714285715,0.038571428571428576,0.05714285714285715,0.0,6.0,2.0,3.0
2616,1987,12,1987-12-17,51.714285714285715,34.142857142857146,42.92857142857143,0.004285714285714286,0.0,0.0,2.0,0.0,0.0
2617,1987,18,1987-12-17,66.71428571428571,45.0,55.857142857142854,0.05142857142857143,0.0,0.0,0.0,0.0,0.0
2618,1987,26,1987-12-17,83.14285714285714,59.857142857142854,71.5,0.12142857142857143,0.0,0.0,0.0,0.0,0.0
2619,1987,44,1987-12-17,52.714285714285715,36.142857142857146,44.42857142857143,0.0014285714285714286,0.0,0.0,1.0,0.0,0.0
2620,1987,48,1987-12-17,36.0,27.0,31.5,0.20714285714285716,0.41428571428571426,0.0,7.0,0.0,3.0
2621,1987,51,1987-12-17,27.714285714285715,15.142857142857142,21.428571428571427,0.025714285714285717,0.3,1.0,7.0,6.0,7.0
2622,1987,52,1987-12-17,30.571428571428573,12.857142857142858,21.714285714285715,0.03571428571428571,0.48571428571428577,3.142857142857143,7.0,3.0,7.0
2623,1988,6,1988-12-01,12.0,-5.428571428571429,3.2857142857142856,0.030000000000000002,0.4714285714285715,8.857142857142858,7.0,7.0,7.0
2624,1988,9,1988-12-01,41.57142857142857,22.0,31.785714285714285,0.0,0.0,0.0,6.0,0.0,3.0
2625,1988,11,1988-12-01,33.0,21.0,27.0,0.004285714285714286,0.05714285714285715,0.8571428571428571,7.0,3.0,6.0
2626,1988,13,1988-12-01,50.285714285714285,32.57142857142857,41.42857142857143,0.06999999999999999,0.0,0.0,3.0,0.0,0.0
2627,1988,21,1988-12-01,83.28571428571429,57.57142857142857,70.42857142857143,0.022857142857142857,0.0,0.0,0.0,0.0,0.0
2628,1988,31,1988-12-01,92.14285714285714,68.85714285714286,80.5,0.46,0.0,0.0,0.0,0.0,0.0
2629,1988,33,1988-12-01,86.28571428571429,67.0,76.64285714285714,0.008571428571428572,0.0,0.0,0.0,0.0,0.0
2630,1988,38,1988-12-01,67.71428571428571,47.857142857142854,57.785714285714285,0.21285714285714286,0.0,0.0,0.0,0.0,0.0
2631,1988,48,1988-12-01,32.0,14.857142857142858,23.428571428571427,0.0014285714285714286,0.014285714285714287,1.7142857142857142,7.0,3.0,6.0
2632,1989,9,1989-12-03,15.714285714285714,2.857142857142857,9.285714285714286,0.11714285714285713,1.9571428571428573,7.0,7.0,7.0,7.0
2633,1989,23,1989-12-03,77.85714285714286,53.142857142857146,65.5,0.032857142857142856,0.0,0.0,0.0,0.0,0.0
2634,1989,30,1989-12-03,83.42857142857143,66.57142857142857,75.0,0.15857142857142859,0.0,0.0,0.0,0.0,0.0
2635,1989,33,1989-12-03,77.0,59.142857142857146,68.07142857142857,0.02,0.0,0.0,0.0,0.0,0.0
2636,1989,46,1989-12-03,34.142857142857146,16.285714285714285,25.214285714285715,0.03428571428571429,0.37142857142857144,0.5714285714285714,7.0,3.0,4.0
2637,1990,3,1990-12-18,35.714285714285715,19.714285714285715,27.714285714285715,0.0,0.0,0.0,7.0,1.0,7.0
2638,1990,10,1990-12-18,37.857142857142854,27.571428571428573,32.714285714285715,0.31142857142857144,0.24285714285714285,0.14285714285714285,5.0,0.0,3.0
2639,1990,16,1990-12-18,63.42857142857143,39.57142857142857,51.5,0.02,0.19999999999999998,0.0,3.0,0.0,0.0
2640,1990,21,1990-12-18,68.57142857142857,51.285714285714285,59.92857142857143,0.10571428571428572,0.0,0.0,0.0,0.0,0.0
2641,1990,36,1990-12-18,83.14285714285714,64.71428571428571,73.92857142857143,0.10142857142857142,0.0,0.0,0.0,0.0,0.0
2642,1990,39,1990-12-18,72.14285714285714,45.57142857142857,58.857142857142854,0.004285714285714286,0.0,0.0,0.0,0.0,0.0
2643,1990,50,1990-12-18,34.142857142857146,21.142857142857142,27.642857142857142,0.049999999999999996,0.6285714285714284,1.0,7.0,1.0,5.0
2644,1991,2,1991-11-25,22.142857142857142,7.857142857142857,15.0,0.03428571428571429,0.4,5.428571428571429,7.0,6.0,7.0
2645,1991,5,1991-11-25,28.857142857142858,6.142857142857143,17.5,0.008571428571428572,0.09999999999999999,7.285714285714286,6.0,4.0,6.0
2646,1991,18,1991-11-25,52.42857142857143,40.57142857142857,46.5,0.5514285714285715,0.04285714285714286,0.0,0.0,0.0,0.0
2647,1991,40,1991-11-25,60.714285714285715,39.57142857142857,50.142857142857146,0.04428571428571428,0.0,0.0,0.0,0.0,0.0
2648,1991,48,1991-11-25,26.571428571428573,7.571428571428571,17.071428571428573,0.2414285714285714,2.257142857142857,8.571428571428571,7.0,6.0,7.0
2649,1991,50,1991-11-25,31.0,13.142857142857142,22.071428571428573,0.07571428571428572,0.11428571428571428,13.0,7.0,2.0,7.0
2650,1991,51,1991-11-25,30.142857142857142,10.571428571428571,20.357142857142858,0.0071428571428571435,0.0,11.0,7.0,4.0,7.0
2651,1992,13,1992-12-18,46.857142857142854,27.142857142857142,37.0,0.021428571428571432,0.014285714285714287,0.0,6.0,0.0,1.0
2652,1992,24,1992-12-18,83.57142857142857,60.285714285714285,71.92857142857143,0.11428571428571428,0.0,0.0,0.0,0.0,0.0
2653,1992,36,1992-12-18,72.42857142857143,54.0,63.214285714285715,0.21285714285714288,0.0,0.0,0.0,0.0,0.0
2654,1992,37,1992-12-18,69.85714285714286,50.857142857142854,60.357142857142854,0.017142857142857144,0.0,0.0,0.0,0.0,0.0
2655,1992,47,1992-12-18,37.0,30.857142857142858,33.92857142857143,0.06142857142857144,0.32857142857142857,0.2857142857142857,4.0,0.0,1.0
2656,1993,10,1993-12-11,26.142857142857142,10.571428571428571,18.357142857142858,0.06142857142857144,0.6428571428571429,2.4285714285714284,6.0,4.0,6.0
2657,1993,24,1993-12-11,67.57142857142857,55.857142857142854,61.714285714285715,0.48142857142857143,0.0,0.0,0.0,0.0,0.0
2658,1993,45,1993-12-11,39.142857142857146,26.857142857142858,33.0,0.08428571428571428,0.028571428571428574,0.0,6.0,1.0,2.0
2659,1993,50,1993-12-11,38.0,30.714285714285715,34.357142857142854,0.044285714285714296,0.12857142857142856,0.0,3.0,0.0,1.0
2660,1994,10,1994-12-11,37.42857142857143,19.857142857142858,28.642857142857142,0.0,0.014285714285714287,0.0,7.0,1.0,5.0
2661,1994,15,1994-12-11,61.42857142857143,38.285714285714285,49.857142857142854,0.14285714285714285,0.0,0.0,1.0,0.0,0.0
2662,1994,18,1994-12-11,62.714285714285715,39.0,50.857142857142854,0.002857142857142857,0.0,0.0,0.0,0.0,0.0
2663,1994,22,1994-12-11,77.85714285714286,53.42857142857143,65.64285714285714,0.19999999999999998,0.0,0.0,0.0,0.0,0.0
2664,1994,31,1994-12-11,80.14285714285714,58.57142857142857,69.35714285714286,0.0,0.0,0.0,0.0,0.0,0.0
2665,1994,39,1994-12-11,61.42857142857143,46.285714285714285,53.857142857142854,0.07571428571428572,0.0,0.0,0.0,0.0,0.0
2666,1994,43,1994-12-11,55.42857142857143,37.42857142857143,46.42857142857143,0.0,0.0,0.0,1.0,0.0,0.0
2667,1994,47,1994-12-11,39.857142857142854,22.857142857142858,31.357142857142858,0.1357142857142857,0.6857142857142857,0.0,7.0,0.0,4.0
2668,1995,4,1995-11-28,28.285714285714285,10.571428571428571,19.428571428571427,0.0,0.0,0.14285714285714285,7.0,5.0,7.0
2669,1995,29,1995-11-28,82.14285714285714,61.42857142857143,71.78571428571429,0.012857142857142857,0.0,0.0,0.0,0.0,0.0
2670,1995,36,1995-11-28,76.14285714285714,52.42857142857143,64.28571428571429,0.018571428571428572,0.0,0.0,0.0,0.0,0.0
2671,1995,51,1995-11-28,27.857142857142858,16.857142857142858,22.357142857142858,0.002857142857142857,0.028571428571428574,5.142857142857143,7.0,5.0,7.0
2672,1996,2,1996-11-25,32.285714285714285,16.0,24.142857142857142,0.04428571428571428,0.7142857142857143,7.285714285714286,7.0,4.0,6.0
2673,1996,16,1996-11-25,59.57142857142857,35.142857142857146,47.357142857142854,0.054285714285714284,0.07142857142857142,0.2857142857142857,1.0,0.0,0.0
2674,1996,18,1996-11-25,56.714285714285715,36.57142857142857,46.642857142857146,0.12000000000000001,0.0,0.0,1.0,0.0,0.0
2675,1996,23,1996-11-25,71.14285714285714,46.285714285714285,58.714285714285715,0.10428571428571429,0.0,0.0,0.0,0.0,0.0
2676,1996,41,1996-11-25,62.57142857142857,37.142857142857146,49.857142857142854,0.002857142857142857,0.0,0.0,2.0,0.0,0.0
2677,1996,42,1996-11-25,64.28571428571429,41.714285714285715,53.0,0.20428571428571432,0.0,0.0,0.0,0.0,0.0
2678,1996,47,1996-11-25,25.285714285714285,14.285714285714286,19.785714285714285,0.16142857142857145,1.885714285714286,4.142857142857143,7.0,7.0,7.0
2679,1997,1,1997-12-26,29.125,15.75,22.4375,0.11374999999999999,0.575,9.125,7.0,5.0,6.0
2680,1997,2,1997-12-26,13.571428571428571,-1.5714285714285714,6.0,0.02428571428571429,0.2285714285714286,15.571428571428571,7.0,7.0,7.0
2681,1997,14,1997-12-26,60.285714285714285,35.0,47.642857142857146,0.09142857142857143,0.028571428571428574,,3.0,0.0,0.0
2682,1997,15,1997-12-26,38.714285714285715,19.285714285714285,29.0,0.005714285714285714,0.05714285714285715,,7.0,2.0,5.0
2683,1997,30,1997-12-26,80.57142857142857,68.28571428571429,74.42857142857143,0.5028571428571428,0.0,0.0,0.0,0.0,0.0
2684,1997,31,1997-12-26,81.85714285714286,61.57142857142857,71.71428571428571,0.06857142857142857,0.0,0.0,0.0,0.0,0.0
2685,1997,40,1997-12-26,74.57142857142857,50.285714285714285,62.42857142857143,0.004285714285714286,0.0,0.0,0.0,0.0,0.0
2686,1997,41,1997-12-26,73.85714285714286,53.142857142857146,63.5,0.22285714285714286,0.0,0.0,0.0,0.0,0.0
2687,1997,42,1997-12-26,59.57142857142857,36.857142857142854,48.214285714285715,0.014285714285714285,0.0,0.0,0.0,0.0,0.0
2688,1998,1,1998-12-25,37.75,17.75,27.75,0.0375,0.225,0.25,4.0,1.0,3.0
2689,1998,5,1998-12-25,30.714285714285715,21.0,25.857142857142858,0.0,0.0,8.571428571428571,7.0,5.0,6.0
2690,1998,8,1998-12-25,42.714285714285715,33.857142857142854,38.285714285714285,0.0,0.0,0.8571428571428571,1.0,0.0,0.0
2691,1998,30,1998-12-25,80.57142857142857,60.142857142857146,70.35714285714286,0.0014285714285714286,0.0,0.0,0.0,0.0,0.0
2692,1998,37,1998-12-25,82.71428571428571,58.714285714285715,70.71428571428571,0.0,0.0,0.0,0.0,0.0,0.0
2693,1998,41,1998-12-25,63.42857142857143,44.42857142857143,53.92857142857143,0.017142857142857144,0.0,0.0,0.0,0.0,0.0
2694,1998,42,1998-12-25,58.142857142857146,42.0,50.07142857142857,0.21714285714285714,0.0,0.0,1.0,0.0,0.0
2695,1998,51,1998-12-25,33.857142857142854,18.0,25.928571428571427,0.025714285714285714,0.34285714285714286,0.14285714285714285,7.0,3.0,5.0
2696,1999,9,1999-12-21,34.142857142857146,19.857142857142858,27.0,0.0,0.0,0.0,7.0,3.0,6.0
2697,1999,11,1999-12-21,46.857142857142854,27.285714285714285,37.07142857142857,0.0,0.0,1.1428571428571428,6.0,0.0,0.0
2698,1999,33,1999-12-21,76.85714285714286,62.285714285714285,69.57142857142857,0.1742857142857143,0.0,0.0,0.0,0.0,0.0
2699,1999,45,1999-12-21,60.0,39.42857142857143,49.714285714285715,0.004285714285714286,0.0,0.0,1.0,0.0,0.0
2700,1999,49,1999-12-21,39.714285714285715,24.857142857142858,32.285714285714285,0.0,0.0,0.0,7.0,0.0,3.0
2701,2000,52,2000-12-05,18.333333333333332,8.11111111111111,13.222222222222221,0.03666666666666666,1.1,9.444444444444445,9.0,7.0,8.0
2702,2000,5,2000-12-05,32.42857142857143,13.0,22.714285714285715,0.0071428571428571435,0.1142857142857143,6.571428571428571,7.0,3.0,7.0
2703,2000,6,2000-12-05,28.285714285714285,12.0,20.142857142857142,0.024285714285714282,0.5428571428571428,6.285714285714286,7.0,5.0,6.0
2704,2000,8,2000-12-05,48.285714285714285,34.857142857142854,41.57142857142857,0.09571428571428572,0.0,2.5714285714285716,3.0,0.0,1.0
2705,2000,12,2000-12-05,54.857142857142854,40.42857142857143,47.642857142857146,0.054285714285714284,0.0,0.0,0.0,0.0,0.0
2706,2000,15,2000-12-05,47.42857142857143,33.0,40.214285714285715,0.054285714285714284,0.18571428571428572,0.0,1.0,0.0,0.0
2707,2000,27,2000-12-05,82.0,66.14285714285714,74.07142857142857,0.5485714285714286,0.0,0.0,0.0,0.0,0.0
2708,2000,32,2000-12-05,85.28571428571429,66.14285714285714,75.71428571428571,0.18857142857142858,0.0,0.0,0.0,0.0,0.0
2709,2000,50,2000-12-05,9.0,-4.0,2.5,0.06142857142857144,1.4285714285714286,4.714285714285714,7.0,7.0,7.0
2710,2001,8,2002-01-02,23.428571428571427,5.714285714285714,14.571428571428571,0.1242857142857143,1.2714285714285711,15.857142857142858,7.0,5.0,7.0
2711,2001,20,2002-01-02,80.42857142857143,57.42857142857143,68.92857142857143,0.1385714285714286,0.0,0.0,0.0,0.0,0.0
2712,2001,21,2002-01-02,56.857142857142854,45.0,50.92857142857143,0.2914285714285714,0.0,0.0,0.0,0.0,0.0
2713,2001,22,2002-01-02,68.0,49.714285714285715,58.857142857142854,0.08857142857142856,0.0,0.0,0.0,0.0,0.0
2714,2001,26,2002-01-02,87.85714285714286,69.28571428571429,78.57142857142857,0.07285714285714286,0.0,0.0,0.0,0.0,0.0
2715,2001,38,2002-01-02,63.57142857142857,52.0,57.785714285714285,0.29857142857142854,0.0,0.0,0.0,0.0,0.0
2716,2001,42,2002-01-02,56.285714285714285,36.42857142857143,46.357142857142854,0.014285714285714287,0.0,0.0,1.0,0.0,0.0
2717,2001,45,2002-01-02,60.0,38.857142857142854,49.42857142857143,0.0014285714285714286,0.0,0.0,0.0,0.0,0.0
2718,2002,19,2002-12-03,53.142857142857146,40.857142857142854,47.0,0.24714285714285714,0.0,0.0,0.0,0.0,0.0
2719,2002,37,2002-12-03,76.28571428571429,58.857142857142854,67.57142857142857,0.04142857142857143,0.0,0.0,0.0,0.0,0.0
2720,2002,39,2002-12-03,59.57142857142857,44.0,51.785714285714285,0.15857142857142859,0.0,0.0,0.0,0.0,0.0
2721,2002,49,2002-12-03,27.285714285714285,9.285714285714286,18.285714285714285,0.002857142857142857,0.2857142857142857,0.42857142857142855,7.0,5.0,7.0
2722,2003,13,2003-12-12,47.714285714285715,32.0,39.857142857142854,0.08428571428571428,0.2714285714285714,0.14285714285714285,4.0,0.0,0.0
2723,2003,22,2003-12-12,75.42857142857143,51.857142857142854,63.642857142857146,0.03,0.0,0.0,0.0,0.0,0.0
2724,2003,30,2003-12-12,82.71428571428571,64.42857142857143,73.57142857142857,0.014285714285714287,0.0,0.0,0.0,0.0,0.0
2725,2003,33,2003-12-12,88.85714285714286,66.85714285714286,77.85714285714286,0.0,0.0,0.0,0.0,0.0,0.0
2726,2003,36,2003-12-12,82.85714285714286,58.42857142857143,70.64285714285714,0.0,0.0,0.0,0.0,0.0,0.0
2727,2003,37,2003-12-12,80.28571428571429,61.142857142857146,70.71428571428571,0.21,0.0,0.0,0.0,0.0,0.0
2728,2003,42,2003-12-12,63.0,41.0,52.0,0.0,0.0,0.0,0.0,0.0,0.0
2729,2003,47,2003-12-12,44.142857142857146,30.428571428571427,37.285714285714285,0.03571428571428571,0.9428571428571428,0.14285714285714285,3.0,0.0,2.0
2730,2004,1,2004-12-19,24.75,12.0,18.375,0.0,0.05,0.0,4.0,2.0,4.0
2731,2004,7,2004-12-19,21.0,6.714285714285714,13.857142857142858,0.005714285714285714,0.24285714285714288,11.0,7.0,7.0,7.0
2732,2004,13,2004-12-19,59.0,36.57142857142857,47.785714285714285,0.1357142857142857,0.0,0.0,2.0,0.0,1.0
2733,2004,17,2004-12-19,58.57142857142857,40.142857142857146,49.357142857142854,0.1457142857142857,0.0,0.0,0.0,0.0,0.0
2734,2004,22,2004-12-19,65.0,48.857142857142854,56.92857142857143,0.33428571428571424,0.0,0.0,0.0,0.0,0.0
2735,2004,31,2004-12-19,81.57142857142857,61.714285714285715,71.64285714285714,0.13142857142857142,0.0,0.0,0.0,0.0,0.0
2736,2004,40,2004-12-19,67.85714285714286,42.42857142857143,55.142857142857146,0.054285714285714284,0.0,0.0,0.0,0.0,0.0
2737,2004,44,2004-12-19,55.57142857142857,45.0,50.285714285714285,0.16142857142857142,0.0,0.0,0.0,0.0,0.0
2738,2004,53,2004-12-19,34.8,18.6,26.7,0.032,0.0,0.0,5.0,3.0,4.0
2739,2005,2,2005-12-07,14.571428571428571,0.0,7.285714285714286,0.012857142857142857,0.21428571428571427,0.8571428571428571,7.0,7.0,7.0
2740,2005,4,2005-12-07,32.857142857142854,18.0,25.428571428571427,0.0,0.0,4.857142857142857,7.0,3.0,6.0
2741,2005,10,2005-12-07,31.857142857142858,14.714285714285714,23.285714285714285,0.017142857142857144,0.17142857142857143,0.14285714285714285,7.0,4.0,6.0
2742,2005,27,2005-12-07,84.14285714285714,65.42857142857143,74.78571428571429,0.0,0.0,0.0,0.0,0.0,0.0
2743,2005,28,2005-12-07,94.14285714285714,73.85714285714286,84.0,0.03,0.0,0.0,0.0,0.0,0.0
2744,2005,38,2005-12-07,73.71428571428571,55.714285714285715,64.71428571428571,0.23571428571428574,0.0,0.0,0.0,0.0,0.0
2745,2006,52,2006-12-04,38.5,28.25,33.375,0.15625,0.4,0.625,5.0,0.0,3.0
2746,2006,6,2006-12-04,27.571428571428573,13.714285714285714,20.642857142857142,0.019999999999999997,0.2285714285714286,0.7142857142857143,7.0,6.0,7.0
2747,2006,19,2006-12-04,61.57142857142857,47.0,54.285714285714285,0.11571428571428573,0.0,0.0,0.0,0.0,0.0
2748,2006,23,2006-12-04,77.0,59.285714285714285,68.14285714285714,0.15,0.0,0.0,0.0,0.0,0.0
2749,2006,25,2006-12-04,79.71428571428571,62.142857142857146,70.92857142857143,0.06428571428571428,0.0,0.0,0.0,0.0,0.0
2750,2006,36,2006-12-04,73.14285714285714,56.0,64.57142857142857,0.004285714285714286,0.0,0.0,0.0,0.0,0.0
2751,2006,43,2006-12-04,49.857142857142854,30.714285714285715,40.285714285714285,0.0,0.0,0.0,4.0,0.0,0.0
2752,2007,1,2007-12-03,35.375,23.75,29.5625,0.0,0.0,2.25,7.0,1.0,4.0
2753,2007,8,2007-12-03,36.857142857142854,22.571428571428573,29.714285714285715,0.1457142857142857,1.257142857142857,1.5714285714285714,7.0,2.0,6.0
2754,2007,26,2007-12-03,83.0,63.0,73.0,0.04,0.0,0.0,0.0,0.0,0.0
2755,2007,32,2007-12-03,89.42857142857143,69.0,79.21428571428571,0.24714285714285714,0.0,0.0,0.0,0.0,0.0
2756,2007,34,2007-12-03,74.85714285714286,62.142857142857146,68.5,0.2,0.0,0.0,0.0,0.0,0.0
2757,2007,47,2007-12-03,38.0,25.571428571428573,31.785714285714285,0.002857142857142857,0.05714285714285715,0.0,7.0,1.0,3.0
2758,2008,2,2008-12-07,30.714285714285715,20.428571428571427,25.571428571428573,0.0071428571428571435,0.12857142857142856,4.714285714285714,7.0,4.0,5.0
2759,2008,31,2008-12-07,86.71428571428571,67.28571428571429,77.0,0.018571428571428572,0.0,0.0,0.0,0.0,0.0
2760,2008,42,2008-12-07,58.0,40.42857142857143,49.214285714285715,0.0642857142857143,0.0,0.0,0.0,0.0,0.0
2761,2008,45,2008-12-07,54.42857142857143,40.42857142857143,47.42857142857143,0.09857142857142856,0.15714285714285717,0.0,2.0,1.0,1.0
2762,2009,5,2009-12-15,21.857142857142858,3.4285714285714284,12.642857142857142,0.004285714285714286,0.07142857142857142,5.285714285714286,7.0,5.0,6.0
2763,2009,16,2009-12-15,64.42857142857143,43.857142857142854,54.142857142857146,0.008571428571428572,0.0,0.0,0.0,0.0,0.0
2764,2009,17,2009-12-15,63.857142857142854,41.714285714285715,52.785714285714285,0.1242857142857143,0.0,0.0,0.0,0.0,0.0
2765,2009,22,2009-12-15,73.85714285714286,52.142857142857146,63.0,0.004285714285714286,0.0,0.0,0.0,0.0,0.0
2766,2009,30,2009-12-15,82.0,61.285714285714285,71.64285714285714,0.18000000000000002,0.0,0.0,0.0,0.0,0.0
2767,2009,31,2009-12-15,78.85714285714286,59.285714285714285,69.07142857142857,0.15285714285714286,0.0,0.0,0.0,0.0,0.0
2768,2009,33,2009-12-15,83.85714285714286,67.0,75.42857142857143,0.03571428571428571,0.0,0.0,0.0,0.0,0.0
2769,2009,41,2009-12-15,48.857142857142854,34.714285714285715,41.785714285714285,0.23714285714285713,0.04285714285714286,0.0,3.0,0.0,0.0
2770,2010,2,2010-12-03,28.571428571428573,13.0,20.785714285714285,0.0,0.0,10.0,7.0,5.0,7.0
2771,2010,23,2010-12-03,69.85714285714286,57.857142857142854,63.857142857142854,0.2557142857142857,0.0,0.0,0.0,0.0,0.0
2772,2010,35,2010-12-03,75.85714285714286,59.0,67.42857142857143,0.1557142857142857,0.0,0.0,0.0,0.0,0.0
2773,2010,43,2010-12-03,51.714285714285715,36.0,43.857142857142854,0.15571428571428572,0.0,0.0,3.0,0.0,0.0
2774,2010,44,2010-12-03,53.285714285714285,33.714285714285715,43.5,0.0,0.0,0.0,3.0,0.0,0.0
2775,2011,5,2011-12-16,22.428571428571427,8.571428571428571,15.5,0.038571428571428576,0.6714285714285715,12.714285714285714,14.0,12.0,14.0
2776,2011,6,2011-12-16,23.428571428571427,1.8571428571428572,12.642857142857142,0.0014285714285714286,0.028571428571428574,11.142857142857142,14.0,8.0,12.0
2777,2011,8,2011-12-16,23.571428571428573,8.857142857142858,16.214285714285715,0.03285714285714286,0.5142857142857142,12.428571428571429,14.0,12.0,14.0
2778,2011,19,2011-12-16,67.57142857142857,50.857142857142854,59.214285714285715,0.0842857142857143,0.0,0.0,0.0,0.0,0.0
2779,2011,26,2011-12-16,86.71428571428571,65.0,75.85714285714286,0.02,0.0,0.0,0.0,0.0,0.0
2780,2011,28,2011-12-16,82.0,68.57142857142857,75.28571428571429,0.4357142857142858,0.0,0.0,0.0,0.0,0.0
2781,2011,35,2011-12-16,80.71428571428571,63.285714285714285,72.0,0.005714285714285714,0.0,0.0,0.0,0.0,0.0
2782,2011,42,2011-12-16,55.57142857142857,38.714285714285715,47.142857142857146,0.0014285714285714286,0.0,0.0,0.0,0.0,0.0
2783,2011,45,2011-12-16,49.857142857142854,33.57142857142857,41.714285714285715,0.0,0.0,0.0,6.0,0.0,0.0
2784,2012,2,2012-12-22,32.42857142857143,16.285714285714285,24.357142857142858,0.0071428571428571435,0.1285714285714286,0.14285714285714285,6.0,3.0,5.0
2785,2012,15,2012-12-22,58.57142857142857,37.0,47.785714285714285,0.18,0.0,0.0,3.0,0.0,0.0
2786,2012,18,2012-12-22,70.85714285714286,53.142857142857146,62.0,0.6042857142857143,0.0,0.0,0.0,0.0,0.0
2787,2012,21,2012-12-22,76.85714285714286,57.142857142857146,67.0,0.6228571428571429,0.0,0.0,0.0,0.0,0.0
2788,2012,26,2012-12-22,88.0,66.71428571428571,77.35714285714286,0.0,0.0,0.0,0.0,0.0,0.0
2789,2012,38,2012-12-22,64.42857142857143,43.857142857142854,54.142857142857146,0.027142857142857142,0.0,0.0,0.0,0.0,0.0
2790,2012,48,2012-12-22,37.42857142857143,24.0,30.714285714285715,0.0,0.0,0.0,6.0,1.0,4.0
2791,2012,51,2012-12-22,26.142857142857142,15.857142857142858,21.0,0.005714285714285714,0.09999999999999999,1.0,7.0,6.0,7.0
2792,2013,7,2013-11-29,30.142857142857142,12.428571428571429,21.285714285714285,0.025714285714285714,0.24285714285714288,6.571428571428571,7.0,2.0,7.0
2793,2013,10,2013-11-29,33.142857142857146,22.285714285714285,27.714285714285715,0.1957142857142857,1.3285714285714287,9.285714285714286,6.0,4.0,5.0
2794,2013,19,2013-11-29,67.85714285714286,44.714285714285715,56.285714285714285,0.03142857142857143,0.0,0.0,0.0,0.0,0.0
2795,2013,48,2013-11-29,33.57142857142857,18.142857142857142,25.857142857142858,0.0,0.0,0.0,7.0,3.0,5.0
2796,2014,2,2014-11-27,17.142857142857142,0.14285714285714285,8.642857142857142,0.0,0.0,6.0,7.0,5.0,7.0
2797,2014,3,2014-11-27,28.142857142857142,9.571428571428571,18.857142857142858,0.07428571428571429,1.4285714285714286,10.428571428571429,7.0,4.0,7.0
2798,2014,8,2014-11-27,28.0,11.571428571428571,19.785714285714285,0.17285714285714285,2.1142857142857143,19.142857142857142,7.0,4.0,7.0
2799,2014,21,2014-11-27,72.71428571428571,51.857142857142854,62.285714285714285,0.32142857142857145,0.0,0.0,0.0,0.0,0.0
2800,2014,42,2014-11-27,63.0,43.42857142857143,53.214285714285715,0.002857142857142857,0.0,0.0,0.0,0.0,0.0
2801,2014,52,2014-11-27,32.714285714285715,25.142857142857142,28.928571428571427,0.055714285714285716,0.6,1.1428571428571428,5.0,2.0,3.0
2802,2016,53,2016-12-15,30.0,16.333333333333332,23.166666666666668,0.0,0.0,4.0,3.0,3.0,3.0
2803,2016,19,2016-12-15,58.142857142857146,43.57142857142857,50.857142857142854,0.17857142857142855,0.0,0.0,0.0,0.0,0.0
2804,2016,21,2016-12-15,77.71428571428571,63.57142857142857,70.64285714285714,0.1642857142857143,0.0,0.0,0.0,0.0,0.0
2805,2016,32,2016-12-15,84.42857142857143,66.85714285714286,75.64285714285714,0.4242857142857143,0.0,0.0,0.0,0.0,0.0
2806,2016,37,2016-12-15,75.0,56.857142857142854,65.92857142857143,0.12999999999999998,0.0,0.0,0.0,0.0,0.0
2807,2016,46,2016-12-15,47.714285714285715,33.142857142857146,40.42857142857143,0.1142857142857143,0.04285714285714286,0.0,3.0,1.0,2.0
2808,2016,50,2016-12-15,9.142857142857142,-7.0,1.0714285714285714,0.0642857142857143,0.9000000000000001,6.428571428571429,7.0,7.0,7.0
2809,2017,5,2017-12-14,31.142857142857142,14.714285714285714,22.928571428571427,0.017142857142857144,0.12857142857142856,0.14285714285714285,7.0,3.0,6.0
2810,2017,10,2017-12-14,34.857142857142854,19.428571428571427,27.142857142857142,0.04714285714285714,0.4857142857142857,0.0,6.0,4.0,5.0
2811,2017,13,2017-12-14,57.714285714285715,37.285714285714285,47.5,0.002857142857142857,0.0,0.0,1.0,0.0,0.0
2812,2017,26,2017-12-14,78.14285714285714,59.857142857142854,69.0,0.14714285714285716,0.0,0.0,0.0,0.0,0.0
2813,2017,28,2017-12-14,84.85714285714286,64.28571428571429,74.57142857142857,0.004285714285714286,0.0,0.0,0.0,0.0,0.0
2814,2017,31,2017-12-14,79.71428571428571,61.42857142857143,70.57142857142857,0.09571428571428571,0.0,0.0,0.0,0.0,0.0
2815,2017,32,2017-12-14,77.57142857142857,60.0,68.78571428571429,0.23857142857142857,0.0,0.0,0.0,0.0,0.0
2816,2017,45,2017-12-14,35.285714285714285,21.0,28.142857142857142,0.004285714285714286,0.014285714285714287,0.0,7.0,2.0,4.0
2817,2018,1,2018-11-28,13.75,-3.75,5.0,0.00125,0.037500000000000006,2.25,8.0,6.0,8.0
2818,2018,14,2018-11-28,32.0,14.571428571428571,23.285714285714285,0.11714285714285713,1.457142857142857,3.2857142857142856,7.0,3.0,7.0
2819,2018,35,2018-11-28,79.14285714285714,62.42857142857143,70.78571428571429,0.09285714285714285,0.0,0.0,0.0,0.0,0.0
2820,2018,37,2018-11-28,85.85714285714286,65.57142857142857,75.71428571428571,0.0,0.0,0.0,0.0,0.0,0.0
2821,2018,47,2018-11-28,35.42857142857143,23.571428571428573,29.5,0.047142857142857146,0.0,0.0,6.0,2.0,4.0
2822,2018,50,2018-11-28,34.42857142857143,20.857142857142858,27.642857142857142,0.0014285714285714286,0.0,3.857142857142857,7.0,3.0,6.0
2823,2019,9,2019-12-02,12.0,-2.4285714285714284,4.785714285714286,0.05857142857142857,1.1999999999999997,18.142857142857142,7.0,7.0,7.0
2824,2019,18,2019-12-02,57.57142857142857,41.57142857142857,49.57142857142857,0.06857142857142857,0.0,0.0,0.0,0.0,0.0
2825,2019,48,2019-12-02,34.57142857142857,27.714285714285715,31.142857142857142,0.1985714285714286,2.0285714285714285,4.714285714285714,6.0,1.0,4.0
2826,2019,49,2019-12-02,36.57142857142857,21.142857142857142,28.857142857142858,0.0,0.0,5.428571428571429,7.0,1.0,5.0
2827,2020,7,2020-12-24,24.428571428571427,4.857142857142857,14.642857142857142,0.0014285714285714286,0.028571428571428574,9.142857142857142,7.0,5.0,7.0
2828,2020,15,2020-12-24,54.57142857142857,35.42857142857143,45.0,0.09428571428571428,0.9428571428571428,0.0,3.0,0.0,0.0
2829,2020,16,2020-12-24,45.142857142857146,27.285714285714285,36.214285714285715,0.0071428571428571435,0.09999999999999999,1.0,5.0,1.0,3.0
2830,2015,5,,31.714285714285715,18.571428571428573,25.142857142857142,0.002857142857142857,0.07142857142857142,0.14285714285714285,7.0,4.0,5.0
2831,2015,9,,20.714285714285715,1.2857142857142858,11.0,0.004285714285714286,0.042857142857142864,0.5714285714285714,7.0,6.0,7.0
2832,2015,31,,84.14285714285714,66.71428571428571,75.42857142857143,0.1842857142857143,0.0,0.0,0.0,0.0,0.0
2833,2015,43,,62.57142857142857,44.857142857142854,53.714285714285715,0.16999999999999998,0.0,0.0,0.0,0.0,0.0
2834,2015,45,,60.57142857142857,42.714285714285715,51.642857142857146,0.0014285714285714286,0.0,0.0,0.0,0.0,0.0
2835,2020,29,2020-12-24,84.57142857142857,65.28571428571429,74.92857142857143,0.10714285714285714,0.0,0.0,0.0,0.0,0.0
2836,2020,30,2020-12-24,82.85714285714286,64.42857142857143,73.64285714285714,0.15,0.0,0.0,0.0,0.0,0.0
2837,2020,32,2020-12-24,80.42857142857143,62.142857142857146,71.28571428571429,0.07857142857142858,0.0,0.0,0.0,0.0,0.0
2838,2020,37,2020-12-24,60.285714285714285,46.42857142857143,53.357142857142854,0.06999999999999999,0.0,0.0,0.0,0.0,0.0
2839,2020,39,2020-12-24,77.42857142857143,58.0,67.71428571428571,0.02,0.0,0.0,0.0,0.0,0.0
2840,2020,41,2020-12-24,72.0,49.0,60.5,0.07428571428571429,0.0,0.0,0.0,0.0,0.0
2841,2020,48,2020-12-24,38.714285714285715,28.285714285714285,33.5,0.0014285714285714286,0.0,0.0,4.0,0.0,2.0
2842,2020,49,2020-12-24,38.285714285714285,21.571428571428573,29.928571428571427,0.0014285714285714286,0.028571428571428574,0.0,7.0,1.0,4.0
2843,2021,16,2021-12-08,48.285714285714285,33.857142857142854,41.07142857142857,0.012857142857142857,0.0,0.0,3.0,0.0,0.0
2844,2021,32,2021-12-08,84.42857142857143,65.14285714285714,74.78571428571429,0.0014285714285714286,0.0,0.0,0.0,0.0,0.0
2845,2021,40,2021-12-08,73.85714285714286,57.142857142857146,65.5,0.0,0.0,0.0,0.0,0.0,0.0
2846,2021,41,2021-12-08,63.42857142857143,46.714285714285715,55.07142857142857,0.002857142857142857,0.0,0.0,0.0,0.0,0.0
2847,2021,45,2021-12-08,45.285714285714285,33.57142857142857,39.42857142857143,0.11714285714285713,0.17142857142857143,0.14285714285714285,3.0,0.0,0.0
2848,2021,50,2021-12-08,36.714285714285715,19.142857142857142,27.928571428571427,0.054285714285714284,0.24285714285714285,3.5714285714285716,6.0,3.0,4.0
2849,2022,3,2022-12-08,19.857142857142858,0.42857142857142855,10.142857142857142,0.032857142857142856,0.6285714285714284,5.857142857142857,7.0,6.0,7.0
2850,2022,8,2022-12-08,21.571428571428573,4.142857142857143,12.857142857142858,0.07571428571428572,0.9428571428571428,5.714285714285714,7.0,5.0,7.0
2851,2022,14,2022-12-08,47.42857142857143,32.142857142857146,39.785714285714285,0.10285714285714287,0.05714285714285715,0.14285714285714285,3.0,0.0,0.0
2852,2022,18,2022-12-08,64.0,45.142857142857146,54.57142857142857,0.004285714285714286,0.0,0.0,0.0,0.0,0.0
2853,2022,20,2022-12-08,67.28571428571429,49.285714285714285,58.285714285714285,0.02,0.0,0.0,0.0,0.0,0.0
2854,2022,21,2022-12-08,71.57142857142857,51.0,61.285714285714285,0.09142857142857141,0.0,0.0,0.0,0.0,0.0
2855,2022,22,2022-12-08,74.85714285714286,56.142857142857146,65.5,0.07571428571428572,0.0,0.0,0.0,0.0,0.0
2856,2022,26,2022-12-08,86.42857142857143,64.42857142857143,75.42857142857143,0.021428571428571432,0.0,0.0,0.0,0.0,0.0
2857,2022,36,2022-12-08,79.57142857142857,60.42857142857143,70.0,0.015714285714285715,0.0,0.0,0.0,0.0,0.0
2858,2022,37,2022-12-08,79.57142857142857,59.714285714285715,69.64285714285714,0.005714285714285714,0.0,0.0,0.0,0.0,0.0
2859,2022,42,2022-12-08,59.42857142857143,36.142857142857146,47.785714285714285,0.0,0.0,0.0,3.0,0.0,0.0
2860,2023,11,2024-01-13,33.857142857142854,13.571428571428571,23.714285714285715,0.03,0.1285714285714286,7.714285714285714,7.0,4.0,6.0
2861,2023,12,2024-01-13,41.57142857142857,25.142857142857142,33.357142857142854,0.030000000000000002,0.0,2.2857142857142856,7.0,0.0,1.0
2862,2023,14,2024-01-13,48.714285714285715,32.285714285714285,40.5,0.009999999999999998,0.0,0.2857142857142857,3.0,0.0,2.0
2863,2023,22,2024-01-13,89.71428571428571,67.85714285714286,78.78571428571429,0.008571428571428572,0.0,0.0,0.0,0.0,0.0
2864,2023,26,2024-01-13,87.71428571428571,66.85714285714286,77.28571428571429,0.009999999999999998,0.0,0.0,0.0,0.0,0.0
2865,2023,29,2024-01-13,84.14285714285714,62.142857142857146,73.14285714285714,0.018571428571428572,0.0,0.0,0.0,0.0,0.0
2866,2023,51,2024-01-13,41.857142857142854,30.428571428571427,36.142857142857146,0.05142857142857143,0.0,0.0,4.0,1.0,2.0
2867,2024,7,,33.0,20.0,26.5,0.06,0.9857142857142858,3.4285714285714284,7.0,3.0,5.0
2868,2024,25,,76.0,60.142857142857146,68.07142857142857,0.3642857142857143,0.0,0.0,0.0,0.0,0.0
2869,2024,29,,80.85714285714286,65.28571428571429,73.07142857142857,0.12285714285714286,0.0,0.0,0.0,0.0,0.0
2870,2024,31,,86.28571428571429,68.0,77.14285714285714,0.2785714285714286,0.0,0.0,0.0,0.0,0.0
2871,2024,34,,80.14285714285714,64.0,72.07142857142857,0.021428571428571432,0.0,0.0,0.0,0.0,0.0
